post_title,post_name,post_parent,ID,post_content,post_excerpt,post_status,post_password,menu_order,post_date,post_author,comment_status,sku,parent_sku,children,downloadable,virtual,stock,regular_price,sale_price,weight,length,width,height,tax_class,stock_status,backorders,sold_individually,low_stock_amount,manage_stock,tax_status,upsell_ids,crosssell_ids,featured,purchase_note,sale_price_dates_from,sale_price_dates_to,download_limit,download_expiry,product_url,button_text,images,downloadable_files,product_page_url,tax:store,tax:product_brand,tax:product_type,tax:product_visibility,tax:product_cat,tax:product_tag,tax:product_shipping_class,tax:pos_product_visibility,meta:allow_best_price,meta:amazonS3_cache,meta:chosen_product_cat,meta:dokan_geo_address,meta:dokan_geo_latitude,meta:dokan_geo_longitude,meta:dokan_geo_public,meta:freight_class,meta:is_editor_choice,meta:om_disable_all_campaigns,meta:pageview,meta:post_wish_count,meta:rank_math_canonical_url,meta:rank_math_contentai_score,meta:rank_math_description,meta:rank_math_facebook_description,meta:rank_math_facebook_image,meta:rank_math_facebook_title,meta:rank_math_focus_keyword,meta:rank_math_internal_links_processed,meta:rank_math_lock_modified_date,meta:rank_math_og_content_image,meta:rank_math_primary_product_brand,meta:rank_math_primary_product_cat,meta:rank_math_primary_store,meta:rank_math_seo_score,meta:rank_math_title,meta:rank_math_twitter_description,meta:rank_math_twitter_image,meta:rank_math_twitter_title,meta:rank_math_twitter_use_facebook,meta:rehub_views,meta:rehub_views_day,meta:rehub_views_mon,meta:rehub_views_year,meta:shipperhq_dim_group,meta:shipperhq_hs_code,meta:shipperhq_shipping_group,meta:shipperhq_warehouse,meta:total_sales,meta:wc_booking_resource_label,meta:attribute_color,meta:attribute_pa_color,meta:attribute_pa_size,meta:attribute_size,"attribute:Auto Refill Option","attribute_data:Auto Refill Option","attribute_default:Auto Refill Option",attribute:Color:,attribute_data:Color:,attribute_default:Color:,attribute:Condition,attribute_data:Condition,attribute_default:Condition,"attribute:Diesel Fuel Model - Double","attribute_data:Diesel Fuel Model - Double","attribute_default:Diesel Fuel Model - Double","attribute:Diesel Fuel Model - Single","attribute_data:Diesel Fuel Model - Single","attribute_default:Diesel Fuel Model - Single","attribute:Dual Fuel - Gasoline & Diesel","attribute_data:Dual Fuel - Gasoline & Diesel","attribute_default:Dual Fuel - Gasoline & Diesel","attribute:Gasoline Model - Double","attribute_data:Gasoline Model - Double","attribute_default:Gasoline Model - Double","attribute:Gasoline Model - Single","attribute_data:Gasoline Model - Single","attribute_default:Gasoline Model - Single","attribute:Hazmat + Fee","attribute_data:Hazmat + Fee","attribute_default:Hazmat + Fee","attribute:Manual Refill Option","attribute_data:Manual Refill Option","attribute_default:Manual Refill Option",attribute:Size,attribute_data:Size,attribute_default:Size,attribute:Title,attribute_data:Title,attribute_default:Title,attribute:pa_bincolor,attribute_data:pa_bincolor,attribute_default:pa_bincolor,attribute:pa_cabinetcolor,attribute_data:pa_cabinetcolor,attribute_default:pa_cabinetcolor,attribute:pa_color,attribute_data:pa_color,attribute_default:pa_color,attribute:pa_diesel-hose-reels,attribute_data:pa_diesel-hose-reels,attribute_default:pa_diesel-hose-reels,attribute:pa_diesel-pumps,attribute_data:pa_diesel-pumps,attribute_default:pa_diesel-pumps,attribute:pa_gas-hose-reels,attribute_data:pa_gas-hose-reels,attribute_default:pa_gas-hose-reels,attribute:pa_gas-pumps,attribute_data:pa_gas-pumps,attribute_default:pa_gas-pumps,attribute:pa_quantity,attribute_data:pa_quantity,attribute_default:pa_quantity,attribute:pa_scent,attribute_data:pa_scent,attribute_default:pa_scent,attribute:pa_size,attribute_data:pa_size,attribute_default:pa_size,attribute:pa_solar-packages,attribute_data:pa_solar-packages,attribute_default:pa_solar-packages,attribute:pa_style,attribute_data:pa_style,attribute_default:pa_style
"12"" Limit Strap Kit - 105048",12-limit-strap-kit-105048,,63349,,,publish,,0,"2025-09-25 22:38:04",52,open,105048,,,no,no,,150.00,,,,,,,instock,no,no,,no,taxable,,,,,,,'-1,'-1,,,"https://fuel1direct.com/wp-content/uploads/2025/09/105048nobackground.png ! alt :  ! title :  ! desc :  ! caption : ",,https://fuel1direct.com/product/12-limit-strap-kit-105048/,,"S&B Filters",simple,,"Trucks: Lifts Kits, Wheel Packages & Customization > Suspension & Lift Kits - Trucks > Shocks & Struts - Truck",,,,,,[4674],"Florida, United States",28.944465,'-82.03363,1,,,,3,,,,,,,,,1,,,,,,,,,,,,2,1,1,2,,,,,0,,,,,,,,,,,,,,,,,,,,,,,,,,,,,,,,,,,,,,,,,,,,,,,,,,,,,,,,,,,,,,,,,,,,,,,,,,,,,
"2"" Shock Extensions - 105074",2-shock-extensions-105074,,63359,"S&B 2"" Front Shock Extensions


Fit all Superduty Trucks 2005 and newerÂ 


Overbuilt and ridiculously strong
Great solution to maintain factory ride quality with a 2-3"" Level or Lift Kit",,publish,,0,"2025-09-25 22:38:06",52,open,105074,,,no,no,,75.00,,,,,,,instock,no,no,,no,taxable,,,,,,,'-1,'-1,,,"https://fuel1direct.com/wp-content/uploads/2025/09/105074.png ! alt :  ! title :  ! desc :  ! caption : ",,https://fuel1direct.com/product/2-shock-extensions-105074/,,"S&B Filters",simple,,"Trucks: Lifts Kits, Wheel Packages & Customization > Suspension & Lift Kits - Trucks > Shocks & Struts - Truck",,,,,,[4674],"Florida, United States",28.944465,'-82.03363,1,,,,7,,,,,,,,,1,,,,,,,,,,,,8,1,1,3,,,,,0,,,,,,,,,,,,,,,,,,,,,,,,,,,,,,,,,,,,,,,,,,,,,,,,,,,,,,,,,,,,,,,,,,,,,,,,,,,,,
"Fox Performance Elite Reserovir Bracket - 105128",fox-performance-elite-reserovir-bracket-105128,,63374,"Set of brackets to mount Fox Performance Elite Shocks above your coil spring. Included in 106702 and 106703 S&B Performance Elite Shock Kits.",,publish,,0,"2025-09-25 22:38:12",52,open,105128,,,no,no,,39.00,,,,,,,instock,no,no,,no,taxable,,,,,,,'-1,'-1,,,"https://fuel1direct.com/wp-content/uploads/2025/09/105128.jpg ! alt :  ! title :  ! desc :  ! caption : ",,https://fuel1direct.com/product/fox-performance-elite-reserovir-bracket-105128/,,"S&B Filters",simple,,"Trucks: Lifts Kits, Wheel Packages & Customization > Suspension & Lift Kits - Trucks > Shocks & Struts - Truck",,,,,,[4674],"Florida, United States",28.944465,'-82.03363,1,,,,5,,,,,,,,,1,,,,,,,,,,,,7,1,1,1,,,,,0,,,,,,,,,,,,,,,,,,,,,,,,,,,,,,,,,,,,,,,,,,,,,,,,,,,,,,,,,,,,,,,,,,,,,,,,,,,,,
"Steady Valve Shocks for 2.5"" Lift Height Super Duty - 106700",steady-valve-shocks-for-2-5-lift-height-super-duty-106700,,63409,"Works on 2005 and newer Ford Super Duty 4x4 trucks.
1.5-3"" Front Lift Height and 0-1.5"" Rear Lift Height
Assembled exclusively for S&B with our Steady Valve specifications to work perfectly with our leveling and lift kits.Â 
2.5"" HTO Body with all aluminum construction protects against rust in climates where roads are salted.
We have spent decades perfecting the valve code for our suspension. These shocks deliver phenomenal on road ride quality while still performing well off-road.",,publish,,0,"2025-09-25 22:38:25",52,open,106700,,,no,no,,1499.00,,,,,,,instock,no,no,,no,taxable,,,,,,,'-1,'-1,,,"https://fuel1direct.com/wp-content/uploads/2025/09/106700.jpg ! alt :  ! title :  ! desc :  ! caption : ",,https://fuel1direct.com/product/steady-valve-shocks-for-2-5-lift-height-super-duty-106700/,,"S&B Filters",simple,,"Trucks: Lifts Kits, Wheel Packages & Customization > Suspension & Lift Kits - Trucks > Shocks & Struts - Truck",,,,,,[4674],"Florida, United States",28.944465,'-82.03363,1,,,,8,,,,,,,,,1,,,,,,,,,,,,9,1,1,1,,,,,0,,,,,,,,,,,,,,,,,,,,,,,,,,,,,,,,,,,,,,,,,,,,,,,,,,,,,,,,,,,,,,,,,,,,,,,,,,,,,
"Steady Valve Shocks for 4.5"" Lift Height Super Duty - 106701",steady-valve-shocks-for-4-5-lift-height-super-duty-106701,,63411,"Works on 2005 and newer Ford Super Duty 4x4 trucks.
3.5"" to 5.5"" Front and 1.5"" to 3"" Rear Lift Height
Assembled exclusively for S&B with our Steady Valve specifications to work perfectly with our leveling and lift kits.Â 


2.5"" HTO Body with all aluminum construction protects against rust in climates where roads are salted.
We have spent decades perfecting the valve code for our suspension. These shocks deliver phenomenal on road ride quality while still performing well off-road.",,publish,,0,"2025-09-25 22:38:25",52,open,106701,,,no,no,,1499.00,,,,,,,instock,no,no,,no,taxable,,,,,,,'-1,'-1,,,"https://fuel1direct.com/wp-content/uploads/2025/09/106700.jpg ! alt :  ! title :  ! desc :  ! caption : ",,https://fuel1direct.com/product/steady-valve-shocks-for-4-5-lift-height-super-duty-106701/,,"S&B Filters",simple,,"Trucks: Lifts Kits, Wheel Packages & Customization > Suspension & Lift Kits - Trucks > Shocks & Struts - Truck",,,,,,[4674],"Florida, United States",28.944465,'-82.03363,1,,,,3,,,,,,,,,1,,,,,,,,,,,,4,1,1,1,,,,,0,,,,,,,,,,,,,,,,,,,,,,,,,,,,,,,,,,,,,,,,,,,,,,,,,,,,,,,,,,,,,,,,,,,,,,,,,,,,,
"Fox 2.5 Performance Elite Shock Package for 2.5"" Lift Height Super Duty - 106702",fox-2-5-performance-elite-shock-package-for-2-5-lift-height-super-duty-106702,,63412,"Works on 2005 and newer Ford Super Duty 4x4 trucks.
2.5-3.5"" Front lift height and 0-1.5"" rear lift height
Full high and low speed compression adjustment for easy tuning.Â 


2.5"" Body with all aluminum construction protects against rust in climates where roads are salted.
Includes S&B Above Coil Reservoir Mounts, Part Number 105128",,publish,,0,"2025-09-25 22:38:26",52,open,106702,,,no,no,,3572.00,,,,,,,instock,no,no,,no,taxable,,,,,,,'-1,'-1,,,"https://fuel1direct.com/wp-content/uploads/2025/09/106702.jpg ! alt :  ! title :  ! desc :  ! caption : ",,https://fuel1direct.com/product/fox-2-5-performance-elite-shock-package-for-2-5-lift-height-super-duty-106702/,,"S&B Filters",simple,,"Trucks: Lifts Kits, Wheel Packages & Customization > Suspension & Lift Kits - Trucks > Shocks & Struts - Truck",,,,,,[4674],"Florida, United States",28.944465,'-82.03363,1,,,,8,,,,,,,,,1,,,,,,,,,,,,179,1,7,123,,,,,0,,,,,,,,,,,,,,,,,,,,,,,,,,,,,,,,,,,,,,,,,,,,,,,,,,,,,,,,,,,,,,,,,,,,,,,,,,,,,
"Fox 2.5 Performance Elite Shock Package for 4.5"" Lift Height Super Duty - 106703",fox-2-5-performance-elite-shock-package-for-4-5-lift-height-super-duty-106703,,63414,"Works on 2005 and newer Ford Super Duty 4x4 trucks.
3.5-5.5"" Front lift height and 1.5-3.5"" rear lift height
Full high and low speed compression adjustment for easy tuning.Â 


2.5"" Body with all aluminum construction protects against rust in climates where roads are salted.
Includes S&B Above Coil Reservoir Mounts, Part Number 105128",,publish,,0,"2025-09-25 22:38:26",52,open,106703,,,no,no,,3572.00,,,,,,,instock,no,no,,no,taxable,,,,,,,'-1,'-1,,,"https://fuel1direct.com/wp-content/uploads/2025/09/106702.jpg ! alt :  ! title :  ! desc :  ! caption : ",,https://fuel1direct.com/product/fox-2-5-performance-elite-shock-package-for-4-5-lift-height-super-duty-106703/,,"S&B Filters",simple,,"Trucks: Lifts Kits, Wheel Packages & Customization > Suspension & Lift Kits - Trucks > Shocks & Struts - Truck",,,,,,[4674],"Florida, United States",28.944465,'-82.03363,1,,,,3,,,,,,,,,1,,,,,,,,,,,,7,1,1,7,,,,,0,,,,,,,,,,,,,,,,,,,,,,,,,,,,,,,,,,,,,,,,,,,,,,,,,,,,,,,,,,,,,,,,,,,,,,,,,,,,,
"FALCON 3.3 FAST ADJUST CARTRIDGE KIT",falcon-3-3-fast-adjust-cartridge-kit,,195485,"FALCON 3.3 FAST ADJUST CARTRIDGE KIT","FALCON 3.3 FAST ADJUST CARTRIDGE KIT",publish,,0,"2025-10-21 01:15:23",52,open,00-10-33-400-160,,,no,no,,496.99,,,,,,,instock,no,no,,no,taxable,,,,,,,'-1,'-1,,,"https://fuel1direct.com/wp-content/uploads/2025/10/00-10-33-400-160-jpg.jpg-filenameUTF-800-10-33-400-160-jpg.jpg ! alt :  ! title :  ! desc :  ! caption : ",,https://fuel1direct.com/product/falcon-3-3-fast-adjust-cartridge-kit/,,"Falcon Shocks",simple,,"Trucks: Lifts Kits, Wheel Packages & Customization > Suspension & Lift Kits - Trucks > Shocks & Struts - Truck","Falcon Shocks",,,,,[4674],"Florida, United States",28.944465,'-82.03363,1,,,,4,,,,,,,,,1,,,,,,,,,,,,8,2,2,5,,,,,0,,,,,,,,,,,,,,,,,,,,,,,,,,,,,,,,,,,,,,,,,,,,,,,,,,,,,,,,,,,,,,,,,,,,,,,,,,,,,
"JL-JT-JK NEXUS EF 2.1 STABILIZER “1-1/2",jl-jt-jk-nexus-ef-2-1-stabilizer-1-1-2,,195486,"JL-JT-JK NEXUS EF 2.1 STABILIZER “1-1/2","JL-JT-JK NEXUS EF 2.1 STABILIZER “1-1/2",publish,,0,"2025-10-21 01:15:37",52,open,01-02-21-110-112,,,no,no,,323.99,,,,,,,instock,no,no,,no,taxable,,,,,,,'-1,'-1,,,"https://fuel1direct.com/wp-content/uploads/2025/10/01-02-21-110-112-jpg.jpg-filenameUTF-801-02-21-110-112-jpg.jpg ! alt :  ! title :  ! desc :  ! caption : ",,https://fuel1direct.com/product/jl-jt-jk-nexus-ef-2-1-stabilizer-1-1-2%c2%9d/,,"Falcon Shocks",simple,,"Trucks: Lifts Kits, Wheel Packages & Customization > Suspension & Lift Kits - Trucks > Shocks & Struts - Truck","Falcon Shocks",,,,,[4674],"Florida, United States",28.944465,'-82.03363,1,,,,4,,,,,,,,,1,,,,,,,,,,,,5,1,1,3,,,,,0,,,,,,,,,,,,,,,,,,,,,,,,,,,,,,,,,,,,,,,,,,,,,,,,,,,,,,,,,,,,,,,,,,,,,,,,,,,,,
"JK FALCON NEXUS EF 2.1 STABILIZER“1-3/8",jk-falcon-nexus-ef-2-1-stabilizer1-3-8,,195487,"JK FALCON NEXUS EF 2.1 STABILIZER“1-3/8","JK FALCON NEXUS EF 2.1 STABILIZER“1-3/8",publish,,0,"2025-10-21 01:15:40",52,open,01-02-21-110-138,,,no,no,,323.99,,,,,,,instock,no,no,,no,taxable,,,,,,,'-1,'-1,,,"https://fuel1direct.com/wp-content/uploads/2025/10/01-02-21-110-138-jpg.jpg-filenameUTF-801-02-21-110-138-jpg.jpg ! alt :  ! title :  ! desc :  ! caption : ",,https://fuel1direct.com/product/jk-falcon-nexus-ef-2-1-stabilizer1-3-8%c2%9d/,,"Falcon Shocks",simple,,"Trucks: Lifts Kits, Wheel Packages & Customization > Suspension & Lift Kits - Trucks > Shocks & Struts - Truck","Falcon Shocks",,,,,[4674],"Florida, United States",28.944465,'-82.03363,1,,,,2,,,,,,,,,1,,,,,,,,,,,,5,1,2,5,,,,,0,,,,,,,,,,,,,,,,,,,,,,,,,,,,,,,,,,,,,,,,,,,,,,,,,,,,,,,,,,,,,,,,,,,,,,,,,,,,,
"JK FALCON EF 2.1 STABILIZER “ OEM “ RHD",jk-falcon-ef-2-1-stabilizer-oem-rhd,,195488,"JK FALCON EF 2.1 STABILIZER “ OEM “ RHD","JK FALCON EF 2.1 STABILIZER “ OEM “ RHD",publish,,0,"2025-10-21 01:15:42",52,open,01-02-21-110-138-2,,,no,no,,323.99,,,,,,,instock,no,no,,no,taxable,,,,,,,'-1,'-1,,,"https://fuel1direct.com/wp-content/uploads/2025/10/01-02-21-110-138-2-jpg.jpg-filenameUTF-801-02-21-110-138-2-jpg.jpg ! alt :  ! title :  ! desc :  ! caption : ",,https://fuel1direct.com/product/jk-falcon-ef-2-1-stabilizer-oem-rhd/,,"Falcon Shocks",simple,,"Trucks: Lifts Kits, Wheel Packages & Customization > Suspension & Lift Kits - Trucks > Shocks & Struts - Truck","Falcon Shocks",,,,,[4674],"Florida, United States",28.944465,'-82.03363,1,,,,3,,,,,,,,,1,,,,,,,,,,,,6,1,1,3,,,,,0,,,,,,,,,,,,,,,,,,,,,,,,,,,,,,,,,,,,,,,,,,,,,,,,,,,,,,,,,,,,,,,,,,,,,,,,,,,,,
"JL“JT“JK NEXUS EF 2.1 STABILIZER “1-5/8",jljtjk-nexus-ef-2-1-stabilizer-1-5-8,,195489,"JL“JT“JK NEXUS EF 2.1 STABILIZER “1-5/8","JL“JT“JK NEXUS EF 2.1 STABILIZER “1-5/8",publish,,0,"2025-10-21 01:15:45",52,open,01-02-21-110-158,,,no,no,,323.99,,,,,,,instock,no,no,,no,taxable,,,,,,,'-1,'-1,,,"https://fuel1direct.com/wp-content/uploads/2025/10/01-02-21-110-158-jpg.jpg-filenameUTF-801-02-21-110-158-jpg.jpg ! alt :  ! title :  ! desc :  ! caption : ",,https://fuel1direct.com/product/jljtjk-nexus-ef-2-1-stabilizer-1-5-8%c2%9d/,,"Falcon Shocks",simple,,"Trucks: Lifts Kits, Wheel Packages & Customization > Suspension & Lift Kits - Trucks > Shocks & Struts - Truck","Falcon Shocks",,,,,[4674],"Florida, United States",28.944465,'-82.03363,1,,,,5,,,,,,,,,1,,,,,,,,,,,,6,1,1,4,,,,,0,,,,,,,,,,,,,,,,,,,,,,,,,,,,,,,,,,,,,,,,,,,,,,,,,,,,,,,,,,,,,,,,,,,,,,,,,,,,,
"JK FALCON EF 2.1 STABILIZER “ HD “ RHD",jk-falcon-ef-2-1-stabilizer-hd-rhd,,195490,"JK FALCON EF 2.1 STABILIZER “ HD “ RHD","JK FALCON EF 2.1 STABILIZER “ HD “ RHD",publish,,0,"2025-10-21 01:15:47",52,open,01-02-21-110-158-2,,,no,no,,323.99,,,,,,,instock,no,no,,no,taxable,,,,,,,'-1,'-1,,,"https://fuel1direct.com/wp-content/uploads/2025/10/01-02-21-110-158-2-jpg.jpg-filenameUTF-801-02-21-110-158-2-jpg.jpg ! alt :  ! title :  ! desc :  ! caption : ",,https://fuel1direct.com/product/jk-falcon-ef-2-1-stabilizer-hd-rhd/,,"Falcon Shocks",simple,,"Trucks: Lifts Kits, Wheel Packages & Customization > Suspension & Lift Kits - Trucks > Shocks & Struts - Truck","Falcon Shocks",,,,,[4674],"Florida, United States",28.944465,'-82.03363,1,,,,2,,,,,,,,,1,,,,,,,,,,,,3,1,1,1,,,,,0,,,,,,,,,,,,,,,,,,,,,,,,,,,,,,,,,,,,,,,,,,,,,,,,,,,,,,,,,,,,,,,,,,,,,,,,,,,,,
"JK FALCON 2.1 SP2 FR 1.5-2.5""",jk-falcon-2-1-sp2-fr-1-5-2-5,,195491,"JK FALCON 2.1 SP2 FR 1.5-2.5""","JK FALCON 2.1 SP2 FR 1.5-2.5""",publish,,0,"2025-10-21 01:15:50",52,open,01-02-21-310-002,,,no,no,,220.99,,,,,,,instock,no,no,,no,taxable,,,,,,,'-1,'-1,,,"https://fuel1direct.com/wp-content/uploads/2025/10/01-02-21-310-002-jpg.jpg-filenameUTF-801-02-21-310-002-jpg.jpg ! alt :  ! title :  ! desc :  ! caption : ",,https://fuel1direct.com/product/jk-falcon-2-1-sp2-fr-1-5-2-5/,,"Falcon Shocks",simple,,"Trucks: Lifts Kits, Wheel Packages & Customization > Suspension & Lift Kits - Trucks > Shocks & Struts - Truck","Falcon Shocks",,,,,[4674],"Florida, United States",28.944465,'-82.03363,1,,,,9,,,,,,,,,1,,,,,,,,,,,,7,1,1,1,,,,,0,,,,,,,,,,,,,,,,,,,,,,,,,,,,,,,,,,,,,,,,,,,,,,,,,,,,,,,,,,,,,,,,,,,,,,,,,,,,,
"JK FALCON 2.1 SP2 FR 3-3.5""",jk-falcon-2-1-sp2-fr-3-3-5,,195492,"JK FALCON 2.1 SP2 FR 3-3.5""","JK FALCON 2.1 SP2 FR 3-3.5""",publish,,0,"2025-10-21 01:15:52",52,open,01-02-21-310-253,,,no,no,,220.99,,,,,,,instock,no,no,,no,taxable,,,,,,,'-1,'-1,,,"https://fuel1direct.com/wp-content/uploads/2025/10/01-02-21-310-253-jpg.jpg-filenameUTF-801-02-21-310-253-jpg.jpg ! alt :  ! title :  ! desc :  ! caption : ",,https://fuel1direct.com/product/jk-falcon-2-1-sp2-fr-3-3-5/,,"Falcon Shocks",simple,,"Trucks: Lifts Kits, Wheel Packages & Customization > Suspension & Lift Kits - Trucks > Shocks & Struts - Truck","Falcon Shocks",,,,,[4674],"Florida, United States",28.944465,'-82.03363,1,,,,2,,,,,,,,,1,,,,,,,,,,,,2,1,1,1,,,,,0,,,,,,,,,,,,,,,,,,,,,,,,,,,,,,,,,,,,,,,,,,,,,,,,,,,,,,,,,,,,,,,,,,,,,,,,,,,,,
"JK FALCON 2.1 SP2 FR 4-6""",jk-falcon-2-1-sp2-fr-4-6,,195493,"JK FALCON 2.1 SP2 FR 4-6""","JK FALCON 2.1 SP2 FR 4-6""",publish,,0,"2025-10-21 01:15:55",52,open,01-02-21-310-406,,,no,no,,220.99,,,,,,,instock,no,no,,no,taxable,,,,,,,'-1,'-1,,,"https://fuel1direct.com/wp-content/uploads/2025/10/01-02-21-310-406-jpg.jpg-filenameUTF-801-02-21-310-406-jpg.jpg ! alt :  ! title :  ! desc :  ! caption : ",,https://fuel1direct.com/product/jk-falcon-2-1-sp2-fr-4-6/,,"Falcon Shocks",simple,,"Trucks: Lifts Kits, Wheel Packages & Customization > Suspension & Lift Kits - Trucks > Shocks & Struts - Truck","Falcon Shocks",,,,,[4674],"Florida, United States",28.944465,'-82.03363,1,,,,4,,,,,,,,,1,,,,,,,,,,,,4,1,2,3,,,,,0,,,,,,,,,,,,,,,,,,,,,,,,,,,,,,,,,,,,,,,,,,,,,,,,,,,,,,,,,,,,,,,,,,,,,,,,,,,,,
"JK FALCON NEXUS EF 2.2 STABILIZER“1-1/2",jk-falcon-nexus-ef-2-2-stabilizer1-1-2,,195494,"JK FALCON NEXUS EF 2.2 STABILIZER“1-1/2","JK FALCON NEXUS EF 2.2 STABILIZER“1-1/2",publish,,0,"2025-10-21 01:15:56",52,open,01-02-22-110-112,,,no,no,,434.99,,,,,,,instock,no,no,,no,taxable,,,,,,,'-1,'-1,,,"https://fuel1direct.com/wp-content/uploads/2025/10/01-02-22-110-112-png.jpg-filenameUTF-801-02-22-110-112-png.jpg ! alt :  ! title :  ! desc :  ! caption : ",,https://fuel1direct.com/product/jk-falcon-nexus-ef-2-2-stabilizer1-1-2%c2%9d/,,"Falcon Shocks",simple,,"Trucks: Lifts Kits, Wheel Packages & Customization > Suspension & Lift Kits - Trucks > Shocks & Struts - Truck","Falcon Shocks",,,,,[4674],"Florida, United States",28.944465,'-82.03363,1,,,,1,,,,,,,,,1,,,,,,,,,,,,5,1,1,5,,,,,0,,,,,,,,,,,,,,,,,,,,,,,,,,,,,,,,,,,,,,,,,,,,,,,,,,,,,,,,,,,,,,,,,,,,,,,,,,,,,
"JK FALCON NEXUS EF 2.2 STABILIZER“1-3/8",jk-falcon-nexus-ef-2-2-stabilizer1-3-8,,195495,"JK FALCON NEXUS EF 2.2 STABILIZER“1-3/8","JK FALCON NEXUS EF 2.2 STABILIZER“1-3/8",publish,,0,"2025-10-21 01:16:06",52,open,01-02-22-110-138,,,no,no,,434.99,,,,,,,instock,no,no,,no,taxable,,,,,,,'-1,'-1,,,"https://fuel1direct.com/wp-content/uploads/2025/10/01-02-22-110-138-jpg.jpg-filenameUTF-801-02-22-110-138-jpg.jpg ! alt :  ! title :  ! desc :  ! caption : ",,https://fuel1direct.com/product/jk-falcon-nexus-ef-2-2-stabilizer1-3-8%c2%9d/,,"Falcon Shocks",simple,,"Trucks: Lifts Kits, Wheel Packages & Customization > Suspension & Lift Kits - Trucks > Shocks & Struts - Truck","Falcon Shocks",,,,,[4674],"Florida, United States",28.944465,'-82.03363,1,,,,4,,,,,,,,,1,,,,,,,,,,,,9,1,2,8,,,,,0,,,,,,,,,,,,,,,,,,,,,,,,,,,,,,,,,,,,,,,,,,,,,,,,,,,,,,,,,,,,,,,,,,,,,,,,,,,,,
"JK FALCON EF 2.2 STABILIZER “ OEM “ RHD",jk-falcon-ef-2-2-stabilizer-oem-rhd,,195496,"JK FALCON EF 2.2 STABILIZER “ OEM “ RHD","JK FALCON EF 2.2 STABILIZER “ OEM “ RHD",publish,,0,"2025-10-21 01:16:21",52,open,01-02-22-110-138-2,,,no,no,,434.99,,,,,,,instock,no,no,,no,taxable,,,,,,,'-1,'-1,,,"https://fuel1direct.com/wp-content/uploads/2025/10/01-02-22-110-138-2-jpg.jpg-filenameUTF-801-02-22-110-138-2-jpg.jpg ! alt :  ! title :  ! desc :  ! caption : ",,https://fuel1direct.com/product/jk-falcon-ef-2-2-stabilizer-oem-rhd/,,"Falcon Shocks",simple,,"Trucks: Lifts Kits, Wheel Packages & Customization > Suspension & Lift Kits - Trucks > Shocks & Struts - Truck","Falcon Shocks",,,,,[4674],"Florida, United States",28.944465,'-82.03363,1,,,,4,,,,,,,,,1,,,,,,,,,,,,5,1,3,4,,,,,0,,,,,,,,,,,,,,,,,,,,,,,,,,,,,,,,,,,,,,,,,,,,,,,,,,,,,,,,,,,,,,,,,,,,,,,,,,,,,
"JL“JT“JK NEXUS EF 2.2 STABILIZER “1-5/8",jljtjk-nexus-ef-2-2-stabilizer-1-5-8,,195497,"JL“JT“JK NEXUS EF 2.2 STABILIZER “1-5/8","JL“JT“JK NEXUS EF 2.2 STABILIZER “1-5/8",publish,,0,"2025-10-21 01:16:24",52,open,01-02-22-110-158,,,no,no,,434.99,,,,,,,instock,no,no,,no,taxable,,,,,,,'-1,'-1,,,"https://fuel1direct.com/wp-content/uploads/2025/10/01-02-22-110-158-jpg.jpg-filenameUTF-801-02-22-110-158-jpg.jpg ! alt :  ! title :  ! desc :  ! caption : ",,https://fuel1direct.com/product/jljtjk-nexus-ef-2-2-stabilizer-1-5-8%c2%9d/,,"Falcon Shocks",simple,,"Trucks: Lifts Kits, Wheel Packages & Customization > Suspension & Lift Kits - Trucks > Shocks & Struts - Truck","Falcon Shocks",,,,,[4674],"Florida, United States",28.944465,'-82.03363,1,,,,5,,,,,,,,,1,,,,,,,,,,,,9,1,1,5,,,,,0,,,,,,,,,,,,,,,,,,,,,,,,,,,,,,,,,,,,,,,,,,,,,,,,,,,,,,,,,,,,,,,,,,,,,,,,,,,,,
"JK FALCON EF 2.2 STABILIZER “ HD “ RHD",jk-falcon-ef-2-2-stabilizer-hd-rhd,,195498,"JK FALCON EF 2.2 STABILIZER “ HD “ RHD","JK FALCON EF 2.2 STABILIZER “ HD “ RHD",publish,,0,"2025-10-21 01:16:26",52,open,01-02-22-110-158-2,,,no,no,,434.99,,,,,,,instock,no,no,,no,taxable,,,,,,,'-1,'-1,,,"https://fuel1direct.com/wp-content/uploads/2025/10/01-02-22-110-158-2-jpg.jpg-filenameUTF-801-02-22-110-158-2-jpg.jpg ! alt :  ! title :  ! desc :  ! caption : ",,https://fuel1direct.com/product/jk-falcon-ef-2-2-stabilizer-hd-rhd/,,"Falcon Shocks",simple,,"Trucks: Lifts Kits, Wheel Packages & Customization > Suspension & Lift Kits - Trucks > Shocks & Struts - Truck","Falcon Shocks",,,,,[4674],"Florida, United States",28.944465,'-82.03363,1,,,,2,,,,,,,,,1,,,,,,,,,,,,3,1,1,2,,,,,0,,,,,,,,,,,,,,,,,,,,,,,,,,,,,,,,,,,,,,,,,,,,,,,,,,,,,,,,,,,,,,,,,,,,,,,,,,,,,
"JK FALCON 3.1 SP2 FR LH 1.5-2.5""",jk-falcon-3-1-sp2-fr-lh-1-5-2-5,,195499,"JK FALCON 3.1 SP2 FR LH 1.5-2.5""","JK FALCON 3.1 SP2 FR LH 1.5-2.5""",publish,,0,"2025-10-21 01:16:29",52,open,01-02-31-311-002,,,no,no,,366.99,,,,,,,instock,no,no,,no,taxable,,,,,,,'-1,'-1,,,"https://fuel1direct.com/wp-content/uploads/2025/10/01-02-31-311-002-jpg.jpg-filenameUTF-801-02-31-311-002-jpg.jpg ! alt :  ! title :  ! desc :  ! caption : ",,https://fuel1direct.com/product/jk-falcon-3-1-sp2-fr-lh-1-5-2-5/,,"Falcon Shocks",simple,,"Trucks: Lifts Kits, Wheel Packages & Customization > Suspension & Lift Kits - Trucks > Shocks & Struts - Truck","Falcon Shocks",,,,,[4674],"Florida, United States",28.944465,'-82.03363,1,,,,2,,,,,,,,,1,,,,,,,,,,,,3,1,1,1,,,,,0,,,,,,,,,,,,,,,,,,,,,,,,,,,,,,,,,,,,,,,,,,,,,,,,,,,,,,,,,,,,,,,,,,,,,,,,,,,,,
"JK FALCON 3.1 SP2 FR LH 3-4.5""",jk-falcon-3-1-sp2-fr-lh-3-4-5,,195500,"JK FALCON 3.1 SP2 FR LH 3-4.5""","JK FALCON 3.1 SP2 FR LH 3-4.5""",publish,,0,"2025-10-21 01:16:31",52,open,01-02-31-311-253,,,no,no,,366.99,,,,,,,instock,no,no,,no,taxable,,,,,,,'-1,'-1,,,"https://fuel1direct.com/wp-content/uploads/2025/10/01-02-31-311-253-jpg.jpg-filenameUTF-801-02-31-311-253-jpg.jpg ! alt :  ! title :  ! desc :  ! caption : ",,https://fuel1direct.com/product/jk-falcon-3-1-sp2-fr-lh-3-4-5/,,"Falcon Shocks",simple,,"Trucks: Lifts Kits, Wheel Packages & Customization > Suspension & Lift Kits - Trucks > Shocks & Struts - Truck","Falcon Shocks",,,,,[4674],"Florida, United States",28.944465,'-82.03363,1,,,,6,,,,,,,,,1,,,,,,,,,,,,7,1,1,1,,,,,0,,,,,,,,,,,,,,,,,,,,,,,,,,,,,,,,,,,,,,,,,,,,,,,,,,,,,,,,,,,,,,,,,,,,,,,,,,,,,
"JK FALCON 3.1 SP2 FR LH 5-6""",jk-falcon-3-1-sp2-fr-lh-5-6,,195501,"JK FALCON 3.1 SP2 FR LH 5-6""","JK FALCON 3.1 SP2 FR LH 5-6""",publish,,0,"2025-10-21 01:16:34",52,open,01-02-31-311-406,,,no,no,,366.99,,,,,,,instock,no,no,,no,taxable,,,,,,,'-1,'-1,,,"https://fuel1direct.com/wp-content/uploads/2025/10/01-02-31-311-406-jpg.jpg-filenameUTF-801-02-31-311-406-jpg.jpg ! alt :  ! title :  ! desc :  ! caption : ",,https://fuel1direct.com/product/jk-falcon-3-1-sp2-fr-lh-5-6/,,"Falcon Shocks",simple,,"Trucks: Lifts Kits, Wheel Packages & Customization > Suspension & Lift Kits - Trucks > Shocks & Struts - Truck","Falcon Shocks",,,,,[4674],"Florida, United States",28.944465,'-82.03363,1,,,,3,,,,,,,,,1,,,,,,,,,,,,4,1,2,3,,,,,0,,,,,,,,,,,,,,,,,,,,,,,,,,,,,,,,,,,,,,,,,,,,,,,,,,,,,,,,,,,,,,,,,,,,,,,,,,,,,
"JK FALCON 3.1 SP2 FR RH 3-4.5""",jk-falcon-3-1-sp2-fr-rh-3-4-5,,195502,"JK FALCON 3.1 SP2 FR RH 3-4.5""","JK FALCON 3.1 SP2 FR RH 3-4.5""",publish,,0,"2025-10-21 01:16:37",52,open,01-02-31-312-253,,,no,no,,366.99,,,,,,,instock,no,no,,no,taxable,,,,,,,'-1,'-1,,,"https://fuel1direct.com/wp-content/uploads/2025/10/01-02-31-312-253-jpg.jpg-filenameUTF-801-02-31-312-253-jpg.jpg ! alt :  ! title :  ! desc :  ! caption : ",,https://fuel1direct.com/product/jk-falcon-3-1-sp2-fr-rh-3-4-5/,,"Falcon Shocks",simple,,"Trucks: Lifts Kits, Wheel Packages & Customization > Suspension & Lift Kits - Trucks > Shocks & Struts - Truck","Falcon Shocks",,,,,[4674],"Florida, United States",28.944465,'-82.03363,1,,,,4,,,,,,,,,1,,,,,,,,,,,,6,1,1,3,,,,,0,,,,,,,,,,,,,,,,,,,,,,,,,,,,,,,,,,,,,,,,,,,,,,,,,,,,,,,,,,,,,,,,,,,,,,,,,,,,,
"JK FALCON 3.1 SP2 FR RH 5-6""",jk-falcon-3-1-sp2-fr-rh-5-6,,195503,"JK FALCON 3.1 SP2 FR RH 5-6""","JK FALCON 3.1 SP2 FR RH 5-6""",publish,,0,"2025-10-21 01:16:39",52,open,01-02-31-312-406,,,no,no,,366.99,,,,,,,instock,no,no,,no,taxable,,,,,,,'-1,'-1,,,"https://fuel1direct.com/wp-content/uploads/2025/10/01-02-31-312-406-jpg.jpg-filenameUTF-801-02-31-312-406-jpg.jpg ! alt :  ! title :  ! desc :  ! caption : ",,https://fuel1direct.com/product/jk-falcon-3-1-sp2-fr-rh-5-6/,,"Falcon Shocks",simple,,"Trucks: Lifts Kits, Wheel Packages & Customization > Suspension & Lift Kits - Trucks > Shocks & Struts - Truck","Falcon Shocks",,,,,[4674],"Florida, United States",28.944465,'-82.03363,1,,,,2,,,,,,,,,1,,,,,,,,,,,,2,1,1,1,,,,,0,,,,,,,,,,,,,,,,,,,,,,,,,,,,,,,,,,,,,,,,,,,,,,,,,,,,,,,,,,,,,,,,,,,,,,,,,,,,,
"JK FALCON 3.3 SP2 SHOCK FR LH 1.5-2.5""",jk-falcon-3-3-sp2-shock-fr-lh-1-5-2-5,,195504,"JK FALCON 3.3 SP2 SHOCK FR LH 1.5-2.5""","JK FALCON 3.3 SP2 SHOCK FR LH 1.5-2.5""",publish,,0,"2025-10-21 01:16:41",52,open,01-02-33-311-002,,,no,no,,482.99,,,,,,,instock,no,no,,no,taxable,,,,,,,'-1,'-1,,,"https://fuel1direct.com/wp-content/uploads/2025/10/01-02-33-311-002-jpg.jpg-filenameUTF-801-02-33-311-002-jpg.jpg ! alt :  ! title :  ! desc :  ! caption : ",,https://fuel1direct.com/product/jk-falcon-3-3-sp2-shock-fr-lh-1-5-2-5/,,"Falcon Shocks",simple,,"Trucks: Lifts Kits, Wheel Packages & Customization > Suspension & Lift Kits - Trucks > Shocks & Struts - Truck","Falcon Shocks",,,,,[4674],"Florida, United States",28.944465,'-82.03363,1,,,,4,,,,,,,,,1,,,,,,,,,,,,5,1,1,3,,,,,0,,,,,,,,,,,,,,,,,,,,,,,,,,,,,,,,,,,,,,,,,,,,,,,,,,,,,,,,,,,,,,,,,,,,,,,,,,,,,
"JK FALCON 3.3 SP2 SHOCK FR LH 3-4.5""",jk-falcon-3-3-sp2-shock-fr-lh-3-4-5,,195505,"JK FALCON 3.3 SP2 SHOCK FR LH 3-4.5""","JK FALCON 3.3 SP2 SHOCK FR LH 3-4.5""",publish,,0,"2025-10-21 01:16:51",52,open,01-02-33-311-253,,,no,no,,482.99,,,,,,,instock,no,no,,no,taxable,,,,,,,'-1,'-1,,,"https://fuel1direct.com/wp-content/uploads/2025/10/01-02-33-311-253-jpg.jpg-filenameUTF-801-02-33-311-253-jpg.jpg ! alt :  ! title :  ! desc :  ! caption : ",,https://fuel1direct.com/product/jk-falcon-3-3-sp2-shock-fr-lh-3-4-5/,,"Falcon Shocks",simple,,"Trucks: Lifts Kits, Wheel Packages & Customization > Suspension & Lift Kits - Trucks > Shocks & Struts - Truck","Falcon Shocks",,,,,[4674],"Florida, United States",28.944465,'-82.03363,1,,,,2,,,,,,,,,1,,,,,,,,,,,,4,1,2,3,,,,,0,,,,,,,,,,,,,,,,,,,,,,,,,,,,,,,,,,,,,,,,,,,,,,,,,,,,,,,,,,,,,,,,,,,,,,,,,,,,,
"JK FALCON 3.3 SP2 SHOCK FR LH 5-6""",jk-falcon-3-3-sp2-shock-fr-lh-5-6,,195506,"JK FALCON 3.3 SP2 SHOCK FR LH 5-6""","JK FALCON 3.3 SP2 SHOCK FR LH 5-6""",publish,,0,"2025-10-21 01:17:06",52,open,01-02-33-311-406,,,no,no,,482.99,,,,,,,instock,no,no,,no,taxable,,,,,,,'-1,'-1,,,"https://fuel1direct.com/wp-content/uploads/2025/10/01-02-33-311-406-jpg.jpg-filenameUTF-801-02-33-311-406-jpg.jpg ! alt :  ! title :  ! desc :  ! caption : ",,https://fuel1direct.com/product/jk-falcon-3-3-sp2-shock-fr-lh-5-6/,,"Falcon Shocks",simple,,"Trucks: Lifts Kits, Wheel Packages & Customization > Suspension & Lift Kits - Trucks > Shocks & Struts - Truck","Falcon Shocks",,,,,[4674],"Florida, United States",28.944465,'-82.03363,1,,,,3,,,,,,,,,1,,,,,,,,,,,,5,1,2,2,,,,,0,,,,,,,,,,,,,,,,,,,,,,,,,,,,,,,,,,,,,,,,,,,,,,,,,,,,,,,,,,,,,,,,,,,,,,,,,,,,,
"JK FALCON 3.3 SP2 SHOCK FR RH 1.5-2.5""",jk-falcon-3-3-sp2-shock-fr-rh-1-5-2-5,,195507,"JK FALCON 3.3 SP2 SHOCK FR RH 1.5-2.5""","JK FALCON 3.3 SP2 SHOCK FR RH 1.5-2.5""",publish,,0,"2025-10-21 01:17:08",52,open,01-02-33-312-002,,,no,no,,482.99,,,,,,,instock,no,no,,no,taxable,,,,,,,'-1,'-1,,,"https://fuel1direct.com/wp-content/uploads/2025/10/01-02-33-312-002-jpg.jpg-filenameUTF-801-02-33-312-002-jpg.jpg ! alt :  ! title :  ! desc :  ! caption : ",,https://fuel1direct.com/product/jk-falcon-3-3-sp2-shock-fr-rh-1-5-2-5/,,"Falcon Shocks",simple,,"Trucks: Lifts Kits, Wheel Packages & Customization > Suspension & Lift Kits - Trucks > Shocks & Struts - Truck","Falcon Shocks",,,,,[4674],"Florida, United States",28.944465,'-82.03363,1,,,,4,,,,,,,,,1,,,,,,,,,,,,6,1,1,5,,,,,0,,,,,,,,,,,,,,,,,,,,,,,,,,,,,,,,,,,,,,,,,,,,,,,,,,,,,,,,,,,,,,,,,,,,,,,,,,,,,
"JK FALCON 3.3 SP2 SHOCK FR RH 3-4.5""",jk-falcon-3-3-sp2-shock-fr-rh-3-4-5,,195508,"JK FALCON 3.3 SP2 SHOCK FR RH 3-4.5""","JK FALCON 3.3 SP2 SHOCK FR RH 3-4.5""",publish,,0,"2025-10-21 01:17:11",52,open,01-02-33-312-253,,,no,no,,482.99,,,,,,,instock,no,no,,no,taxable,,,,,,,'-1,'-1,,,"https://fuel1direct.com/wp-content/uploads/2025/10/01-02-33-312-253-jpg.jpg-filenameUTF-801-02-33-312-253-jpg.jpg ! alt :  ! title :  ! desc :  ! caption : ",,https://fuel1direct.com/product/jk-falcon-3-3-sp2-shock-fr-rh-3-4-5/,,"Falcon Shocks",simple,,"Trucks: Lifts Kits, Wheel Packages & Customization > Suspension & Lift Kits - Trucks > Shocks & Struts - Truck","Falcon Shocks",,,,,[4674],"Florida, United States",28.944465,'-82.03363,1,,,,4,,,,,,,,,1,,,,,,,,,,,,7,1,1,1,,,,,0,,,,,,,,,,,,,,,,,,,,,,,,,,,,,,,,,,,,,,,,,,,,,,,,,,,,,,,,,,,,,,,,,,,,,,,,,,,,,
"JK FALCON 3.3 SP2 SHOCK FR RH 5-6""",jk-falcon-3-3-sp2-shock-fr-rh-5-6,,195509,"JK FALCON 3.3 SP2 SHOCK FR RH 5-6""","JK FALCON 3.3 SP2 SHOCK FR RH 5-6""",publish,,0,"2025-10-21 01:17:13",52,open,01-02-33-312-406,,,no,no,,482.99,,,,,,,instock,no,no,,no,taxable,,,,,,,'-1,'-1,,,"https://fuel1direct.com/wp-content/uploads/2025/10/01-02-33-312-406-jpg.jpg-filenameUTF-801-02-33-312-406-jpg.jpg ! alt :  ! title :  ! desc :  ! caption : ",,https://fuel1direct.com/product/jk-falcon-3-3-sp2-shock-fr-rh-5-6/,,"Falcon Shocks",simple,,"Trucks: Lifts Kits, Wheel Packages & Customization > Suspension & Lift Kits - Trucks > Shocks & Struts - Truck","Falcon Shocks",,,,,[4674],"Florida, United States",28.944465,'-82.03363,1,,,,9,,,,,,,,,1,,,,,,,,,,,,5,2,1,5,,,,,0,,,,,,,,,,,,,,,,,,,,,,,,,,,,,,,,,,,,,,,,,,,,,,,,,,,,,,,,,,,,,,,,,,,,,,,,,,,,,
"JK2 2.1 SHOCK RR LH 1.5-2.5""",jk2-2-1-shock-rr-lh-1-5-2-5,,195510,"JK2 2.1 SHOCK RR LH 1.5-2.5""","JK2 2.1 SHOCK RR LH 1.5-2.5""",publish,,0,"2025-10-21 01:17:16",52,open,02-01-21-321-002,,,no,no,,220.99,,,,,,,instock,no,no,,no,taxable,,,,,,,'-1,'-1,,,"https://fuel1direct.com/wp-content/uploads/2025/10/02-01-21-321-002-jpg.jpg-filenameUTF-802-01-21-321-002-jpg.jpg ! alt :  ! title :  ! desc :  ! caption : ",,https://fuel1direct.com/product/jk2-2-1-shock-rr-lh-1-5-2-5/,,"Falcon Shocks",simple,,"Trucks: Lifts Kits, Wheel Packages & Customization > Suspension & Lift Kits - Trucks > Shocks & Struts - Truck","Falcon Shocks",,,,,[4674],"Florida, United States",28.944465,'-82.03363,1,,,,1,,,,,,,,,1,,,,,,,,,,,,1,1,1,1,,,,,0,,,,,,,,,,,,,,,,,,,,,,,,,,,,,,,,,,,,,,,,,,,,,,,,,,,,,,,,,,,,,,,,,,,,,,,,,,,,,
"JK2 2.1 SHOCK RR RH 1.5-2.5""",jk2-2-1-shock-rr-rh-1-5-2-5,,195511,"JK2 2.1 SHOCK RR RH 1.5-2.5""","JK2 2.1 SHOCK RR RH 1.5-2.5""",publish,,0,"2025-10-21 01:17:18",52,open,02-01-21-322-002,,,no,no,,220.99,,,,,,,instock,no,no,,no,taxable,,,,,,,'-1,'-1,,,"https://fuel1direct.com/wp-content/uploads/2025/10/02-01-21-322-002-jpg.jpg-filenameUTF-802-01-21-322-002-jpg.jpg ! alt :  ! title :  ! desc :  ! caption : ",,https://fuel1direct.com/product/jk2-2-1-shock-rr-rh-1-5-2-5/,,"Falcon Shocks",simple,,"Trucks: Lifts Kits, Wheel Packages & Customization > Suspension & Lift Kits - Trucks > Shocks & Struts - Truck","Falcon Shocks",,,,,[4674],"Florida, United States",28.944465,'-82.03363,1,,,,2,,,,,,,,,1,,,,,,,,,,,,3,1,1,2,,,,,0,,,,,,,,,,,,,,,,,,,,,,,,,,,,,,,,,,,,,,,,,,,,,,,,,,,,,,,,,,,,,,,,,,,,,,,,,,,,,
"JK2 FALCON 2.1 SP2 SHOCK KIT 1.5-2.5""",jk2-falcon-2-1-sp2-shock-kit-1-5-2-5,,195512,"JK2 FALCON 2.1 SP2 SHOCK KIT 1.5-2.5""","JK2 FALCON 2.1 SP2 SHOCK KIT 1.5-2.5""",publish,,0,"2025-10-21 01:17:21",52,open,02-02-21-400-002,,,no,no,,941.99,,,,,,,instock,no,no,,no,taxable,,,,,,,'-1,'-1,,,"https://fuel1direct.com/wp-content/uploads/2025/10/02-02-21-400-002-jpg.jpg-filenameUTF-802-02-21-400-002-jpg.jpg ! alt :  ! title :  ! desc :  ! caption : ",,https://fuel1direct.com/product/jk2-falcon-2-1-sp2-shock-kit-1-5-2-5/,,"Falcon Shocks",simple,,"Trucks: Lifts Kits, Wheel Packages & Customization > Suspension & Lift Kits - Trucks > Shocks & Struts - Truck","Falcon Shocks",,,,,[4674],"Florida, United States",28.944465,'-82.03363,1,,,,1,,,,,,,,,1,,,,,,,,,,,,2,1,1,2,,,,,0,,,,,,,,,,,,,,,,,,,,,,,,,,,,,,,,,,,,,,,,,,,,,,,,,,,,,,,,,,,,,,,,,,,,,,,,,,,,,
"JK2 FALCON 2.1 SP2 SHOCK KIT 3-3.5""",jk2-falcon-2-1-sp2-shock-kit-3-3-5,,195513,"JK2 FALCON 2.1 SP2 SHOCK KIT 3-3.5""","JK2 FALCON 2.1 SP2 SHOCK KIT 3-3.5""",publish,,0,"2025-10-21 01:17:24",52,open,02-02-21-400-253,,,no,no,,941.99,,,,,,,instock,no,no,,no,taxable,,,,,,,'-1,'-1,,,"https://fuel1direct.com/wp-content/uploads/2025/10/02-02-21-400-253-jpg.jpg-filenameUTF-802-02-21-400-253-jpg.jpg ! alt :  ! title :  ! desc :  ! caption : ",,https://fuel1direct.com/product/jk2-falcon-2-1-sp2-shock-kit-3-3-5/,,"Falcon Shocks",simple,,"Trucks: Lifts Kits, Wheel Packages & Customization > Suspension & Lift Kits - Trucks > Shocks & Struts - Truck","Falcon Shocks",,,,,[4674],"Florida, United States",28.944465,'-82.03363,1,,,,1,,,,,,,,,1,,,,,,,,,,,,2,1,1,1,,,,,0,,,,,,,,,,,,,,,,,,,,,,,,,,,,,,,,,,,,,,,,,,,,,,,,,,,,,,,,,,,,,,,,,,,,,,,,,,,,,
"JK2 FALCON 2.1 SP2 SHOCK KIT 4-6""",jk2-falcon-2-1-sp2-shock-kit-4-6,,195514,"JK2 FALCON 2.1 SP2 SHOCK KIT 4-6""","JK2 FALCON 2.1 SP2 SHOCK KIT 4-6""",publish,,0,"2025-10-21 01:17:26",52,open,02-02-21-400-406,,,no,no,,941.99,,,,,,,instock,no,no,,no,taxable,,,,,,,'-1,'-1,,,"https://fuel1direct.com/wp-content/uploads/2025/10/02-02-21-400-406-jpg.jpg-filenameUTF-802-02-21-400-406-jpg.jpg ! alt :  ! title :  ! desc :  ! caption : ",,https://fuel1direct.com/product/jk2-falcon-2-1-sp2-shock-kit-4-6/,,"Falcon Shocks",simple,,"Trucks: Lifts Kits, Wheel Packages & Customization > Suspension & Lift Kits - Trucks > Shocks & Struts - Truck","Falcon Shocks",,,,,[4674],"Florida, United States",28.944465,'-82.03363,1,,,,3,,,,,,,,,1,,,,,,,,,,,,5,2,4,5,,,,,0,,,,,,,,,,,,,,,,,,,,,,,,,,,,,,,,,,,,,,,,,,,,,,,,,,,,,,,,,,,,,,,,,,,,,,,,,,,,,
"JK2 FALCON 3.1 SP2 SHOCK KIT 1.5-2.5""",jk2-falcon-3-1-sp2-shock-kit-1-5-2-5,,195515,"JK2 FALCON 3.1 SP2 SHOCK KIT 1.5-2.5""","JK2 FALCON 3.1 SP2 SHOCK KIT 1.5-2.5""",publish,,0,"2025-10-21 01:17:35",52,open,02-02-31-400-002,,,no,no,,1568.99,,,,,,,instock,no,no,,no,taxable,,,,,,,'-1,'-1,,,"https://fuel1direct.com/wp-content/uploads/2025/10/02-02-31-400-002-jpg.jpg-filenameUTF-802-02-31-400-002-jpg.jpg ! alt :  ! title :  ! desc :  ! caption : ",,https://fuel1direct.com/product/jk2-falcon-3-1-sp2-shock-kit-1-5-2-5/,,"Falcon Shocks",simple,,"Trucks: Lifts Kits, Wheel Packages & Customization > Suspension & Lift Kits - Trucks > Shocks & Struts - Truck","Falcon Shocks",,,,,[4674],"Florida, United States",28.944465,'-82.03363,1,,,,3,,,,,,,,,1,,,,,,,,,,,,5,1,2,4,,,,,0,,,,,,,,,,,,,,,,,,,,,,,,,,,,,,,,,,,,,,,,,,,,,,,,,,,,,,,,,,,,,,,,,,,,,,,,,,,,,
"JK2 FALCON 3.1 SP2 SHOCK KIT 3-3.5""",jk2-falcon-3-1-sp2-shock-kit-3-3-5,,195516,"JK2 FALCON 3.1 SP2 SHOCK KIT 3-3.5""","JK2 FALCON 3.1 SP2 SHOCK KIT 3-3.5""",publish,,0,"2025-10-21 01:17:48",52,open,02-02-31-400-253,,,no,no,,1568.99,,,,,,,instock,no,no,,no,taxable,,,,,,,'-1,'-1,,,"https://fuel1direct.com/wp-content/uploads/2025/10/02-02-31-400-253-jpg.jpg-filenameUTF-802-02-31-400-253-jpg.jpg ! alt :  ! title :  ! desc :  ! caption : ",,https://fuel1direct.com/product/jk2-falcon-3-1-sp2-shock-kit-3-3-5/,,"Falcon Shocks",simple,,"Trucks: Lifts Kits, Wheel Packages & Customization > Suspension & Lift Kits - Trucks > Shocks & Struts - Truck","Falcon Shocks",,,,,[4674],"Florida, United States",28.944465,'-82.03363,1,,,,1,,,,,,,,,1,,,,,,,,,,,,2,1,1,1,,,,,0,,,,,,,,,,,,,,,,,,,,,,,,,,,,,,,,,,,,,,,,,,,,,,,,,,,,,,,,,,,,,,,,,,,,,,,,,,,,,
"JK2 FALCON 3.1 SP2 SHOCK KIT 4-6""",jk2-falcon-3-1-sp2-shock-kit-4-6,,195517,"JK2 FALCON 3.1 SP2 SHOCK KIT 4-6""","JK2 FALCON 3.1 SP2 SHOCK KIT 4-6""",publish,,0,"2025-10-21 01:17:50",52,open,02-02-31-400-406,,,no,no,,1568.99,,,,,,,instock,no,no,,no,taxable,,,,,,,'-1,'-1,,,"https://fuel1direct.com/wp-content/uploads/2025/10/02-02-31-400-406-jpg.jpg-filenameUTF-802-02-31-400-406-jpg.jpg ! alt :  ! title :  ! desc :  ! caption : ",,https://fuel1direct.com/product/jk2-falcon-3-1-sp2-shock-kit-4-6/,,"Falcon Shocks",simple,,"Trucks: Lifts Kits, Wheel Packages & Customization > Suspension & Lift Kits - Trucks > Shocks & Struts - Truck","Falcon Shocks",,,,,[4674],"Florida, United States",28.944465,'-82.03363,1,,,,4,,,,,,,,,1,,,,,,,,,,,,4,1,2,4,,,,,0,,,,,,,,,,,,,,,,,,,,,,,,,,,,,,,,,,,,,,,,,,,,,,,,,,,,,,,,,,,,,,,,,,,,,,,,,,,,,
"JK2 FALCON 3.3 SP2 SHOCK KIT 1.5-2.5""",jk2-falcon-3-3-sp2-shock-kit-1-5-2-5,,195518,"JK2 FALCON 3.3 SP2 SHOCK KIT 1.5-2.5""","JK2 FALCON 3.3 SP2 SHOCK KIT 1.5-2.5""",publish,,0,"2025-10-21 01:17:52",52,open,02-02-33-400-002,,,no,no,,2065.99,,,,,,,instock,no,no,,no,taxable,,,,,,,'-1,'-1,,,"https://fuel1direct.com/wp-content/uploads/2025/10/02-02-33-400-002-jpg.jpg-filenameUTF-802-02-33-400-002-jpg.jpg ! alt :  ! title :  ! desc :  ! caption : ",,https://fuel1direct.com/product/jk2-falcon-3-3-sp2-shock-kit-1-5-2-5/,,"Falcon Shocks",simple,,"Trucks: Lifts Kits, Wheel Packages & Customization > Suspension & Lift Kits - Trucks > Shocks & Struts - Truck","Falcon Shocks",,,,,[4674],"Florida, United States",28.944465,'-82.03363,1,,,,2,,,,,,,,,1,,,,,,,,,,,,3,1,1,2,,,,,0,,,,,,,,,,,,,,,,,,,,,,,,,,,,,,,,,,,,,,,,,,,,,,,,,,,,,,,,,,,,,,,,,,,,,,,,,,,,,
"JK2 FALCON 3.3 SP2 SHOCK KIT 3-4.5""",jk2-falcon-3-3-sp2-shock-kit-3-4-5,,195519,"JK2 FALCON 3.3 SP2 SHOCK KIT 3-4.5""","JK2 FALCON 3.3 SP2 SHOCK KIT 3-4.5""",publish,,0,"2025-10-21 01:17:54",52,open,02-02-33-400-253,,,no,no,,2065.99,,,,,,,instock,no,no,,no,taxable,,,,,,,'-1,'-1,,,"https://fuel1direct.com/wp-content/uploads/2025/10/02-02-33-400-253-jpg.jpg-filenameUTF-802-02-33-400-253-jpg.jpg ! alt :  ! title :  ! desc :  ! caption : ",,https://fuel1direct.com/product/jk2-falcon-3-3-sp2-shock-kit-3-4-5/,,"Falcon Shocks",simple,,"Trucks: Lifts Kits, Wheel Packages & Customization > Suspension & Lift Kits - Trucks > Shocks & Struts - Truck","Falcon Shocks",,,,,[4674],"Florida, United States",28.944465,'-82.03363,1,,,,2,,,,,,,,,1,,,,,,,,,,,,2,1,1,2,,,,,0,,,,,,,,,,,,,,,,,,,,,,,,,,,,,,,,,,,,,,,,,,,,,,,,,,,,,,,,,,,,,,,,,,,,,,,,,,,,,
"JK2 FALCON 3.3 SP2 SHOCK KIT 5-6""",jk2-falcon-3-3-sp2-shock-kit-5-6,,195520,"JK2 FALCON 3.3 SP2 SHOCK KIT 5-6""","JK2 FALCON 3.3 SP2 SHOCK KIT 5-6""",publish,,0,"2025-10-21 01:17:57",52,open,02-02-33-400-406,,,no,no,,2065.99,,,,,,,instock,no,no,,no,taxable,,,,,,,'-1,'-1,,,"https://fuel1direct.com/wp-content/uploads/2025/10/02-02-33-400-406-jpg.jpg-filenameUTF-802-02-33-400-406-jpg.jpg ! alt :  ! title :  ! desc :  ! caption : ",,https://fuel1direct.com/product/jk2-falcon-3-3-sp2-shock-kit-5-6/,,"Falcon Shocks",simple,,"Trucks: Lifts Kits, Wheel Packages & Customization > Suspension & Lift Kits - Trucks > Shocks & Struts - Truck","Falcon Shocks",,,,,[4674],"Florida, United States",28.944465,'-82.03363,1,,,,1,,,,,,,,,1,,,,,,,,,,,,3,1,1,1,,,,,0,,,,,,,,,,,,,,,,,,,,,,,,,,,,,,,,,,,,,,,,,,,,,,,,,,,,,,,,,,,,,,,,,,,,,,,,,,,,,
"JK4 1.1 SHK FR 3-3.5""",jk4-1-1-shk-fr-3-3-5,,195521,"JK4 1.1 SHK FR 3-3.5""","JK4 1.1 SHK FR 3-3.5""",publish,,0,"2025-10-21 01:17:59",52,open,03-01-18-310-200,,,no,no,,115,,,,,,,instock,no,no,,no,taxable,,,,,,,'-1,'-1,,,"https://fuel1direct.com/wp-content/uploads/2025/10/03-01-18-310-200-jpg.jpg-filenameUTF-803-01-18-310-200-jpg.jpg ! alt :  ! title :  ! desc :  ! caption : ",,https://fuel1direct.com/product/jk4-1-1-shk-fr-3-3-5/,,"Falcon Shocks",simple,,"Trucks: Lifts Kits, Wheel Packages & Customization > Suspension & Lift Kits - Trucks > Shocks & Struts - Truck","Falcon Shocks",,,,,[4674],"Florida, United States",28.944465,'-82.03363,1,,,,1,,,,,,,,,1,,,,,,,,,,,,2,1,1,1,,,,,0,,,,,,,,,,,,,,,,,,,,,,,,,,,,,,,,,,,,,,,,,,,,,,,,,,,,,,,,,,,,,,,,,,,,,,,,,,,,,
"JK4 1.1 SHK RR 3-3.5""",jk4-1-1-shk-rr-3-3-5,,195522,"JK4 1.1 SHK RR 3-3.5""","JK4 1.1 SHK RR 3-3.5""",publish,,0,"2025-10-21 01:18:01",52,open,03-01-18-320-200,,,no,no,,115,,,,,,,instock,no,no,,no,taxable,,,,,,,'-1,'-1,,,"https://fuel1direct.com/wp-content/uploads/2025/10/03-01-18-320-200-jpg.jpg-filenameUTF-803-01-18-320-200-jpg.jpg ! alt :  ! title :  ! desc :  ! caption : ",,https://fuel1direct.com/product/jk4-1-1-shk-rr-3-3-5/,,"Falcon Shocks",simple,,"Trucks: Lifts Kits, Wheel Packages & Customization > Suspension & Lift Kits - Trucks > Shocks & Struts - Truck","Falcon Shocks",,,,,[4674],"Florida, United States",28.944465,'-82.03363,1,,,,4,,,,,,,,,1,,,,,,,,,,,,6,1,3,3,,,,,0,,,,,,,,,,,,,,,,,,,,,,,,,,,,,,,,,,,,,,,,,,,,,,,,,,,,,,,,,,,,,,,,,,,,,,,,,,,,,
"JK FALCON 1.1 SHOCK KIT 2-3.5""",jk-falcon-1-1-shock-kit-2-3-5,,195523,"JK FALCON 1.1 SHOCK KIT 2-3.5""","JK FALCON 1.1 SHOCK KIT 2-3.5""",publish,,0,"2025-10-21 01:18:03",52,open,03-01-18-400-200,,,no,no,,559.99,,,,,,,instock,no,no,,no,taxable,,,,,,,'-1,'-1,,,"https://fuel1direct.com/wp-content/uploads/2025/10/03-01-18-400-200-jpg.jpg-filenameUTF-803-01-18-400-200-jpg.jpg ! alt :  ! title :  ! desc :  ! caption : ",,https://fuel1direct.com/product/jk-falcon-1-1-shock-kit-2-3-5/,,"Falcon Shocks",simple,,"Trucks: Lifts Kits, Wheel Packages & Customization > Suspension & Lift Kits - Trucks > Shocks & Struts - Truck","Falcon Shocks",,,,,[4674],"Florida, United States",28.944465,'-82.03363,1,,,,6,,,,,,,,,1,,,,,,,,,,,,5,3,4,4,,,,,0,,,,,,,,,,,,,,,,,,,,,,,,,,,,,,,,,,,,,,,,,,,,,,,,,,,,,,,,,,,,,,,,,,,,,,,,,,,,,
"JK4 2.1 SHOCK RR LH 1.5-2.5""",jk4-2-1-shock-rr-lh-1-5-2-5,,195524,"JK4 2.1 SHOCK RR LH 1.5-2.5""","JK4 2.1 SHOCK RR LH 1.5-2.5""",publish,,0,"2025-10-21 01:18:06",52,open,03-01-21-321-002,,,no,no,,220.99,,,,,,,instock,no,no,,no,taxable,,,,,,,'-1,'-1,,,"https://fuel1direct.com/wp-content/uploads/2025/10/03-01-21-321-002-jpg.jpg-filenameUTF-803-01-21-321-002-jpg.jpg ! alt :  ! title :  ! desc :  ! caption : ",,https://fuel1direct.com/product/jk4-2-1-shock-rr-lh-1-5-2-5/,,"Falcon Shocks",simple,,"Trucks: Lifts Kits, Wheel Packages & Customization > Suspension & Lift Kits - Trucks > Shocks & Struts - Truck","Falcon Shocks",,,,,[4674],"Florida, United States",28.944465,'-82.03363,1,,,,4,,,,,,,,,1,,,,,,,,,,,,5,1,2,3,,,,,0,,,,,,,,,,,,,,,,,,,,,,,,,,,,,,,,,,,,,,,,,,,,,,,,,,,,,,,,,,,,,,,,,,,,,,,,,,,,,
"JK4 2.1 SHOCK RR RH 1.5-2.5""",jk4-2-1-shock-rr-rh-1-5-2-5,,195525,"JK4 2.1 SHOCK RR RH 1.5-2.5""","JK4 2.1 SHOCK RR RH 1.5-2.5""",publish,,0,"2025-10-21 01:18:15",52,open,03-01-21-322-002,,,no,no,,220.99,,,,,,,instock,no,no,,no,taxable,,,,,,,'-1,'-1,,,"https://fuel1direct.com/wp-content/uploads/2025/10/03-01-21-322-002-jpg.jpg-filenameUTF-803-01-21-322-002-jpg.jpg ! alt :  ! title :  ! desc :  ! caption : ",,https://fuel1direct.com/product/jk4-2-1-shock-rr-rh-1-5-2-5/,,"Falcon Shocks",simple,,"Trucks: Lifts Kits, Wheel Packages & Customization > Suspension & Lift Kits - Trucks > Shocks & Struts - Truck","Falcon Shocks",,,,,[4674],"Florida, United States",28.944465,'-82.03363,1,,,,2,,,,,,,,,1,,,,,,,,,,,,2,1,2,2,,,,,0,,,,,,,,,,,,,,,,,,,,,,,,,,,,,,,,,,,,,,,,,,,,,,,,,,,,,,,,,,,,,,,,,,,,,,,,,,,,,
"JK4 FALCON 2.1 SP2 RR LH 1.5-2.5""",jk4-falcon-2-1-sp2-rr-lh-1-5-2-5,,195526,"JK4 FALCON 2.1 SP2 RR LH 1.5-2.5""","JK4 FALCON 2.1 SP2 RR LH 1.5-2.5""",publish,,0,"2025-10-21 01:18:27",52,open,03-02-21-321-002,,,no,no,,220.99,,,,,,,instock,no,no,,no,taxable,,,,,,,'-1,'-1,,,"https://fuel1direct.com/wp-content/uploads/2025/10/03-02-21-321-002-jpg.jpg-filenameUTF-803-02-21-321-002-jpg.jpg ! alt :  ! title :  ! desc :  ! caption : ",,https://fuel1direct.com/product/jk4-falcon-2-1-sp2-rr-lh-1-5-2-5/,,"Falcon Shocks",simple,,"Trucks: Lifts Kits, Wheel Packages & Customization > Suspension & Lift Kits - Trucks > Shocks & Struts - Truck","Falcon Shocks",,,,,[4674],"Florida, United States",28.944465,'-82.03363,1,,,,1,,,,,,,,,1,,,,,,,,,,,,1,1,1,1,,,,,0,,,,,,,,,,,,,,,,,,,,,,,,,,,,,,,,,,,,,,,,,,,,,,,,,,,,,,,,,,,,,,,,,,,,,,,,,,,,,
"JK4 FALCON 2.1 SP2 RR LH 3-3.5""",jk4-falcon-2-1-sp2-rr-lh-3-3-5,,195527,"JK4 FALCON 2.1 SP2 RR LH 3-3.5""","JK4 FALCON 2.1 SP2 RR LH 3-3.5""",publish,,0,"2025-10-21 01:18:29",52,open,03-02-21-321-253,,,no,no,,220.99,,,,,,,instock,no,no,,no,taxable,,,,,,,'-1,'-1,,,"https://fuel1direct.com/wp-content/uploads/2025/10/03-02-21-321-253-jpg.jpg-filenameUTF-803-02-21-321-253-jpg.jpg ! alt :  ! title :  ! desc :  ! caption : ",,https://fuel1direct.com/product/jk4-falcon-2-1-sp2-rr-lh-3-3-5/,,"Falcon Shocks",simple,,"Trucks: Lifts Kits, Wheel Packages & Customization > Suspension & Lift Kits - Trucks > Shocks & Struts - Truck","Falcon Shocks",,,,,[4674],"Florida, United States",28.944465,'-82.03363,1,,,,4,,,,,,,,,1,,,,,,,,,,,,6,1,1,5,,,,,0,,,,,,,,,,,,,,,,,,,,,,,,,,,,,,,,,,,,,,,,,,,,,,,,,,,,,,,,,,,,,,,,,,,,,,,,,,,,,
"JK4 FALCON 2.1 SP2 RR LH 4-6""",jk4-falcon-2-1-sp2-rr-lh-4-6,,195528,"JK4 FALCON 2.1 SP2 RR LH 4-6""","JK4 FALCON 2.1 SP2 RR LH 4-6""",publish,,0,"2025-10-21 01:18:31",52,open,03-02-21-321-406,,,no,no,,220.99,,,,,,,instock,no,no,,no,taxable,,,,,,,'-1,'-1,,,"https://fuel1direct.com/wp-content/uploads/2025/10/03-02-21-321-406-jpg.jpg-filenameUTF-803-02-21-321-406-jpg.jpg ! alt :  ! title :  ! desc :  ! caption : ",,https://fuel1direct.com/product/jk4-falcon-2-1-sp2-rr-lh-4-6/,,"Falcon Shocks",simple,,"Trucks: Lifts Kits, Wheel Packages & Customization > Suspension & Lift Kits - Trucks > Shocks & Struts - Truck","Falcon Shocks",,,,,[4674],"Florida, United States",28.944465,'-82.03363,1,,,,,,,,,,,,,1,,,,,,,,,,,,3,1,1,3,,,,,0,,,,,,,,,,,,,,,,,,,,,,,,,,,,,,,,,,,,,,,,,,,,,,,,,,,,,,,,,,,,,,,,,,,,,,,,,,,,,
"JK4 FALCON 2.1 SP2 RR RH 1.5-2.5""",jk4-falcon-2-1-sp2-rr-rh-1-5-2-5,,195529,"JK4 FALCON 2.1 SP2 RR RH 1.5-2.5""","JK4 FALCON 2.1 SP2 RR RH 1.5-2.5""",publish,,0,"2025-10-21 01:18:33",52,open,03-02-21-322-002,,,no,no,,220.99,,,,,,,instock,no,no,,no,taxable,,,,,,,'-1,'-1,,,"https://fuel1direct.com/wp-content/uploads/2025/10/03-02-21-322-002-jpg.jpg-filenameUTF-803-02-21-322-002-jpg.jpg ! alt :  ! title :  ! desc :  ! caption : ",,https://fuel1direct.com/product/jk4-falcon-2-1-sp2-rr-rh-1-5-2-5/,,"Falcon Shocks",simple,,"Trucks: Lifts Kits, Wheel Packages & Customization > Suspension & Lift Kits - Trucks > Shocks & Struts - Truck","Falcon Shocks",,,,,[4674],"Florida, United States",28.944465,'-82.03363,1,,,,2,,,,,,,,,1,,,,,,,,,,,,2,1,2,2,,,,,0,,,,,,,,,,,,,,,,,,,,,,,,,,,,,,,,,,,,,,,,,,,,,,,,,,,,,,,,,,,,,,,,,,,,,,,,,,,,,
"JK4 FALCON 2.1 SP2 RR RH 3-3.5""",jk4-falcon-2-1-sp2-rr-rh-3-3-5,,195530,"JK4 FALCON 2.1 SP2 RR RH 3-3.5""","JK4 FALCON 2.1 SP2 RR RH 3-3.5""",publish,,0,"2025-10-21 01:18:35",52,open,03-02-21-322-253,,,no,no,,220.99,,,,,,,instock,no,no,,no,taxable,,,,,,,'-1,'-1,,,"https://fuel1direct.com/wp-content/uploads/2025/10/03-02-21-322-253-jpg.jpg-filenameUTF-803-02-21-322-253-jpg.jpg ! alt :  ! title :  ! desc :  ! caption : ",,https://fuel1direct.com/product/jk4-falcon-2-1-sp2-rr-rh-3-3-5/,,"Falcon Shocks",simple,,"Trucks: Lifts Kits, Wheel Packages & Customization > Suspension & Lift Kits - Trucks > Shocks & Struts - Truck","Falcon Shocks",,,,,[4674],"Florida, United States",28.944465,'-82.03363,1,,,,3,,,,,,,,,1,,,,,,,,,,,,2,1,1,1,,,,,0,,,,,,,,,,,,,,,,,,,,,,,,,,,,,,,,,,,,,,,,,,,,,,,,,,,,,,,,,,,,,,,,,,,,,,,,,,,,,
"JK4 FALCON 2.1 SP2 SHOCK KIT 1.5-2.5""",jk4-falcon-2-1-sp2-shock-kit-1-5-2-5,,195531,"JK4 FALCON 2.1 SP2 SHOCK KIT 1.5-2.5""","JK4 FALCON 2.1 SP2 SHOCK KIT 1.5-2.5""",publish,,0,"2025-10-21 01:18:37",52,open,03-02-21-400-002,,,no,no,,941.99,,,,,,,instock,no,no,,no,taxable,,,,,,,'-1,'-1,,,"https://fuel1direct.com/wp-content/uploads/2025/10/03-02-21-400-002-jpg.jpg-filenameUTF-803-02-21-400-002-jpg.jpg ! alt :  ! title :  ! desc :  ! caption : ",,https://fuel1direct.com/product/jk4-falcon-2-1-sp2-shock-kit-1-5-2-5/,,"Falcon Shocks",simple,,"Trucks: Lifts Kits, Wheel Packages & Customization > Suspension & Lift Kits - Trucks > Shocks & Struts - Truck","Falcon Shocks",,,,,[4674],"Florida, United States",28.944465,'-82.03363,1,,,,5,,,,,,,,,1,,,,,,,,,,,,10,1,1,7,,,,,0,,,,,,,,,,,,,,,,,,,,,,,,,,,,,,,,,,,,,,,,,,,,,,,,,,,,,,,,,,,,,,,,,,,,,,,,,,,,,
"JK4 FALCON 2.1 SP2 SHOCK KIT 3-3.5""",jk4-falcon-2-1-sp2-shock-kit-3-3-5,,195532,"JK4 FALCON 2.1 SP2 SHOCK KIT 3-3.5""","JK4 FALCON 2.1 SP2 SHOCK KIT 3-3.5""",publish,,0,"2025-10-21 01:18:40",52,open,03-02-21-400-253,,,no,no,,941.99,,,,,,,instock,no,no,,no,taxable,,,,,,,'-1,'-1,,,"https://fuel1direct.com/wp-content/uploads/2025/10/03-02-21-400-253-jpg.jpg-filenameUTF-803-02-21-400-253-jpg.jpg ! alt :  ! title :  ! desc :  ! caption : ",,https://fuel1direct.com/product/jk4-falcon-2-1-sp2-shock-kit-3-3-5/,,"Falcon Shocks",simple,,"Trucks: Lifts Kits, Wheel Packages & Customization > Suspension & Lift Kits - Trucks > Shocks & Struts - Truck","Falcon Shocks",,,,,[4674],"Florida, United States",28.944465,'-82.03363,1,,,,2,,,,,,,,,1,,,,,,,,,,,,2,1,1,2,,,,,0,,,,,,,,,,,,,,,,,,,,,,,,,,,,,,,,,,,,,,,,,,,,,,,,,,,,,,,,,,,,,,,,,,,,,,,,,,,,,
"JK4 FALCON 2.1 SP2 SHOCK KIT 4-6""",jk4-falcon-2-1-sp2-shock-kit-4-6,,195533,"JK4 FALCON 2.1 SP2 SHOCK KIT 4-6""","JK4 FALCON 2.1 SP2 SHOCK KIT 4-6""",publish,,0,"2025-10-21 01:18:42",52,open,03-02-21-400-406,,,no,no,,941.99,,,,,,,instock,no,no,,no,taxable,,,,,,,'-1,'-1,,,"https://fuel1direct.com/wp-content/uploads/2025/10/03-02-21-400-406-jpg.jpg-filenameUTF-803-02-21-400-406-jpg.jpg ! alt :  ! title :  ! desc :  ! caption : ",,https://fuel1direct.com/product/jk4-falcon-2-1-sp2-shock-kit-4-6/,,"Falcon Shocks",simple,,"Trucks: Lifts Kits, Wheel Packages & Customization > Suspension & Lift Kits - Trucks > Shocks & Struts - Truck","Falcon Shocks",,,,,[4674],"Florida, United States",28.944465,'-82.03363,1,,,,4,,,,,,,,,1,,,,,,,,,,,,4,1,1,4,,,,,0,,,,,,,,,,,,,,,,,,,,,,,,,,,,,,,,,,,,,,,,,,,,,,,,,,,,,,,,,,,,,,,,,,,,,,,,,,,,,
"JK4 FALCON 3.1 SP2 RR LH 1.5-2.5""",jk4-falcon-3-1-sp2-rr-lh-1-5-2-5,,195534,"JK4 FALCON 3.1 SP2 RR LH 1.5-2.5""","JK4 FALCON 3.1 SP2 RR LH 1.5-2.5""",publish,,0,"2025-10-21 01:18:44",52,open,03-02-31-321-002,,,no,no,,366.99,,,,,,,instock,no,no,,no,taxable,,,,,,,'-1,'-1,,,"https://fuel1direct.com/wp-content/uploads/2025/10/03-02-31-321-002-jpg.jpg-filenameUTF-803-02-31-321-002-jpg.jpg ! alt :  ! title :  ! desc :  ! caption : ",,https://fuel1direct.com/product/jk4-falcon-3-1-sp2-rr-lh-1-5-2-5/,,"Falcon Shocks",simple,,"Trucks: Lifts Kits, Wheel Packages & Customization > Suspension & Lift Kits - Trucks > Shocks & Struts - Truck","Falcon Shocks",,,,,[4674],"Florida, United States",28.944465,'-82.03363,1,,,,1,,,,,,,,,1,,,,,,,,,,,,1,1,1,1,,,,,0,,,,,,,,,,,,,,,,,,,,,,,,,,,,,,,,,,,,,,,,,,,,,,,,,,,,,,,,,,,,,,,,,,,,,,,,,,,,,
"JK4 FALCON 3.1 SP2 RR LH 3-4.5""",jk4-falcon-3-1-sp2-rr-lh-3-4-5,,195535,"JK4 FALCON 3.1 SP2 RR LH 3-4.5""","JK4 FALCON 3.1 SP2 RR LH 3-4.5""",publish,,0,"2025-10-21 01:18:52",52,open,03-02-31-321-253,,,no,no,,366.99,,,,,,,instock,no,no,,no,taxable,,,,,,,'-1,'-1,,,"https://fuel1direct.com/wp-content/uploads/2025/10/03-02-31-321-253-jpg.jpg-filenameUTF-803-02-31-321-253-jpg.jpg ! alt :  ! title :  ! desc :  ! caption : ",,https://fuel1direct.com/product/jk4-falcon-3-1-sp2-rr-lh-3-4-5/,,"Falcon Shocks",simple,,"Trucks: Lifts Kits, Wheel Packages & Customization > Suspension & Lift Kits - Trucks > Shocks & Struts - Truck","Falcon Shocks",,,,,[4674],"Florida, United States",28.944465,'-82.03363,1,,,,1,,,,,,,,,1,,,,,,,,,,,,1,1,1,1,,,,,0,,,,,,,,,,,,,,,,,,,,,,,,,,,,,,,,,,,,,,,,,,,,,,,,,,,,,,,,,,,,,,,,,,,,,,,,,,,,,
"JK4 FALCON 3.1 SP2 RR LH 5-6""",jk4-falcon-3-1-sp2-rr-lh-5-6,,195536,"JK4 FALCON 3.1 SP2 RR LH 5-6""","JK4 FALCON 3.1 SP2 RR LH 5-6""",publish,,0,"2025-10-21 01:19:08",52,open,03-02-31-321-406,,,no,no,,366.99,,,,,,,instock,no,no,,no,taxable,,,,,,,'-1,'-1,,,"https://fuel1direct.com/wp-content/uploads/2025/10/03-02-31-321-406-jpg.jpg-filenameUTF-803-02-31-321-406-jpg.jpg ! alt :  ! title :  ! desc :  ! caption : ",,https://fuel1direct.com/product/jk4-falcon-3-1-sp2-rr-lh-5-6/,,"Falcon Shocks",simple,,"Trucks: Lifts Kits, Wheel Packages & Customization > Suspension & Lift Kits - Trucks > Shocks & Struts - Truck","Falcon Shocks",,,,,[4674],"Florida, United States",28.944465,'-82.03363,1,,,,1,,,,,,,,,1,,,,,,,,,,,,2,1,1,1,,,,,0,,,,,,,,,,,,,,,,,,,,,,,,,,,,,,,,,,,,,,,,,,,,,,,,,,,,,,,,,,,,,,,,,,,,,,,,,,,,,
"JK4 FALCON 3.1 SP2 RR RH 1.5-2.5""",jk4-falcon-3-1-sp2-rr-rh-1-5-2-5,,195537,"JK4 FALCON 3.1 SP2 RR RH 1.5-2.5""","JK4 FALCON 3.1 SP2 RR RH 1.5-2.5""",publish,,0,"2025-10-21 01:19:10",52,open,03-02-31-322-002,,,no,no,,366.99,,,,,,,instock,no,no,,no,taxable,,,,,,,'-1,'-1,,,"https://fuel1direct.com/wp-content/uploads/2025/10/03-02-31-322-002-jpg.jpg-filenameUTF-803-02-31-322-002-jpg.jpg ! alt :  ! title :  ! desc :  ! caption : ",,https://fuel1direct.com/product/jk4-falcon-3-1-sp2-rr-rh-1-5-2-5/,,"Falcon Shocks",simple,,"Trucks: Lifts Kits, Wheel Packages & Customization > Suspension & Lift Kits - Trucks > Shocks & Struts - Truck","Falcon Shocks",,,,,[4674],"Florida, United States",28.944465,'-82.03363,1,,,,3,,,,,,,,,1,,,,,,,,,,,,4,1,2,2,,,,,0,,,,,,,,,,,,,,,,,,,,,,,,,,,,,,,,,,,,,,,,,,,,,,,,,,,,,,,,,,,,,,,,,,,,,,,,,,,,,
"JK4 FALCON 3.1 SP2 RR RH 3-4.5""",jk4-falcon-3-1-sp2-rr-rh-3-4-5,,195538,"JK4 FALCON 3.1 SP2 RR RH 3-4.5""","JK4 FALCON 3.1 SP2 RR RH 3-4.5""",publish,,0,"2025-10-21 01:19:12",52,open,03-02-31-322-253,,,no,no,,366.99,,,,,,,instock,no,no,,no,taxable,,,,,,,'-1,'-1,,,"https://fuel1direct.com/wp-content/uploads/2025/10/03-02-31-322-253-jpg.jpg-filenameUTF-803-02-31-322-253-jpg.jpg ! alt :  ! title :  ! desc :  ! caption : ",,https://fuel1direct.com/product/jk4-falcon-3-1-sp2-rr-rh-3-4-5/,,"Falcon Shocks",simple,,"Trucks: Lifts Kits, Wheel Packages & Customization > Suspension & Lift Kits - Trucks > Shocks & Struts - Truck","Falcon Shocks",,,,,[4674],"Florida, United States",28.944465,'-82.03363,1,,,,1,,,,,,,,,1,,,,,,,,,,,,3,1,2,2,,,,,0,,,,,,,,,,,,,,,,,,,,,,,,,,,,,,,,,,,,,,,,,,,,,,,,,,,,,,,,,,,,,,,,,,,,,,,,,,,,,
"JK4 FALCON 3.1 SP2 RR RH 5-6""",jk4-falcon-3-1-sp2-rr-rh-5-6,,195539,"JK4 FALCON 3.1 SP2 RR RH 5-6""","JK4 FALCON 3.1 SP2 RR RH 5-6""",publish,,0,"2025-10-21 01:19:14",52,open,03-02-31-322-406,,,no,no,,366.99,,,,,,,instock,no,no,,no,taxable,,,,,,,'-1,'-1,,,"https://fuel1direct.com/wp-content/uploads/2025/10/03-02-31-322-406-jpg.jpg-filenameUTF-803-02-31-322-406-jpg.jpg ! alt :  ! title :  ! desc :  ! caption : ",,https://fuel1direct.com/product/jk4-falcon-3-1-sp2-rr-rh-5-6/,,"Falcon Shocks",simple,,"Trucks: Lifts Kits, Wheel Packages & Customization > Suspension & Lift Kits - Trucks > Shocks & Struts - Truck","Falcon Shocks",,,,,[4674],"Florida, United States",28.944465,'-82.03363,1,,,,1,,,,,,,,,1,,,,,,,,,,,,3,1,2,2,,,,,0,,,,,,,,,,,,,,,,,,,,,,,,,,,,,,,,,,,,,,,,,,,,,,,,,,,,,,,,,,,,,,,,,,,,,,,,,,,,,
"JK4 FALCON 3.1 SP2 SHOCK KIT 1.5-2.5""",jk4-falcon-3-1-sp2-shock-kit-1-5-2-5,,195540,"JK4 FALCON 3.1 SP2 SHOCK KIT 1.5-2.5""","JK4 FALCON 3.1 SP2 SHOCK KIT 1.5-2.5""",publish,,0,"2025-10-21 01:19:17",52,open,03-02-31-400-002,,,no,no,,1568.99,,,,,,,instock,no,no,,no,taxable,,,,,,,'-1,'-1,,,"https://fuel1direct.com/wp-content/uploads/2025/10/03-02-31-400-002-jpg.jpg-filenameUTF-803-02-31-400-002-jpg.jpg ! alt :  ! title :  ! desc :  ! caption : ",,https://fuel1direct.com/product/jk4-falcon-3-1-sp2-shock-kit-1-5-2-5/,,"Falcon Shocks",simple,,"Trucks: Lifts Kits, Wheel Packages & Customization > Suspension & Lift Kits - Trucks > Shocks & Struts - Truck","Falcon Shocks",,,,,[4674],"Florida, United States",28.944465,'-82.03363,1,,,,3,,,,,,,,,1,,,,,,,,,,,,7,1,3,6,,,,,0,,,,,,,,,,,,,,,,,,,,,,,,,,,,,,,,,,,,,,,,,,,,,,,,,,,,,,,,,,,,,,,,,,,,,,,,,,,,,
"JK4 FALCON 3.1 SP2 SHOCK KIT 3-3.5""",jk4-falcon-3-1-sp2-shock-kit-3-3-5,,195541,"JK4 FALCON 3.1 SP2 SHOCK KIT 3-3.5""","JK4 FALCON 3.1 SP2 SHOCK KIT 3-3.5""",publish,,0,"2025-10-21 01:19:19",52,open,03-02-31-400-253,,,no,no,,1568.99,,,,,,,instock,no,no,,no,taxable,,,,,,,'-1,'-1,,,"https://fuel1direct.com/wp-content/uploads/2025/10/03-02-31-400-253-jpg.jpg-filenameUTF-803-02-31-400-253-jpg.jpg ! alt :  ! title :  ! desc :  ! caption : ",,https://fuel1direct.com/product/jk4-falcon-3-1-sp2-shock-kit-3-3-5/,,"Falcon Shocks",simple,,"Trucks: Lifts Kits, Wheel Packages & Customization > Suspension & Lift Kits - Trucks > Shocks & Struts - Truck","Falcon Shocks",,,,,[4674],"Florida, United States",28.944465,'-82.03363,1,,,,4,,,,,,,,,1,,,,,,,,,,,,6,1,1,6,,,,,0,,,,,,,,,,,,,,,,,,,,,,,,,,,,,,,,,,,,,,,,,,,,,,,,,,,,,,,,,,,,,,,,,,,,,,,,,,,,,
"JK4 FALCON 3.1 SP2 SHOCK KIT 4-6""",jk4-falcon-3-1-sp2-shock-kit-4-6,,195542,"JK4 FALCON 3.1 SP2 SHOCK KIT 4-6""","JK4 FALCON 3.1 SP2 SHOCK KIT 4-6""",publish,,0,"2025-10-21 01:19:22",52,open,03-02-31-400-406,,,no,no,,1568.99,,,,,,,instock,no,no,,no,taxable,,,,,,,'-1,'-1,,,"https://fuel1direct.com/wp-content/uploads/2025/10/03-02-31-400-406-jpg.jpg-filenameUTF-803-02-31-400-406-jpg.jpg ! alt :  ! title :  ! desc :  ! caption : ",,https://fuel1direct.com/product/jk4-falcon-3-1-sp2-shock-kit-4-6/,,"Falcon Shocks",simple,,"Trucks: Lifts Kits, Wheel Packages & Customization > Suspension & Lift Kits - Trucks > Shocks & Struts - Truck","Falcon Shocks",,,,,[4674],"Florida, United States",28.944465,'-82.03363,1,,,,2,,,,,,,,,1,,,,,,,,,,,,2,1,1,1,,,,,0,,,,,,,,,,,,,,,,,,,,,,,,,,,,,,,,,,,,,,,,,,,,,,,,,,,,,,,,,,,,,,,,,,,,,,,,,,,,,
"JK4 FALCON 3.3 SP2 SHOCK RR LH 1.5-2.5""",jk4-falcon-3-3-sp2-shock-rr-lh-1-5-2-5,,195543,"JK4 FALCON 3.3 SP2 SHOCK RR LH 1.5-2.5""","JK4 FALCON 3.3 SP2 SHOCK RR LH 1.5-2.5""",publish,,0,"2025-10-21 01:19:24",52,open,03-02-33-321-002,,,no,no,,482.99,,,,,,,instock,no,no,,no,taxable,,,,,,,'-1,'-1,,,"https://fuel1direct.com/wp-content/uploads/2025/10/03-02-33-321-002-jpg.jpg-filenameUTF-803-02-33-321-002-jpg.jpg ! alt :  ! title :  ! desc :  ! caption : ",,https://fuel1direct.com/product/jk4-falcon-3-3-sp2-shock-rr-lh-1-5-2-5/,,"Falcon Shocks",simple,,"Trucks: Lifts Kits, Wheel Packages & Customization > Suspension & Lift Kits - Trucks > Shocks & Struts - Truck","Falcon Shocks",,,,,[4674],"Florida, United States",28.944465,'-82.03363,1,,,,3,,,,,,,,,1,,,,,,,,,,,,7,1,1,5,,,,,0,,,,,,,,,,,,,,,,,,,,,,,,,,,,,,,,,,,,,,,,,,,,,,,,,,,,,,,,,,,,,,,,,,,,,,,,,,,,,
"JK4 FALCON 3.3 SP2 SHOCK RR LH 3-4.5""",jk4-falcon-3-3-sp2-shock-rr-lh-3-4-5,,195544,"JK4 FALCON 3.3 SP2 SHOCK RR LH 3-4.5""","JK4 FALCON 3.3 SP2 SHOCK RR LH 3-4.5""",publish,,0,"2025-10-21 01:19:26",52,open,03-02-33-321-253,,,no,no,,482.99,,,,,,,instock,no,no,,no,taxable,,,,,,,'-1,'-1,,,"https://fuel1direct.com/wp-content/uploads/2025/10/03-02-33-321-253-jpg.jpg-filenameUTF-803-02-33-321-253-jpg.jpg ! alt :  ! title :  ! desc :  ! caption : ",,https://fuel1direct.com/product/jk4-falcon-3-3-sp2-shock-rr-lh-3-4-5/,,"Falcon Shocks",simple,,"Trucks: Lifts Kits, Wheel Packages & Customization > Suspension & Lift Kits - Trucks > Shocks & Struts - Truck","Falcon Shocks",,,,,[4674],"Florida, United States",28.944465,'-82.03363,1,,,,2,,,,,,,,,1,,,,,,,,,,,,3,2,3,3,,,,,0,,,,,,,,,,,,,,,,,,,,,,,,,,,,,,,,,,,,,,,,,,,,,,,,,,,,,,,,,,,,,,,,,,,,,,,,,,,,,
"JK4 FALCON 3.3 SP2 SHOCK RR LH 5-6""",jk4-falcon-3-3-sp2-shock-rr-lh-5-6,,195545,"JK4 FALCON 3.3 SP2 SHOCK RR LH 5-6""","JK4 FALCON 3.3 SP2 SHOCK RR LH 5-6""",publish,,0,"2025-10-21 01:19:35",52,open,03-02-33-321-406,,,no,no,,482.99,,,,,,,instock,no,no,,no,taxable,,,,,,,'-1,'-1,,,"https://fuel1direct.com/wp-content/uploads/2025/10/03-02-33-321-406-jpg.jpg-filenameUTF-803-02-33-321-406-jpg.jpg ! alt :  ! title :  ! desc :  ! caption : ",,https://fuel1direct.com/product/jk4-falcon-3-3-sp2-shock-rr-lh-5-6/,,"Falcon Shocks",simple,,"Trucks: Lifts Kits, Wheel Packages & Customization > Suspension & Lift Kits - Trucks > Shocks & Struts - Truck","Falcon Shocks",,,,,[4674],"Florida, United States",28.944465,'-82.03363,1,,,,1,,,,,,,,,1,,,,,,,,,,,,1,1,1,1,,,,,0,,,,,,,,,,,,,,,,,,,,,,,,,,,,,,,,,,,,,,,,,,,,,,,,,,,,,,,,,,,,,,,,,,,,,,,,,,,,,
"JK4 FALCON 3.3 SP2 SHOCK RR RH 1.5-2.5""",jk4-falcon-3-3-sp2-shock-rr-rh-1-5-2-5,,195546,"JK4 FALCON 3.3 SP2 SHOCK RR RH 1.5-2.5""","JK4 FALCON 3.3 SP2 SHOCK RR RH 1.5-2.5""",publish,,0,"2025-10-21 01:19:48",52,open,03-02-33-322-002,,,no,no,,482.99,,,,,,,instock,no,no,,no,taxable,,,,,,,'-1,'-1,,,"https://fuel1direct.com/wp-content/uploads/2025/10/03-02-33-322-002-jpg.jpg-filenameUTF-803-02-33-322-002-jpg.jpg ! alt :  ! title :  ! desc :  ! caption : ",,https://fuel1direct.com/product/jk4-falcon-3-3-sp2-shock-rr-rh-1-5-2-5/,,"Falcon Shocks",simple,,"Trucks: Lifts Kits, Wheel Packages & Customization > Suspension & Lift Kits - Trucks > Shocks & Struts - Truck","Falcon Shocks",,,,,[4674],"Florida, United States",28.944465,'-82.03363,1,,,,3,,,,,,,,,1,,,,,,,,,,,,4,1,1,3,,,,,0,,,,,,,,,,,,,,,,,,,,,,,,,,,,,,,,,,,,,,,,,,,,,,,,,,,,,,,,,,,,,,,,,,,,,,,,,,,,,
"JK4 FALCON 3.3 SP2 SHOCK RR RH 3-4.5""",jk4-falcon-3-3-sp2-shock-rr-rh-3-4-5,,195547,"JK4 FALCON 3.3 SP2 SHOCK RR RH 3-4.5""","JK4 FALCON 3.3 SP2 SHOCK RR RH 3-4.5""",publish,,0,"2025-10-21 01:19:50",52,open,03-02-33-322-253,,,no,no,,482.99,,,,,,,instock,no,no,,no,taxable,,,,,,,'-1,'-1,,,"https://fuel1direct.com/wp-content/uploads/2025/10/03-02-33-322-253-jpg.jpg-filenameUTF-803-02-33-322-253-jpg.jpg ! alt :  ! title :  ! desc :  ! caption : ",,https://fuel1direct.com/product/jk4-falcon-3-3-sp2-shock-rr-rh-3-4-5/,,"Falcon Shocks",simple,,"Trucks: Lifts Kits, Wheel Packages & Customization > Suspension & Lift Kits - Trucks > Shocks & Struts - Truck","Falcon Shocks",,,,,[4674],"Florida, United States",28.944465,'-82.03363,1,,,,3,,,,,,,,,1,,,,,,,,,,,,7,1,1,6,,,,,0,,,,,,,,,,,,,,,,,,,,,,,,,,,,,,,,,,,,,,,,,,,,,,,,,,,,,,,,,,,,,,,,,,,,,,,,,,,,,
"JK4 FALCON 3.3 SP2 SHOCK RR RH 5-6""",jk4-falcon-3-3-sp2-shock-rr-rh-5-6,,195548,"JK4 FALCON 3.3 SP2 SHOCK RR RH 5-6""","JK4 FALCON 3.3 SP2 SHOCK RR RH 5-6""",publish,,0,"2025-10-21 01:19:52",52,open,03-02-33-322-406,,,no,no,,482.99,,,,,,,instock,no,no,,no,taxable,,,,,,,'-1,'-1,,,"https://fuel1direct.com/wp-content/uploads/2025/10/03-02-33-322-406-jpg.jpg-filenameUTF-803-02-33-322-406-jpg.jpg ! alt :  ! title :  ! desc :  ! caption : ",,https://fuel1direct.com/product/jk4-falcon-3-3-sp2-shock-rr-rh-5-6/,,"Falcon Shocks",simple,,"Trucks: Lifts Kits, Wheel Packages & Customization > Suspension & Lift Kits - Trucks > Shocks & Struts - Truck","Falcon Shocks",,,,,[4674],"Florida, United States",28.944465,'-82.03363,1,,,,4,,,,,,,,,1,,,,,,,,,,,,6,1,1,4,,,,,0,,,,,,,,,,,,,,,,,,,,,,,,,,,,,,,,,,,,,,,,,,,,,,,,,,,,,,,,,,,,,,,,,,,,,,,,,,,,,
"JK4 FALCON 3.3 SP2 SHOCK KIT 1.5-2.5""",jk4-falcon-3-3-sp2-shock-kit-1-5-2-5,,195549,"JK4 FALCON 3.3 SP2 SHOCK KIT 1.5-2.5""","JK4 FALCON 3.3 SP2 SHOCK KIT 1.5-2.5""",publish,,0,"2025-10-21 01:19:54",52,open,03-02-33-400-002,,,no,no,,2065.99,,,,,,,instock,no,no,,no,taxable,,,,,,,'-1,'-1,,,"https://fuel1direct.com/wp-content/uploads/2025/10/03-02-33-400-002-jpg.jpg-filenameUTF-803-02-33-400-002-jpg.jpg ! alt :  ! title :  ! desc :  ! caption : ",,https://fuel1direct.com/product/jk4-falcon-3-3-sp2-shock-kit-1-5-2-5/,,"Falcon Shocks",simple,,"Trucks: Lifts Kits, Wheel Packages & Customization > Suspension & Lift Kits - Trucks > Shocks & Struts - Truck","Falcon Shocks",,,,,[4674],"Florida, United States",28.944465,'-82.03363,1,,,,,,,,,,,,,1,,,,,,,,,,,,4,1,1,2,,,,,0,,,,,,,,,,,,,,,,,,,,,,,,,,,,,,,,,,,,,,,,,,,,,,,,,,,,,,,,,,,,,,,,,,,,,,,,,,,,,
"JK4 FALCON 3.3 SP2 SHOCK KIT 3-4.5""",jk4-falcon-3-3-sp2-shock-kit-3-4-5,,195550,"JK4 FALCON 3.3 SP2 SHOCK KIT 3-4.5""","JK4 FALCON 3.3 SP2 SHOCK KIT 3-4.5""",publish,,0,"2025-10-21 01:19:56",52,open,03-02-33-400-253,,,no,no,,2065.99,,,,,,,instock,no,no,,no,taxable,,,,,,,'-1,'-1,,,"https://fuel1direct.com/wp-content/uploads/2025/10/03-02-33-400-253-jpg.jpg-filenameUTF-803-02-33-400-253-jpg.jpg ! alt :  ! title :  ! desc :  ! caption : ",,https://fuel1direct.com/product/jk4-falcon-3-3-sp2-shock-kit-3-4-5/,,"Falcon Shocks",simple,,"Trucks: Lifts Kits, Wheel Packages & Customization > Suspension & Lift Kits - Trucks > Shocks & Struts - Truck","Falcon Shocks",,,,,[4674],"Florida, United States",28.944465,'-82.03363,1,,,,3,,,,,,,,,1,,,,,,,,,,,,5,1,2,4,,,,,0,,,,,,,,,,,,,,,,,,,,,,,,,,,,,,,,,,,,,,,,,,,,,,,,,,,,,,,,,,,,,,,,,,,,,,,,,,,,,
"JK4 FALCON 3.3 SP2 SHOCK KIT 5-6""",jk4-falcon-3-3-sp2-shock-kit-5-6,,195551,"JK4 FALCON 3.3 SP2 SHOCK KIT 5-6""","JK4 FALCON 3.3 SP2 SHOCK KIT 5-6""",publish,,0,"2025-10-21 01:19:57",52,open,03-02-33-400-406,,,no,no,,2065.99,,,,,,,instock,no,no,,no,taxable,,,,,,,'-1,'-1,,,"https://fuel1direct.com/wp-content/uploads/2025/10/03-02-33-400-406-jpg.jpg-filenameUTF-803-02-33-400-406-jpg.jpg ! alt :  ! title :  ! desc :  ! caption : ",,https://fuel1direct.com/product/jk4-falcon-3-3-sp2-shock-kit-5-6/,,"Falcon Shocks",simple,,"Trucks: Lifts Kits, Wheel Packages & Customization > Suspension & Lift Kits - Trucks > Shocks & Struts - Truck","Falcon Shocks",,,,,[4674],"Florida, United States",28.944465,'-82.03363,1,,,,3,,,,,,,,,1,,,,,,,,,,,,4,2,2,3,,,,,0,,,,,,,,,,,,,,,,,,,,,,,,,,,,,,,,,,,,,,,,,,,,,,,,,,,,,,,,,,,,,,,,,,,,,,,,,,,,,
"TJ FALCON 3.0 SHOCK KIT (3-4 LIFT)",tj-falcon-3-0-shock-kit-3-4-lift,,195552,"TJ FALCON 3.0 SHOCK KIT (3-4 LIFT)","TJ FALCON 3.0 SHOCK KIT (3-4 LIFT)",publish,,0,"2025-10-21 01:19:59",52,open,04-01-30-400-304,,,no,no,,1427.99,,,,,,,instock,no,no,,no,taxable,,,,,,,'-1,'-1,,,"https://fuel1direct.com/wp-content/uploads/2025/10/04-01-30-400-304-jpg.jpg-filenameUTF-804-01-30-400-304-jpg.jpg ! alt :  ! title :  ! desc :  ! caption : ",,https://fuel1direct.com/product/tj-falcon-3-0-shock-kit-3-4%c2%9d-lift/,,"Falcon Shocks",simple,,"Trucks: Lifts Kits, Wheel Packages & Customization > Suspension & Lift Kits - Trucks > Shocks & Struts - Truck","Falcon Shocks",,,,,[4674],"Florida, United States",28.944465,'-82.03363,1,,,,2,,,,,,,,,1,,,,,,,,,,,,3,1,2,3,,,,,0,,,,,,,,,,,,,,,,,,,,,,,,,,,,,,,,,,,,,,,,,,,,,,,,,,,,,,,,,,,,,,,,,,,,,,,,,,,,,
"TJ FALCON NEXUS EF 2.1 STABILIZER “ OEM",tj-falcon-nexus-ef-2-1-stabilizer-oem,,195553,"TJ FALCON NEXUS EF 2.1 STABILIZER “ OEM","TJ FALCON NEXUS EF 2.1 STABILIZER “ OEM",publish,,0,"2025-10-21 01:20:02",52,open,04-02-21-110-001,,,no,no,,323.99,,,,,,,instock,no,no,,no,taxable,,,,,,,'-1,'-1,,,"https://fuel1direct.com/wp-content/uploads/2025/10/04-02-21-110-001-jpg.jpg-filenameUTF-804-02-21-110-001-jpg.jpg ! alt :  ! title :  ! desc :  ! caption : ",,https://fuel1direct.com/product/tj-falcon-nexus-ef-2-1-stabilizer-oem/,,"Falcon Shocks",simple,,"Trucks: Lifts Kits, Wheel Packages & Customization > Suspension & Lift Kits - Trucks > Shocks & Struts - Truck","Falcon Shocks",,,,,[4674],"Florida, United States",28.944465,'-82.03363,1,,,,1,,,,,,,,,1,,,,,,,,,,,,1,1,1,1,,,,,0,,,,,,,,,,,,,,,,,,,,,,,,,,,,,,,,,,,,,,,,,,,,,,,,,,,,,,,,,,,,,,,,,,,,,,,,,,,,,
"TJ FALCON NEXUS EF 2.2 STABILIZER “ OEM",tj-falcon-nexus-ef-2-2-stabilizer-oem,,195554,"TJ FALCON NEXUS EF 2.2 STABILIZER “ OEM","TJ FALCON NEXUS EF 2.2 STABILIZER “ OEM",publish,,0,"2025-10-21 01:20:04",52,open,04-02-22-110-001,,,no,no,,434.99,,,,,,,instock,no,no,,no,taxable,,,,,,,'-1,'-1,,,"https://fuel1direct.com/wp-content/uploads/2025/10/04-02-22-110-001-jpg.jpg-filenameUTF-804-02-22-110-001-jpg.jpg ! alt :  ! title :  ! desc :  ! caption : ",,https://fuel1direct.com/product/tj-falcon-nexus-ef-2-2-stabilizer-oem/,,"Falcon Shocks",simple,,"Trucks: Lifts Kits, Wheel Packages & Customization > Suspension & Lift Kits - Trucks > Shocks & Struts - Truck","Falcon Shocks",,,,,[4674],"Florida, United States",28.944465,'-82.03363,1,,,,3,,,,,,,,,1,,,,,,,,,,,,4,1,3,4,,,,,0,,,,,,,,,,,,,,,,,,,,,,,,,,,,,,,,,,,,,,,,,,,,,,,,,,,,,,,,,,,,,,,,,,,,,,,,,,,,,
"FORD F-150 (15+) T/H REAR SHOCK 3.2",ford-f-150-15-t-h-rear-shock-3-2,,195556,"FORD F-150 (15+) T/H REAR SHOCK 3.2","FORD F-150 (15+) T/H REAR SHOCK 3.2",publish,,0,"2025-10-21 01:20:28",52,open,05-01-32-320-000,,,no,no,,455.99,,,,,,,instock,no,no,,no,taxable,,,,,,,'-1,'-1,,,,,https://fuel1direct.com/product/ford-f-150-15-t-h-rear-shock-3-2/,,"Falcon Shocks",simple,,"Trucks: Lifts Kits, Wheel Packages & Customization > Suspension & Lift Kits - Trucks > Shocks & Struts - Truck","Falcon Shocks",,,,,[4674],"Florida, United States",28.944465,'-82.03363,1,,,,3,,,,,,,,,1,,,,,,,,,,,,4,1,1,3,,,,,0,,,,,,,,,,,,,,,,,,,,,,,,,,,,,,,,,,,,,,,,,,,,,,,,,,,,,,,,,,,,,,,,,,,,,,,,,,,,,
"FORD F-150 (15+) T/H FRONT COILOVER 2.1",ford-f-150-15-t-h-front-coilover-2-1,,195557,"FORD F-150 (15+) T/H FRONT COILOVER 2.1","FORD F-150 (15+) T/H FRONT COILOVER 2.1",publish,,0,"2025-10-21 01:20:31",52,open,05-03-21-310-000,,,no,no,,721.99,,,,,,,instock,no,no,,no,taxable,,,,,,,'-1,'-1,,,,,https://fuel1direct.com/product/ford-f-150-15-t-h-front-coilover-2-1/,,"Falcon Shocks",simple,,"Trucks: Lifts Kits, Wheel Packages & Customization > Suspension & Lift Kits - Trucks > Shocks & Struts - Truck","Falcon Shocks",,,,,[4674],"Florida, United States",28.944465,'-82.03363,1,,,,1,,,,,,,,,1,,,,,,,,,,,,2,1,1,1,,,,,0,,,,,,,,,,,,,,,,,,,,,,,,,,,,,,,,,,,,,,,,,,,,,,,,,,,,,,,,,,,,,,,,,,,,,,,,,,,,,
"2015+ F-150 2.25 SPORT LEVEL SYSTEM",2015-f-150-2-25-sport-level-system,,195559,"2015+ F-150 2.25 SPORT LEVEL SYSTEM","2015+ F-150 2.25 SPORT LEVEL SYSTEM",publish,,0,"2025-10-21 01:20:36",52,open,05-04-21-400-002,,,no,no,,1775.99,,,,,,,instock,no,no,,no,taxable,,,,,,,'-1,'-1,,,"https://fuel1direct.com/wp-content/uploads/2025/10/05-04-21-400-002-jpg.jpg-filenameUTF-805-04-21-400-002-jpg.jpg ! alt :  ! title :  ! desc :  ! caption : ",,https://fuel1direct.com/product/2015-f-150-2-25%c2%9d-sport-level-system/,,"Falcon Shocks",simple,,"Trucks: Lifts Kits, Wheel Packages & Customization > Suspension & Lift Kits - Trucks > Shocks & Struts - Truck","Falcon Shocks",,,,,[4674],"Florida, United States",28.944465,'-82.03363,1,,,,3,,,,,,,,,1,,,,,,,,,,,,5,3,3,4,,,,,0,,,,,,,,,,,,,,,,,,,,,,,,,,,,,,,,,,,,,,,,,,,,,,,,,,,,,,,,,,,,,,,,,,,,,,,,,,,,,
"FORD F-150 (15+) T/H LEVELING SYSTEM",ford-f-150-15-t-h-leveling-system,,195560,"FORD F-150 (15+) T/H LEVELING SYSTEM","FORD F-150 (15+) T/H LEVELING SYSTEM",publish,,0,"2025-10-21 01:20:39",52,open,05-04-32-400-000,,,no,no,,2602.99,,,,,,,instock,no,no,,no,taxable,,,,,,,'-1,'-1,,,,,https://fuel1direct.com/product/ford-f-150-15-t-h-leveling-system/,,"Falcon Shocks",simple,,"Trucks: Lifts Kits, Wheel Packages & Customization > Suspension & Lift Kits - Trucks > Shocks & Struts - Truck","Falcon Shocks",,,,,[4674],"Florida, United States",28.944465,'-82.03363,1,,,,3,,,,,,,,,1,,,,,,,,,,,,4,1,2,2,,,,,0,,,,,,,,,,,,,,,,,,,,,,,,,,,,,,,,,,,,,,,,,,,,,,,,,,,,,,,,,,,,,,,,,,,,,,,,,,,,,
"2015+ F-150 2.25 TOW/HAUL LEVEL SYSTEM",2015-f-150-2-25-tow-haul-level-system,,195561,"2015+ F-150 2.25 TOW/HAUL LEVEL SYSTEM","2015+ F-150 2.25 TOW/HAUL LEVEL SYSTEM",publish,,0,"2025-10-21 01:20:41",52,open,05-04-32-400-002,,,no,no,,1923.99,,,,,,,instock,no,no,,no,taxable,,,,,,,'-1,'-1,,,"https://fuel1direct.com/wp-content/uploads/2025/10/05-04-32-400-002-jpg.jpg-filenameUTF-805-04-32-400-002-jpg.jpg ! alt :  ! title :  ! desc :  ! caption : ",,https://fuel1direct.com/product/2015-f-150-2-25%c2%9d-tow-haul-level-system/,,"Falcon Shocks",simple,,"Trucks: Lifts Kits, Wheel Packages & Customization > Suspension & Lift Kits - Trucks > Shocks & Struts - Truck","Falcon Shocks",,,,,[4674],"Florida, United States",28.944465,'-82.03363,1,,,,1,,,,,,,,,1,,,,,,,,,,,,1,1,1,1,,,,,0,,,,,,,,,,,,,,,,,,,,,,,,,,,,,,,,,,,,,,,,,,,,,,,,,,,,,,,,,,,,,,,,,,,,,,,,,,,,,
"2015+ F-150 T/H LEVEL SYSTEM (4“6 LIFT)",2015-f-150-t-h-level-system-46-lift,,195562,"2015+ F-150 T/H LEVEL SYSTEM (4“6 LIFT)","2015+ F-150 T/H LEVEL SYSTEM (4“6 LIFT)",publish,,0,"2025-10-21 01:20:44",52,open,05-04-32-400-406,,,no,no,,1923.99,,,,,,,instock,no,no,,no,taxable,,,,,,,'-1,'-1,,,"https://fuel1direct.com/wp-content/uploads/2025/10/05-04-32-400-406-jpg.jpg-filenameUTF-805-04-32-400-406-jpg.jpg ! alt :  ! title :  ! desc :  ! caption : ",,https://fuel1direct.com/product/2015-f-150-t-h-level-system-46%c2%9d-lift/,,"Falcon Shocks",simple,,"Trucks: Lifts Kits, Wheel Packages & Customization > Suspension & Lift Kits - Trucks > Shocks & Struts - Truck","Falcon Shocks",,,,,[4674],"Florida, United States",28.944465,'-82.03363,1,,,,2,,,,,,,,,1,,,,,,,,,,,,2,1,1,1,,,,,0,,,,,,,,,,,,,,,,,,,,,,,,,,,,,,,,,,,,,,,,,,,,,,,,,,,,,,,,,,,,,,,,,,,,,,,,,,,,,
"RAM 4G 1500 2.1 SHOCK FR 0-2.25""",ram-4g-1500-2-1-shock-fr-0-2-25,,195563,"RAM 4G 1500 2.1 SHOCK FR 0-2.25""","RAM 4G 1500 2.1 SHOCK FR 0-2.25""",publish,,0,"2025-10-21 01:20:46",52,open,06-03-21-310-002,,,no,no,,323.99,,,,,,,instock,no,no,,no,taxable,,,,,,,'-1,'-1,,,"https://fuel1direct.com/wp-content/uploads/2025/10/06-03-21-310-002-jpg.jpg-filenameUTF-806-03-21-310-002-jpg.jpg ! alt :  ! title :  ! desc :  ! caption : ",,https://fuel1direct.com/product/ram-4g-1500-2-1-shock-fr-0-2-25/,,"Falcon Shocks",simple,,"Trucks: Lifts Kits, Wheel Packages & Customization > Suspension & Lift Kits - Trucks > Shocks & Struts - Truck","Falcon Shocks",,,,,[4674],"Florida, United States",28.944465,'-82.03363,1,,,,5,,,,,,,,,1,,,,,,,,,,,,6,2,1,1,,,,,0,,,,,,,,,,,,,,,,,,,,,,,,,,,,,,,,,,,,,,,,,,,,,,,,,,,,,,,,,,,,,,,,,,,,,,,,,,,,,
"2009+ RAM 1500 2.25 SPORT LEVEL SYSTEM",2009-ram-1500-2-25-sport-level-system,,195564,"2009+ RAM 1500 2.25 SPORT LEVEL SYSTEM","2009+ RAM 1500 2.25 SPORT LEVEL SYSTEM",publish,,0,"2025-10-21 01:20:48",52,open,06-04-21-400-002,,,no,no,,1613.99,,,,,,,instock,no,no,,no,taxable,,,,,,,'-1,'-1,,,"https://fuel1direct.com/wp-content/uploads/2025/10/06-04-21-400-002-jpg.jpg-filenameUTF-806-04-21-400-002-jpg.jpg ! alt :  ! title :  ! desc :  ! caption : ",,https://fuel1direct.com/product/2009-ram-1500-2-25%c2%9d-sport-level-system/,,"Falcon Shocks",simple,,"Trucks: Lifts Kits, Wheel Packages & Customization > Suspension & Lift Kits - Trucks > Shocks & Struts - Truck","Falcon Shocks",,,,,[4674],"Florida, United States",28.944465,'-82.03363,1,,,,2,,,,,,,,,1,,,,,,,,,,,,2,1,1,2,,,,,0,,,,,,,,,,,,,,,,,,,,,,,,,,,,,,,,,,,,,,,,,,,,,,,,,,,,,,,,,,,,,,,,,,,,,,,,,,,,,
"2009+ RAM 1500 2.25 T/H LEVEL SYSTEM",2009-ram-1500-2-25-t-h-level-system,,195565,"2009+ RAM 1500 2.25 T/H LEVEL SYSTEM","2009+ RAM 1500 2.25 T/H LEVEL SYSTEM",publish,,0,"2025-10-21 01:20:58",52,open,06-04-32-400-002,,,no,no,,1899.99,,,,,,,instock,no,no,,no,taxable,,,,,,,'-1,'-1,,,"https://fuel1direct.com/wp-content/uploads/2025/10/06-04-32-400-002-jpg.jpg-filenameUTF-806-04-32-400-002-jpg.jpg ! alt :  ! title :  ! desc :  ! caption : ",,https://fuel1direct.com/product/2009-ram-1500-2-25%c2%9d-t-h-level-system/,,"Falcon Shocks",simple,,"Trucks: Lifts Kits, Wheel Packages & Customization > Suspension & Lift Kits - Trucks > Shocks & Struts - Truck","Falcon Shocks",,,,,[4674],"Florida, United States",28.944465,'-82.03363,1,,,,,,,,,,,,,1,,,,,,,,,,,,2,1,2,2,,,,,0,,,,,,,,,,,,,,,,,,,,,,,,,,,,,,,,,,,,,,,,,,,,,,,,,,,,,,,,,,,,,,,,,,,,,,,,,,,,,
"2014“18 GM 1500 2.25 SPORT LEVELSYSTEM",201418-gm-1500-2-25-sport-levelsystem,,195566,"2014“18 GM 1500 2.25 SPORT LEVELSYSTEM","2014“18 GM 1500 2.25 SPORT LEVELSYSTEM",publish,,0,"2025-10-21 01:21:12",52,open,07-04-21-400-002,,,no,no,,1639.99,,,,,,,instock,no,no,,no,taxable,,,,,,,'-1,'-1,,,"https://fuel1direct.com/wp-content/uploads/2025/10/07-04-21-400-002-jpg.jpg-filenameUTF-807-04-21-400-002-jpg.jpg ! alt :  ! title :  ! desc :  ! caption : ",,https://fuel1direct.com/product/201418-gm-1500-2-25%c2%9d-sport-levelsystem/,,"Falcon Shocks",simple,,"Trucks: Lifts Kits, Wheel Packages & Customization > Suspension & Lift Kits - Trucks > Shocks & Struts - Truck","Falcon Shocks",,,,,[4674],"Florida, United States",28.944465,'-82.03363,1,,,,3,,,,,,,,,1,,,,,,,,,,,,4,1,2,3,,,,,0,,,,,,,,,,,,,,,,,,,,,,,,,,,,,,,,,,,,,,,,,,,,,,,,,,,,,,,,,,,,,,,,,,,,,,,,,,,,,
"TACOMA (05-23) REAR SHOCK 1.2",tacoma-05-23-rear-shock-1-2,,195567,"TACOMA (05-23) REAR SHOCK 1.2","TACOMA (05-23) REAR SHOCK 1.2",publish,,0,"2025-10-21 01:21:15",52,open,08-01-12-320-002,,,no,no,,347.99,,,,,,,instock,no,no,,no,taxable,,,,,,,'-1,'-1,,,,,https://fuel1direct.com/product/tacoma-05-23-rear-shock-1-2/,,"Falcon Shocks",simple,,"Trucks: Lifts Kits, Wheel Packages & Customization > Suspension & Lift Kits - Trucks > Shocks & Struts - Truck","Falcon Shocks",,,,,[4674],"Florida, United States",28.944465,'-82.03363,1,,,,2,,,,,,,,,1,,,,,,,,,,,,5,1,4,4,,,,,0,,,,,,,,,,,,,,,,,,,,,,,,,,,,,,,,,,,,,,,,,,,,,,,,,,,,,,,,,,,,,,,,,,,,,,,,,,,,,
"TACOMA (05-23) FRONT COILOVER 1.1",tacoma-05-23-front-coilover-1-1,,195569,"TACOMA (05-23) FRONT COILOVER 1.1","TACOMA (05-23) FRONT COILOVER 1.1",publish,,0,"2025-10-21 01:21:20",52,open,08-03-11-310-002,,,no,no,,534.99,,,,,,,instock,no,no,,no,taxable,,,,,,,'-1,'-1,,,,,https://fuel1direct.com/product/tacoma-05-23-front-coilover-1-1/,,"Falcon Shocks",simple,,"Trucks: Lifts Kits, Wheel Packages & Customization > Suspension & Lift Kits - Trucks > Shocks & Struts - Truck","Falcon Shocks",,,,,[4674],"Florida, United States",28.944465,'-82.03363,1,,,,4,,,,,,,,,1,,,,,,,,,,,,8,1,1,3,,,,,0,,,,,,,,,,,,,,,,,,,,,,,,,,,,,,,,,,,,,,,,,,,,,,,,,,,,,,,,,,,,,,,,,,,,,,,,,,,,,
"05-23 TACOMA 1.2 COILOVER LEVEL SYSTEM",05-23-tacoma-1-2-coilover-level-system,,195574,"05-23 TACOMA 1.2 COILOVER LEVEL SYSTEM","05-23 TACOMA 1.2 COILOVER LEVEL SYSTEM",publish,,0,"2025-10-21 01:21:33",52,open,08-04-12-400-002,,,no,no,,1818.99,,,,,,,instock,no,no,,no,taxable,,,,,,,'-1,'-1,,,,,https://fuel1direct.com/product/05-23-tacoma-1-2-coilover-level-system/,,"Falcon Shocks",simple,,"Trucks: Lifts Kits, Wheel Packages & Customization > Suspension & Lift Kits - Trucks > Shocks & Struts - Truck","Falcon Shocks",,,,,[4674],"Florida, United States",28.944465,'-82.03363,1,,,,3,,,,,,,,,1,,,,,,,,,,,,3,1,1,2,,,,,0,,,,,,,,,,,,,,,,,,,,,,,,,,,,,,,,,,,,,,,,,,,,,,,,,,,,,,,,,,,,,,,,,,,,,,,,,,,,,
"2005+ TACOMA 2.25 SPORT LEVEL SYSTEM",2005-tacoma-2-25-sport-level-system,,195575,"2005+ TACOMA 2.25 SPORT LEVEL SYSTEM","2005+ TACOMA 2.25 SPORT LEVEL SYSTEM",publish,,0,"2025-10-21 01:21:43",52,open,08-04-21-400-002,,,no,no,,1675.99,,,,,,,instock,no,no,,no,taxable,,,,,,,'-1,'-1,,,"https://fuel1direct.com/wp-content/uploads/2025/10/08-04-21-400-002-jpg.jpg-filenameUTF-808-04-21-400-002-jpg.jpg ! alt :  ! title :  ! desc :  ! caption : ",,https://fuel1direct.com/product/2005-tacoma-2-25%c2%9d-sport-level-system/,,"Falcon Shocks",simple,,"Trucks: Lifts Kits, Wheel Packages & Customization > Suspension & Lift Kits - Trucks > Shocks & Struts - Truck","Falcon Shocks",,,,,[4674],"Florida, United States",28.944465,'-82.03363,1,,,,4,,,,,,,,,1,,,,,,,,,,,,5,1,2,3,,,,,0,,,,,,,,,,,,,,,,,,,,,,,,,,,,,,,,,,,,,,,,,,,,,,,,,,,,,,,,,,,,,,,,,,,,,,,,,,,,,
"2005+ TACOMA 2.25 SPORT LIFT SYSTEM",2005-tacoma-2-25-sport-lift-system,,195576,"2005+ TACOMA 2.25 SPORT LIFT SYSTEM","2005+ TACOMA 2.25 SPORT LIFT SYSTEM",publish,,0,"2025-10-21 01:21:58",52,open,08-04-21-400-100,,,no,no,,1770.99,,,,,,,instock,no,no,,no,taxable,,,,,,,'-1,'-1,,,"https://fuel1direct.com/wp-content/uploads/2025/10/08-04-21-400-100-jpg.jpg-filenameUTF-808-04-21-400-100-jpg.jpg ! alt :  ! title :  ! desc :  ! caption : ",,https://fuel1direct.com/product/2005-tacoma-2-25%c2%9d-sport-lift-system/,,"Falcon Shocks",simple,,"Trucks: Lifts Kits, Wheel Packages & Customization > Suspension & Lift Kits - Trucks > Shocks & Struts - Truck","Falcon Shocks",,,,,[4674],"Florida, United States",28.944465,'-82.03363,1,,,,2,,,,,,,,,1,,,,,,,,,,,,2,1,1,2,,,,,0,,,,,,,,,,,,,,,,,,,,,,,,,,,,,,,,,,,,,,,,,,,,,,,,,,,,,,,,,,,,,,,,,,,,,,,,,,,,,
"2005+ TACOMA 2.25 T/H LEVEL SYSTEM",2005-tacoma-2-25-t-h-level-system,,195577,"2005+ TACOMA 2.25 T/H LEVEL SYSTEM","2005+ TACOMA 2.25 T/H LEVEL SYSTEM",publish,,0,"2025-10-21 01:22:00",52,open,08-04-32-400-002,,,no,no,,1825.99,,,,,,,instock,no,no,,no,taxable,,,,,,,'-1,'-1,,,"https://fuel1direct.com/wp-content/uploads/2025/10/08-04-32-400-002-jpg.jpg-filenameUTF-808-04-32-400-002-jpg.jpg ! alt :  ! title :  ! desc :  ! caption : ",,https://fuel1direct.com/product/2005-tacoma-2-25%c2%9d-t-h-level-system/,,"Falcon Shocks",simple,,"Trucks: Lifts Kits, Wheel Packages & Customization > Suspension & Lift Kits - Trucks > Shocks & Struts - Truck","Falcon Shocks",,,,,[4674],"Florida, United States",28.944465,'-82.03363,1,,,,3,,,,,,,,,1,,,,,,,,,,,,3,1,1,2,,,,,0,,,,,,,,,,,,,,,,,,,,,,,,,,,,,,,,,,,,,,,,,,,,,,,,,,,,,,,,,,,,,,,,,,,,,,,,,,,,,
"2005+ TACOMA 2.25 T/H LIFT SYSTEM",2005-tacoma-2-25-t-h-lift-system,,195578,"2005+ TACOMA 2.25 T/H LIFT SYSTEM","2005+ TACOMA 2.25 T/H LIFT SYSTEM",publish,,0,"2025-10-21 01:22:02",52,open,08-04-32-400-100,,,no,no,,1919.99,,,,,,,instock,no,no,,no,taxable,,,,,,,'-1,'-1,,,"https://fuel1direct.com/wp-content/uploads/2025/10/08-04-32-400-100-jpg.jpg-filenameUTF-808-04-32-400-100-jpg.jpg ! alt :  ! title :  ! desc :  ! caption : ",,https://fuel1direct.com/product/2005-tacoma-2-25%c2%9d-t-h-lift-system/,,"Falcon Shocks",simple,,"Trucks: Lifts Kits, Wheel Packages & Customization > Suspension & Lift Kits - Trucks > Shocks & Struts - Truck","Falcon Shocks",,,,,[4674],"Florida, United States",28.944465,'-82.03363,1,,,,1,,,,,,,,,1,,,,,,,,,,,,1,1,1,1,,,,,0,,,,,,,,,,,,,,,,,,,,,,,,,,,,,,,,,,,,,,,,,,,,,,,,,,,,,,,,,,,,,,,,,,,,,,,,,,,,,
"JL“JT FALCON NEXUS EF 1.1 STABILIZER“OEM",jljt-falcon-nexus-ef-1-1-stabilizeroem,,195579,"JL“JT FALCON NEXUS EF 1.1 STABILIZER“OEM","JL“JT FALCON NEXUS EF 1.1 STABILIZER“OEM",publish,,0,"2025-10-21 01:22:05",52,open,09-02-11-110-000,,,no,no,,213.99,,,,,,,instock,no,no,,no,taxable,,,,,,,'-1,'-1,,,"https://fuel1direct.com/wp-content/uploads/2025/10/09-02-11-110-000-jpg.jpg-filenameUTF-809-02-11-110-000-jpg.jpg ! alt :  ! title :  ! desc :  ! caption : ",,https://fuel1direct.com/product/jljt-falcon-nexus-ef-1-1-stabilizeroem/,,"Falcon Shocks",simple,,"Trucks: Lifts Kits, Wheel Packages & Customization > Suspension & Lift Kits - Trucks > Shocks & Struts - Truck","Falcon Shocks",,,,,[4674],"Florida, United States",28.944465,'-82.03363,1,,,,1,,,,,,,,,1,,,,,,,,,,,,1,1,1,1,,,,,0,,,,,,,,,,,,,,,,,,,,,,,,,,,,,,,,,,,,,,,,,,,,,,,,,,,,,,,,,,,,,,,,,,,,,,,,,,,,,
"JL“JT FALCON NEXUS EF 2.1 STABILIZER“OEM",jljt-falcon-nexus-ef-2-1-stabilizeroem,,195580,"JL“JT FALCON NEXUS EF 2.1 STABILIZER“OEM","JL“JT FALCON NEXUS EF 2.1 STABILIZER“OEM",publish,,0,"2025-10-21 01:22:08",52,open,09-02-21-110-000,,,no,no,,323.99,,,,,,,instock,no,no,,no,taxable,,,,,,,'-1,'-1,,,"https://fuel1direct.com/wp-content/uploads/2025/10/09-02-21-110-000-jpg.jpg-filenameUTF-809-02-21-110-000-jpg.jpg ! alt :  ! title :  ! desc :  ! caption : ",,https://fuel1direct.com/product/jljt-falcon-nexus-ef-2-1-stabilizeroem/,,"Falcon Shocks",simple,,"Trucks: Lifts Kits, Wheel Packages & Customization > Suspension & Lift Kits - Trucks > Shocks & Struts - Truck","Falcon Shocks",,,,,[4674],"Florida, United States",28.944465,'-82.03363,1,,,,2,,,,,,,,,1,,,,,,,,,,,,3,1,1,2,,,,,0,,,,,,,,,,,,,,,,,,,,,,,,,,,,,,,,,,,,,,,,,,,,,,,,,,,,,,,,,,,,,,,,,,,,,,,,,,,,,
"JL“JT FALCON NEXUS EF 2.2 STABILIZER“OEM",jljt-falcon-nexus-ef-2-2-stabilizeroem,,195581,"JL“JT FALCON NEXUS EF 2.2 STABILIZER“OEM","JL“JT FALCON NEXUS EF 2.2 STABILIZER“OEM",publish,,0,"2025-10-21 01:22:10",52,open,09-02-22-110-000,,,no,no,,434.99,,,,,,,instock,no,no,,no,taxable,,,,,,,'-1,'-1,,,"https://fuel1direct.com/wp-content/uploads/2025/10/09-02-22-110-000-jpg.jpg-filenameUTF-809-02-22-110-000-jpg.jpg ! alt :  ! title :  ! desc :  ! caption : ",,https://fuel1direct.com/product/jljt-falcon-nexus-ef-2-2-stabilizeroem/,,"Falcon Shocks",simple,,"Trucks: Lifts Kits, Wheel Packages & Customization > Suspension & Lift Kits - Trucks > Shocks & Struts - Truck","Falcon Shocks",,,,,[4674],"Florida, United States",28.944465,'-82.03363,1,,,,2,,,,,,,,,1,,,,,,,,,,,,2,1,1,2,,,,,0,,,,,,,,,,,,,,,,,,,,,,,,,,,,,,,,,,,,,,,,,,,,,,,,,,,,,,,,,,,,,,,,,,,,,,,,,,,,,
"JL2 2.1 SP2 SHOCK FR 2-3.5""",jl2-2-1-sp2-shock-fr-2-3-5,,195582,"JL2 2.1 SP2 SHOCK FR 2-3.5""","JL2 2.1 SP2 SHOCK FR 2-3.5""",publish,,0,"2025-10-21 01:22:13",52,open,10-02-21-310-200,,,no,no,,231.99,,,,,,,instock,no,no,,no,taxable,,,,,,,'-1,'-1,,,,,https://fuel1direct.com/product/jl2-2-1-sp2-shock-fr-2-3-5/,,"Falcon Shocks",simple,,"Trucks: Lifts Kits, Wheel Packages & Customization > Suspension & Lift Kits - Trucks > Shocks & Struts - Truck","Falcon Shocks",,,,,[4674],"Florida, United States",28.944465,'-82.03363,1,,,,4,,,,,,,,,1,,,,,,,,,,,,4,1,2,2,,,,,0,,,,,,,,,,,,,,,,,,,,,,,,,,,,,,,,,,,,,,,,,,,,,,,,,,,,,,,,,,,,,,,,,,,,,,,,,,,,,
"JL2 2.1 SP2 SHOCK RR 0-1.5""",jl2-2-1-sp2-shock-rr-0-1-5,,195583,"JL2 2.1 SP2 SHOCK RR 0-1.5""","JL2 2.1 SP2 SHOCK RR 0-1.5""",publish,,0,"2025-10-21 01:22:16",52,open,10-02-21-320-000,,,no,no,,231.99,,,,,,,instock,no,no,,no,taxable,,,,,,,'-1,'-1,,,,,https://fuel1direct.com/product/jl2-2-1-sp2-shock-rr-0-1-5/,,"Falcon Shocks",simple,,"Trucks: Lifts Kits, Wheel Packages & Customization > Suspension & Lift Kits - Trucks > Shocks & Struts - Truck","Falcon Shocks",,,,,[4674],"Florida, United States",28.944465,'-82.03363,1,,,,2,,,,,,,,,1,,,,,,,,,,,,2,1,1,1,,,,,0,,,,,,,,,,,,,,,,,,,,,,,,,,,,,,,,,,,,,,,,,,,,,,,,,,,,,,,,,,,,,,,,,,,,,,,,,,,,,
"JL2 2.1 SP2 SHOCK RR 2-3.5""",jl2-2-1-sp2-shock-rr-2-3-5,,195584,"JL2 2.1 SP2 SHOCK RR 2-3.5""","JL2 2.1 SP2 SHOCK RR 2-3.5""",publish,,0,"2025-10-21 01:22:18",52,open,10-02-21-320-200,,,no,no,,231.99,,,,,,,instock,no,no,,no,taxable,,,,,,,'-1,'-1,,,,,https://fuel1direct.com/product/jl2-2-1-sp2-shock-rr-2-3-5/,,"Falcon Shocks",simple,,"Trucks: Lifts Kits, Wheel Packages & Customization > Suspension & Lift Kits - Trucks > Shocks & Struts - Truck","Falcon Shocks",,,,,[4674],"Florida, United States",28.944465,'-82.03363,1,,,,1,,,,,,,,,1,,,,,,,,,,,,3,1,2,2,,,,,0,,,,,,,,,,,,,,,,,,,,,,,,,,,,,,,,,,,,,,,,,,,,,,,,,,,,,,,,,,,,,,,,,,,,,,,,,,,,,
"JL2 FALCON 2.1 SHOCK KIT (0“1.5 LIFT)",jl2-falcon-2-1-shock-kit-01-5-lift,,195585,"JL2 FALCON 2.1 SHOCK KIT (0“1.5 LIFT)","JL2 FALCON 2.1 SHOCK KIT (0“1.5 LIFT)",publish,,0,"2025-10-21 01:22:28",52,open,10-02-21-400-000,,,no,no,,991.99,,,,,,,instock,no,no,,no,taxable,,,,,,,'-1,'-1,,,"https://fuel1direct.com/wp-content/uploads/2025/10/10-02-21-400-000-jpg.jpg-filenameUTF-810-02-21-400-000-jpg.jpg ! alt :  ! title :  ! desc :  ! caption : ",,https://fuel1direct.com/product/jl2-falcon-2-1-shock-kit-01-5%c2%9d-lift/,,"Falcon Shocks",simple,,"Trucks: Lifts Kits, Wheel Packages & Customization > Suspension & Lift Kits - Trucks > Shocks & Struts - Truck","Falcon Shocks",,,,,[4674],"Florida, United States",28.944465,'-82.03363,1,,,,4,,,,,,,,,1,,,,,,,,,,,,6,1,2,5,,,,,0,,,,,,,,,,,,,,,,,,,,,,,,,,,,,,,,,,,,,,,,,,,,,,,,,,,,,,,,,,,,,,,,,,,,,,,,,,,,,
"JL2 FALCON 2.1 SHOCK KIT (2-3.5 LIFT)",jl2-falcon-2-1-shock-kit-2-3-5-lift,,195586,"JL2 FALCON 2.1 SHOCK KIT (2-3.5 LIFT)","JL2 FALCON 2.1 SHOCK KIT (2-3.5 LIFT)",publish,,0,"2025-10-21 01:22:40",52,open,10-02-21-400-200,,,no,no,,991.99,,,,,,,instock,no,no,,no,taxable,,,,,,,'-1,'-1,,,"https://fuel1direct.com/wp-content/uploads/2025/10/10-02-21-400-200-jpg.jpg-filenameUTF-810-02-21-400-200-jpg.jpg ! alt :  ! title :  ! desc :  ! caption : ",,https://fuel1direct.com/product/jl2-falcon-2-1-shock-kit-2-3-5%c2%9d-lift/,,"Falcon Shocks",simple,,"Trucks: Lifts Kits, Wheel Packages & Customization > Suspension & Lift Kits - Trucks > Shocks & Struts - Truck","Falcon Shocks",,,,,[4674],"Florida, United States",28.944465,'-82.03363,1,,,,7,,,,,,,,,1,,,,,,,,,,,,6,1,1,5,,,,,0,,,,,,,,,,,,,,,,,,,,,,,,,,,,,,,,,,,,,,,,,,,,,,,,,,,,,,,,,,,,,,,,,,,,,,,,,,,,,
"JL2 FALCON 3.1 SP2 SHOCK FR LH 0-1.5""",jl2-falcon-3-1-sp2-shock-fr-lh-0-1-5,,195587,"JL2 FALCON 3.1 SP2 SHOCK FR LH 0-1.5""","JL2 FALCON 3.1 SP2 SHOCK FR LH 0-1.5""",publish,,0,"2025-10-21 01:22:42",52,open,10-02-31-311-000,,,no,no,,377.99,,,,,,,instock,no,no,,no,taxable,,,,,,,'-1,'-1,,,"https://fuel1direct.com/wp-content/uploads/2025/10/10-02-31-311-000-jpg.jpg-filenameUTF-810-02-31-311-000-jpg.jpg ! alt :  ! title :  ! desc :  ! caption : ",,https://fuel1direct.com/product/jl2-falcon-3-1-sp2-shock-fr-lh-0-1-5/,,"Falcon Shocks",simple,,"Trucks: Lifts Kits, Wheel Packages & Customization > Suspension & Lift Kits - Trucks > Shocks & Struts - Truck","Falcon Shocks",,,,,[4674],"Florida, United States",28.944465,'-82.03363,1,,,,1,,,,,,,,,1,,,,,,,,,,,,4,1,2,4,,,,,0,,,,,,,,,,,,,,,,,,,,,,,,,,,,,,,,,,,,,,,,,,,,,,,,,,,,,,,,,,,,,,,,,,,,,,,,,,,,,
"JL2 FALCON 3.1 SP2 SHOCK FR LH 2-4.5""",jl2-falcon-3-1-sp2-shock-fr-lh-2-4-5,,195588,"JL2 FALCON 3.1 SP2 SHOCK FR LH 2-4.5""","JL2 FALCON 3.1 SP2 SHOCK FR LH 2-4.5""",publish,,0,"2025-10-21 01:22:44",52,open,10-02-31-311-200,,,no,no,,377.99,,,,,,,instock,no,no,,no,taxable,,,,,,,'-1,'-1,,,"https://fuel1direct.com/wp-content/uploads/2025/10/10-02-31-311-200-jpg.jpg-filenameUTF-810-02-31-311-200-jpg.jpg ! alt :  ! title :  ! desc :  ! caption : ",,https://fuel1direct.com/product/jl2-falcon-3-1-sp2-shock-fr-lh-2-4-5/,,"Falcon Shocks",simple,,"Trucks: Lifts Kits, Wheel Packages & Customization > Suspension & Lift Kits - Trucks > Shocks & Struts - Truck","Falcon Shocks",,,,,[4674],"Florida, United States",28.944465,'-82.03363,1,,,,1,,,,,,,,,1,,,,,,,,,,,,4,1,1,2,,,,,0,,,,,,,,,,,,,,,,,,,,,,,,,,,,,,,,,,,,,,,,,,,,,,,,,,,,,,,,,,,,,,,,,,,,,,,,,,,,,
"JL2 FALCON 3.1 SP2 SHOCK FR RH 0-1.5""",jl2-falcon-3-1-sp2-shock-fr-rh-0-1-5,,195589,"JL2 FALCON 3.1 SP2 SHOCK FR RH 0-1.5""","JL2 FALCON 3.1 SP2 SHOCK FR RH 0-1.5""",publish,,0,"2025-10-21 01:22:45",52,open,10-02-31-312-000,,,no,no,,377.99,,,,,,,instock,no,no,,no,taxable,,,,,,,'-1,'-1,,,"https://fuel1direct.com/wp-content/uploads/2025/10/10-02-31-312-000-jpg.jpg-filenameUTF-810-02-31-312-000-jpg.jpg ! alt :  ! title :  ! desc :  ! caption : ",,https://fuel1direct.com/product/jl2-falcon-3-1-sp2-shock-fr-rh-0-1-5/,,"Falcon Shocks",simple,,"Trucks: Lifts Kits, Wheel Packages & Customization > Suspension & Lift Kits - Trucks > Shocks & Struts - Truck","Falcon Shocks",,,,,[4674],"Florida, United States",28.944465,'-82.03363,1,,,,4,,,,,,,,,1,,,,,,,,,,,,4,1,1,2,,,,,0,,,,,,,,,,,,,,,,,,,,,,,,,,,,,,,,,,,,,,,,,,,,,,,,,,,,,,,,,,,,,,,,,,,,,,,,,,,,,
"JL2 FALCON 3.1 SP2 SHOCK FR RH 2-4.5""",jl2-falcon-3-1-sp2-shock-fr-rh-2-4-5,,195590,"JL2 FALCON 3.1 SP2 SHOCK FR RH 2-4.5""","JL2 FALCON 3.1 SP2 SHOCK FR RH 2-4.5""",publish,,0,"2025-10-21 01:22:48",52,open,10-02-31-312-200,,,no,no,,377.99,,,,,,,instock,no,no,,no,taxable,,,,,,,'-1,'-1,,,"https://fuel1direct.com/wp-content/uploads/2025/10/10-02-31-312-200-jpg.jpg-filenameUTF-810-02-31-312-200-jpg.jpg ! alt :  ! title :  ! desc :  ! caption : ",,https://fuel1direct.com/product/jl2-falcon-3-1-sp2-shock-fr-rh-2-4-5/,,"Falcon Shocks",simple,,"Trucks: Lifts Kits, Wheel Packages & Customization > Suspension & Lift Kits - Trucks > Shocks & Struts - Truck","Falcon Shocks",,,,,[4674],"Florida, United States",28.944465,'-82.03363,1,,,,,,,,,,,,,1,,,,,,,,,,,,2,1,2,2,,,,,0,,,,,,,,,,,,,,,,,,,,,,,,,,,,,,,,,,,,,,,,,,,,,,,,,,,,,,,,,,,,,,,,,,,,,,,,,,,,,
"JL2 FALCON 3.1 SP2 SHOCK RR LH 0-1.5""",jl2-falcon-3-1-sp2-shock-rr-lh-0-1-5,,195591,"JL2 FALCON 3.1 SP2 SHOCK RR LH 0-1.5""","JL2 FALCON 3.1 SP2 SHOCK RR LH 0-1.5""",publish,,0,"2025-10-21 01:22:50",52,open,10-02-31-321-000,,,no,no,,377.99,,,,,,,instock,no,no,,no,taxable,,,,,,,'-1,'-1,,,"https://fuel1direct.com/wp-content/uploads/2025/10/10-02-31-321-000-jpg.jpg-filenameUTF-810-02-31-321-000-jpg.jpg ! alt :  ! title :  ! desc :  ! caption : ",,https://fuel1direct.com/product/jl2-falcon-3-1-sp2-shock-rr-lh-0-1-5/,,"Falcon Shocks",simple,,"Trucks: Lifts Kits, Wheel Packages & Customization > Suspension & Lift Kits - Trucks > Shocks & Struts - Truck","Falcon Shocks",,,,,[4674],"Florida, United States",28.944465,'-82.03363,1,,,,2,,,,,,,,,1,,,,,,,,,,,,3,1,1,3,,,,,0,,,,,,,,,,,,,,,,,,,,,,,,,,,,,,,,,,,,,,,,,,,,,,,,,,,,,,,,,,,,,,,,,,,,,,,,,,,,,
"JL2 3.1 SP2 SHOCK RR LEFT 2-4.5""",jl2-3-1-sp2-shock-rr-left-2-4-5,,195592,"JL2 3.1 SP2 SHOCK RR LEFT 2-4.5""","JL2 3.1 SP2 SHOCK RR LEFT 2-4.5""",publish,,0,"2025-10-21 01:22:52",52,open,10-02-31-321-200,,,no,no,,377.99,,,,,,,instock,no,no,,no,taxable,,,,,,,'-1,'-1,,,,,https://fuel1direct.com/product/jl2-3-1-sp2-shock-rr-left-2-4-5/,,"Falcon Shocks",simple,,"Trucks: Lifts Kits, Wheel Packages & Customization > Suspension & Lift Kits - Trucks > Shocks & Struts - Truck","Falcon Shocks",,,,,[4674],"Florida, United States",28.944465,'-82.03363,1,,,,2,,,,,,,,,1,,,,,,,,,,,,4,1,1,3,,,,,0,,,,,,,,,,,,,,,,,,,,,,,,,,,,,,,,,,,,,,,,,,,,,,,,,,,,,,,,,,,,,,,,,,,,,,,,,,,,,
"JL2 FALCON 3.1 SP2 SHOCK RR RH 0-1.5""",jl2-falcon-3-1-sp2-shock-rr-rh-0-1-5,,195593,"JL2 FALCON 3.1 SP2 SHOCK RR RH 0-1.5""","JL2 FALCON 3.1 SP2 SHOCK RR RH 0-1.5""",publish,,0,"2025-10-21 01:22:54",52,open,10-02-31-322-000,,,no,no,,377.99,,,,,,,instock,no,no,,no,taxable,,,,,,,'-1,'-1,,,"https://fuel1direct.com/wp-content/uploads/2025/10/10-02-31-322-000-jpg.jpg-filenameUTF-810-02-31-322-000-jpg.jpg ! alt :  ! title :  ! desc :  ! caption : ",,https://fuel1direct.com/product/jl2-falcon-3-1-sp2-shock-rr-rh-0-1-5/,,"Falcon Shocks",simple,,"Trucks: Lifts Kits, Wheel Packages & Customization > Suspension & Lift Kits - Trucks > Shocks & Struts - Truck","Falcon Shocks",,,,,[4674],"Florida, United States",28.944465,'-82.03363,1,,,,2,,,,,,,,,1,,,,,,,,,,,,2,1,1,2,,,,,0,,,,,,,,,,,,,,,,,,,,,,,,,,,,,,,,,,,,,,,,,,,,,,,,,,,,,,,,,,,,,,,,,,,,,,,,,,,,,
"JL2 FALCON 3.1 SP2 SHOCK RR RH 2-4.5""",jl2-falcon-3-1-sp2-shock-rr-rh-2-4-5,,195594,"JL2 FALCON 3.1 SP2 SHOCK RR RH 2-4.5""","JL2 FALCON 3.1 SP2 SHOCK RR RH 2-4.5""",publish,,0,"2025-10-21 01:22:56",52,open,10-02-31-322-200,,,no,no,,377.99,,,,,,,instock,no,no,,no,taxable,,,,,,,'-1,'-1,,,"https://fuel1direct.com/wp-content/uploads/2025/10/10-02-31-322-200-jpg.jpg-filenameUTF-810-02-31-322-200-jpg.jpg ! alt :  ! title :  ! desc :  ! caption : ",,https://fuel1direct.com/product/jl2-falcon-3-1-sp2-shock-rr-rh-2-4-5/,,"Falcon Shocks",simple,,"Trucks: Lifts Kits, Wheel Packages & Customization > Suspension & Lift Kits - Trucks > Shocks & Struts - Truck","Falcon Shocks",,,,,[4674],"Florida, United States",28.944465,'-82.03363,1,,,,2,,,,,,,,,1,,,,,,,,,,,,2,1,1,1,,,,,0,,,,,,,,,,,,,,,,,,,,,,,,,,,,,,,,,,,,,,,,,,,,,,,,,,,,,,,,,,,,,,,,,,,,,,,,,,,,,
"JL2 FALCON 3.1 SHOCK KIT (0“1.5 LIFT)",jl2-falcon-3-1-shock-kit-01-5-lift,,195595,"JL2 FALCON 3.1 SHOCK KIT (0“1.5 LIFT)","JL2 FALCON 3.1 SHOCK KIT (0“1.5 LIFT)",publish,,0,"2025-10-21 01:23:05",52,open,10-02-31-400-000,,,no,no,,1613.99,,,,,,,instock,no,no,,no,taxable,,,,,,,'-1,'-1,,,"https://fuel1direct.com/wp-content/uploads/2025/10/10-02-31-400-000-jpg.jpg-filenameUTF-810-02-31-400-000-jpg.jpg ! alt :  ! title :  ! desc :  ! caption : ",,https://fuel1direct.com/product/jl2-falcon-3-1-shock-kit-01-5%c2%9d-lift/,,"Falcon Shocks",simple,,"Trucks: Lifts Kits, Wheel Packages & Customization > Suspension & Lift Kits - Trucks > Shocks & Struts - Truck","Falcon Shocks",,,,,[4674],"Florida, United States",28.944465,'-82.03363,1,,,,2,,,,,,,,,1,,,,,,,,,,,,2,1,1,1,,,,,0,,,,,,,,,,,,,,,,,,,,,,,,,,,,,,,,,,,,,,,,,,,,,,,,,,,,,,,,,,,,,,,,,,,,,,,,,,,,,
"JL2 FALCON 3.1 SHOCK KIT (2-4.5 LIFT)",jl2-falcon-3-1-shock-kit-2-4-5-lift,,195596,"JL2 FALCON 3.1 SHOCK KIT (2-4.5 LIFT)","JL2 FALCON 3.1 SHOCK KIT (2-4.5 LIFT)",publish,,0,"2025-10-21 01:23:16",52,open,10-02-31-400-200,,,no,no,,1613.99,,,,,,,instock,no,no,,no,taxable,,,,,,,'-1,'-1,,,"https://fuel1direct.com/wp-content/uploads/2025/10/10-02-31-400-200-jpg.jpg-filenameUTF-810-02-31-400-200-jpg.jpg ! alt :  ! title :  ! desc :  ! caption : ",,https://fuel1direct.com/product/jl2-falcon-3-1-shock-kit-2-4-5%c2%9d-lift/,,"Falcon Shocks",simple,,"Trucks: Lifts Kits, Wheel Packages & Customization > Suspension & Lift Kits - Trucks > Shocks & Struts - Truck","Falcon Shocks",,,,,[4674],"Florida, United States",28.944465,'-82.03363,1,,,,2,,,,,,,,,1,,,,,,,,,,,,3,1,2,3,,,,,0,,,,,,,,,,,,,,,,,,,,,,,,,,,,,,,,,,,,,,,,,,,,,,,,,,,,,,,,,,,,,,,,,,,,,,,,,,,,,
"JL2 3.3 SP2 SHOCK FR LH 0-1.5""",jl2-3-3-sp2-shock-fr-lh-0-1-5,,195597,"JL2 3.3 SP2 SHOCK FR LH 0-1.5""","JL2 3.3 SP2 SHOCK FR LH 0-1.5""",publish,,0,"2025-10-21 01:23:18",52,open,10-02-33-311-000,,,no,no,,492.99,,,,,,,instock,no,no,,no,taxable,,,,,,,'-1,'-1,,,,,https://fuel1direct.com/product/jl2-3-3-sp2-shock-fr-lh-0-1-5/,,"Falcon Shocks",simple,,"Trucks: Lifts Kits, Wheel Packages & Customization > Suspension & Lift Kits - Trucks > Shocks & Struts - Truck","Falcon Shocks",,,,,[4674],"Florida, United States",28.944465,'-82.03363,1,,,,1,,,,,,,,,1,,,,,,,,,,,,2,1,2,2,,,,,0,,,,,,,,,,,,,,,,,,,,,,,,,,,,,,,,,,,,,,,,,,,,,,,,,,,,,,,,,,,,,,,,,,,,,,,,,,,,,
"JL2 3.3 SP2 SHOCK FR LH 2-4.5""",jl2-3-3-sp2-shock-fr-lh-2-4-5,,195598,"JL2 3.3 SP2 SHOCK FR LH 2-4.5""","JL2 3.3 SP2 SHOCK FR LH 2-4.5""",publish,,0,"2025-10-21 01:23:20",52,open,10-02-33-311-200,,,no,no,,492.99,,,,,,,instock,no,no,,no,taxable,,,,,,,'-1,'-1,,,,,https://fuel1direct.com/product/jl2-3-3-sp2-shock-fr-lh-2-4-5/,,"Falcon Shocks",simple,,"Trucks: Lifts Kits, Wheel Packages & Customization > Suspension & Lift Kits - Trucks > Shocks & Struts - Truck","Falcon Shocks",,,,,[4674],"Florida, United States",28.944465,'-82.03363,1,,,,2,,,,,,,,,1,,,,,,,,,,,,2,1,2,2,,,,,0,,,,,,,,,,,,,,,,,,,,,,,,,,,,,,,,,,,,,,,,,,,,,,,,,,,,,,,,,,,,,,,,,,,,,,,,,,,,,
"JL2 3.3 SP2 SHOCK FR RH 0-1.5""",jl2-3-3-sp2-shock-fr-rh-0-1-5,,195599,"JL2 3.3 SP2 SHOCK FR RH 0-1.5""","JL2 3.3 SP2 SHOCK FR RH 0-1.5""",publish,,0,"2025-10-21 01:23:23",52,open,10-02-33-312-000,,,no,no,,527.99,,,,,,,instock,no,no,,no,taxable,,,,,,,'-1,'-1,,,,,https://fuel1direct.com/product/jl2-3-3-sp2-shock-fr-rh-0-1-5/,,"Falcon Shocks",simple,,"Trucks: Lifts Kits, Wheel Packages & Customization > Suspension & Lift Kits - Trucks > Shocks & Struts - Truck","Falcon Shocks",,,,,[4674],"Florida, United States",28.944465,'-82.03363,1,,,,4,,,,,,,,,1,,,,,,,,,,,,4,1,2,3,,,,,0,,,,,,,,,,,,,,,,,,,,,,,,,,,,,,,,,,,,,,,,,,,,,,,,,,,,,,,,,,,,,,,,,,,,,,,,,,,,,
"JL2 3.3 SP2 SHOCK FR RH 2-4.5""",jl2-3-3-sp2-shock-fr-rh-2-4-5,,195600,"JL2 3.3 SP2 SHOCK FR RH 2-4.5""","JL2 3.3 SP2 SHOCK FR RH 2-4.5""",publish,,0,"2025-10-21 01:23:25",52,open,10-02-33-312-200,,,no,no,,492.99,,,,,,,instock,no,no,,no,taxable,,,,,,,'-1,'-1,,,,,https://fuel1direct.com/product/jl2-3-3-sp2-shock-fr-rh-2-4-5/,,"Falcon Shocks",simple,,"Trucks: Lifts Kits, Wheel Packages & Customization > Suspension & Lift Kits - Trucks > Shocks & Struts - Truck","Falcon Shocks",,,,,[4674],"Florida, United States",28.944465,'-82.03363,1,,,,4,,,,,,,,,1,,,,,,,,,,,,4,1,1,2,,,,,0,,,,,,,,,,,,,,,,,,,,,,,,,,,,,,,,,,,,,,,,,,,,,,,,,,,,,,,,,,,,,,,,,,,,,,,,,,,,,
"JL2 FALCON 3.3 SP2 SHOCK RR LH 0-1.5""",jl2-falcon-3-3-sp2-shock-rr-lh-0-1-5,,195601,"JL2 FALCON 3.3 SP2 SHOCK RR LH 0-1.5""","JL2 FALCON 3.3 SP2 SHOCK RR LH 0-1.5""",publish,,0,"2025-10-21 01:23:27",52,open,10-02-33-321-000,,,no,no,,492.99,,,,,,,instock,no,no,,no,taxable,,,,,,,'-1,'-1,,,"https://fuel1direct.com/wp-content/uploads/2025/10/10-02-33-321-000-jpg.jpg-filenameUTF-810-02-33-321-000-jpg.jpg ! alt :  ! title :  ! desc :  ! caption : ",,https://fuel1direct.com/product/jl2-falcon-3-3-sp2-shock-rr-lh-0-1-5/,,"Falcon Shocks",simple,,"Trucks: Lifts Kits, Wheel Packages & Customization > Suspension & Lift Kits - Trucks > Shocks & Struts - Truck","Falcon Shocks",,,,,[4674],"Florida, United States",28.944465,'-82.03363,1,,,,1,,,,,,,,,1,,,,,,,,,,,,1,1,1,1,,,,,0,,,,,,,,,,,,,,,,,,,,,,,,,,,,,,,,,,,,,,,,,,,,,,,,,,,,,,,,,,,,,,,,,,,,,,,,,,,,,
"JL2 3.3 SP2 SHOCK RR LH 2-4.5""",jl2-3-3-sp2-shock-rr-lh-2-4-5,,195602,"JL2 3.3 SP2 SHOCK RR LH 2-4.5""","JL2 3.3 SP2 SHOCK RR LH 2-4.5""",publish,,0,"2025-10-21 01:23:29",52,open,10-02-33-321-200,,,no,no,,492.99,,,,,,,instock,no,no,,no,taxable,,,,,,,'-1,'-1,,,,,https://fuel1direct.com/product/jl2-3-3-sp2-shock-rr-lh-2-4-5/,,"Falcon Shocks",simple,,"Trucks: Lifts Kits, Wheel Packages & Customization > Suspension & Lift Kits - Trucks > Shocks & Struts - Truck","Falcon Shocks",,,,,[4674],"Florida, United States",28.944465,'-82.03363,1,,,,3,,,,,,,,,1,,,,,,,,,,,,5,1,1,3,,,,,0,,,,,,,,,,,,,,,,,,,,,,,,,,,,,,,,,,,,,,,,,,,,,,,,,,,,,,,,,,,,,,,,,,,,,,,,,,,,,
"JL2 FALCON 3.3 SP2 SHOCK RR RH 0-1.5""",jl2-falcon-3-3-sp2-shock-rr-rh-0-1-5,,195603,"JL2 FALCON 3.3 SP2 SHOCK RR RH 0-1.5""","JL2 FALCON 3.3 SP2 SHOCK RR RH 0-1.5""",publish,,0,"2025-10-21 01:23:32",52,open,10-02-33-322-000,,,no,no,,492.99,,,,,,,instock,no,no,,no,taxable,,,,,,,'-1,'-1,,,"https://fuel1direct.com/wp-content/uploads/2025/10/10-02-33-322-000-jpg.jpg-filenameUTF-810-02-33-322-000-jpg.jpg ! alt :  ! title :  ! desc :  ! caption : ",,https://fuel1direct.com/product/jl2-falcon-3-3-sp2-shock-rr-rh-0-1-5/,,"Falcon Shocks",simple,,"Trucks: Lifts Kits, Wheel Packages & Customization > Suspension & Lift Kits - Trucks > Shocks & Struts - Truck","Falcon Shocks",,,,,[4674],"Florida, United States",28.944465,'-82.03363,1,,,,3,,,,,,,,,1,,,,,,,,,,,,3,1,2,3,,,,,0,,,,,,,,,,,,,,,,,,,,,,,,,,,,,,,,,,,,,,,,,,,,,,,,,,,,,,,,,,,,,,,,,,,,,,,,,,,,,
"JL2 3.3 SP2 SHOCK RR RH 2-4.5""",jl2-3-3-sp2-shock-rr-rh-2-4-5,,195604,"JL2 3.3 SP2 SHOCK RR RH 2-4.5""","JL2 3.3 SP2 SHOCK RR RH 2-4.5""",publish,,0,"2025-10-21 01:23:34",52,open,10-02-33-322-200,,,no,no,,492.99,,,,,,,instock,no,no,,no,taxable,,,,,,,'-1,'-1,,,,,https://fuel1direct.com/product/jl2-3-3-sp2-shock-rr-rh-2-4-5/,,"Falcon Shocks",simple,,"Trucks: Lifts Kits, Wheel Packages & Customization > Suspension & Lift Kits - Trucks > Shocks & Struts - Truck","Falcon Shocks",,,,,[4674],"Florida, United States",28.944465,'-82.03363,1,,,,4,,,,,,,,,1,,,,,,,,,,,,6,1,2,5,,,,,0,,,,,,,,,,,,,,,,,,,,,,,,,,,,,,,,,,,,,,,,,,,,,,,,,,,,,,,,,,,,,,,,,,,,,,,,,,,,,
"JL2 FALCON 3.3 SHOCK KIT (0-1.5 LIFT)",jl2-falcon-3-3-shock-kit-0-1-5-lift,,195605,"JL2 FALCON 3.3 SHOCK KIT (0-1.5 LIFT)","JL2 FALCON 3.3 SHOCK KIT (0-1.5 LIFT)",publish,,0,"2025-10-21 01:23:42",52,open,10-02-33-400-000,,,no,no,,2110.99,,,,,,,instock,no,no,,no,taxable,,,,,,,'-1,'-1,,,"https://fuel1direct.com/wp-content/uploads/2025/10/10-02-33-400-000-jpg.jpg-filenameUTF-810-02-33-400-000-jpg.jpg ! alt :  ! title :  ! desc :  ! caption : ",,https://fuel1direct.com/product/jl2-falcon-3-3-shock-kit-0-1-5%c2%9d-lift/,,"Falcon Shocks",simple,,"Trucks: Lifts Kits, Wheel Packages & Customization > Suspension & Lift Kits - Trucks > Shocks & Struts - Truck","Falcon Shocks",,,,,[4674],"Florida, United States",28.944465,'-82.03363,1,,,,3,,,,,,,,,1,,,,,,,,,,,,3,2,1,2,,,,,0,,,,,,,,,,,,,,,,,,,,,,,,,,,,,,,,,,,,,,,,,,,,,,,,,,,,,,,,,,,,,,,,,,,,,,,,,,,,,
"JL2 FALCON 3.3 SHOCK KIT (2-4.5 LIFT)",jl2-falcon-3-3-shock-kit-2-4-5-lift,,195606,"JL2 FALCON 3.3 SHOCK KIT (2-4.5 LIFT)","JL2 FALCON 3.3 SHOCK KIT (2-4.5 LIFT)",publish,,0,"2025-10-21 01:23:53",52,open,10-02-33-400-200,,,no,no,,2110.99,,,,,,,instock,no,no,,no,taxable,,,,,,,'-1,'-1,,,"https://fuel1direct.com/wp-content/uploads/2025/10/10-02-33-400-200-jpg.jpg-filenameUTF-810-02-33-400-200-jpg.jpg ! alt :  ! title :  ! desc :  ! caption : ",,https://fuel1direct.com/product/jl2-falcon-3-3-shock-kit-2-4-5%c2%9d-lift/,,"Falcon Shocks",simple,,"Trucks: Lifts Kits, Wheel Packages & Customization > Suspension & Lift Kits - Trucks > Shocks & Struts - Truck","Falcon Shocks",,,,,[4674],"Florida, United States",28.944465,'-82.03363,1,,,,2,,,,,,,,,1,,,,,,,,,,,,4,1,1,1,,,,,0,,,,,,,,,,,,,,,,,,,,,,,,,,,,,,,,,,,,,,,,,,,,,,,,,,,,,,,,,,,,,,,,,,,,,,,,,,,,,
"JL2 FALCON 3.5 SHOCK KIT (0-1.5 LIFT)",jl2-falcon-3-5-shock-kit-0-1-5-lift,,195607,"JL2 FALCON 3.5 SHOCK KIT (0-1.5 LIFT)","JL2 FALCON 3.5 SHOCK KIT (0-1.5 LIFT)",publish,,0,"2025-10-21 01:23:55",52,open,10-03-35-400-000,,,no,no,,2482.99,,,,,,,instock,no,no,,no,taxable,,,,,,,'-1,'-1,,,"https://fuel1direct.com/wp-content/uploads/2025/10/10-03-35-400-000-jpg.jpg-filenameUTF-810-03-35-400-000-jpg.jpg ! alt :  ! title :  ! desc :  ! caption : ",,https://fuel1direct.com/product/jl2-falcon-3-5-shock-kit-0-1-5%c2%9d-lift/,,"Falcon Shocks",simple,,"Trucks: Lifts Kits, Wheel Packages & Customization > Suspension & Lift Kits - Trucks > Shocks & Struts - Truck","Falcon Shocks",,,,,[4674],"Florida, United States",28.944465,'-82.03363,1,,,,1,,,,,,,,,1,,,,,,,,,,,,1,1,1,1,,,,,0,,,,,,,,,,,,,,,,,,,,,,,,,,,,,,,,,,,,,,,,,,,,,,,,,,,,,,,,,,,,,,,,,,,,,,,,,,,,,
"JL2 3.5 SP2 SHOCK FR LH 0-1.5""",jl2-3-5-sp2-shock-fr-lh-0-1-5,,195608,"JL2 3.5 SP2 SHOCK FR LH 0-1.5""","JL2 3.5 SP2 SHOCK FR LH 0-1.5""",publish,,0,"2025-10-21 01:23:57",52,open,10-05-35-311-000,,,no,no,,517.99,,,,,,,instock,no,no,,no,taxable,,,,,,,'-1,'-1,,,"https://fuel1direct.com/wp-content/uploads/2025/10/10-05-35-311-000-jpg.jpg-filenameUTF-810-05-35-311-000-jpg.jpg ! alt :  ! title :  ! desc :  ! caption : ",,https://fuel1direct.com/product/jl2-3-5-sp2-shock-fr-lh-0-1-5/,,"Falcon Shocks",simple,,"Trucks: Lifts Kits, Wheel Packages & Customization > Suspension & Lift Kits - Trucks > Shocks & Struts - Truck","Falcon Shocks",,,,,[4674],"Florida, United States",28.944465,'-82.03363,1,,,,2,,,,,,,,,1,,,,,,,,,,,,3,1,2,3,,,,,0,,,,,,,,,,,,,,,,,,,,,,,,,,,,,,,,,,,,,,,,,,,,,,,,,,,,,,,,,,,,,,,,,,,,,,,,,,,,,
"JL2 3.5 SP2 SHOCK FR LH 2-4.5""",jl2-3-5-sp2-shock-fr-lh-2-4-5,,195609,"JL2 3.5 SP2 SHOCK FR LH 2-4.5""","JL2 3.5 SP2 SHOCK FR LH 2-4.5""",publish,,0,"2025-10-21 01:23:59",52,open,10-05-35-311-200,,,no,no,,517.99,,,,,,,instock,no,no,,no,taxable,,,,,,,'-1,'-1,,,"https://fuel1direct.com/wp-content/uploads/2025/10/10-05-35-311-200-jpg.jpg-filenameUTF-810-05-35-311-200-jpg.jpg ! alt :  ! title :  ! desc :  ! caption : ",,https://fuel1direct.com/product/jl2-3-5-sp2-shock-fr-lh-2-4-5/,,"Falcon Shocks",simple,,"Trucks: Lifts Kits, Wheel Packages & Customization > Suspension & Lift Kits - Trucks > Shocks & Struts - Truck","Falcon Shocks",,,,,[4674],"Florida, United States",28.944465,'-82.03363,1,,,,,,,,,,,,,1,,,,,,,,,,,,1,1,1,1,,,,,0,,,,,,,,,,,,,,,,,,,,,,,,,,,,,,,,,,,,,,,,,,,,,,,,,,,,,,,,,,,,,,,,,,,,,,,,,,,,,
"JL2 3.5 SP2 SHOCK FR RH 0-1.5""",jl2-3-5-sp2-shock-fr-rh-0-1-5,,195610,"JL2 3.5 SP2 SHOCK FR RH 0-1.5""","JL2 3.5 SP2 SHOCK FR RH 0-1.5""",publish,,0,"2025-10-21 01:24:01",52,open,10-05-35-312-000,,,no,no,,517.99,,,,,,,instock,no,no,,no,taxable,,,,,,,'-1,'-1,,,"https://fuel1direct.com/wp-content/uploads/2025/10/10-05-35-312-000-jpg.jpg-filenameUTF-810-05-35-312-000-jpg.jpg ! alt :  ! title :  ! desc :  ! caption : ",,https://fuel1direct.com/product/jl2-3-5-sp2-shock-fr-rh-0-1-5/,,"Falcon Shocks",simple,,"Trucks: Lifts Kits, Wheel Packages & Customization > Suspension & Lift Kits - Trucks > Shocks & Struts - Truck","Falcon Shocks",,,,,[4674],"Florida, United States",28.944465,'-82.03363,1,,,,3,,,,,,,,,1,,,,,,,,,,,,5,1,1,4,,,,,0,,,,,,,,,,,,,,,,,,,,,,,,,,,,,,,,,,,,,,,,,,,,,,,,,,,,,,,,,,,,,,,,,,,,,,,,,,,,,
"JL2 3.5 SP2 SHOCK FR RH 2-4.5""",jl2-3-5-sp2-shock-fr-rh-2-4-5,,195611,"JL2 3.5 SP2 SHOCK FR RH 2-4.5""","JL2 3.5 SP2 SHOCK FR RH 2-4.5""",publish,,0,"2025-10-21 01:24:03",52,open,10-05-35-312-200,,,no,no,,517.99,,,,,,,instock,no,no,,no,taxable,,,,,,,'-1,'-1,,,"https://fuel1direct.com/wp-content/uploads/2025/10/10-05-35-312-200-jpg.jpg-filenameUTF-810-05-35-312-200-jpg.jpg ! alt :  ! title :  ! desc :  ! caption : ",,https://fuel1direct.com/product/jl2-3-5-sp2-shock-fr-rh-2-4-5/,,"Falcon Shocks",simple,,"Trucks: Lifts Kits, Wheel Packages & Customization > Suspension & Lift Kits - Trucks > Shocks & Struts - Truck","Falcon Shocks",,,,,[4674],"Florida, United States",28.944465,'-82.03363,1,,,,1,,,,,,,,,1,,,,,,,,,,,,1,1,1,1,,,,,0,,,,,,,,,,,,,,,,,,,,,,,,,,,,,,,,,,,,,,,,,,,,,,,,,,,,,,,,,,,,,,,,,,,,,,,,,,,,,
"JL2 3.5 SP2 SHOCK RR LH 0-1.5""",jl2-3-5-sp2-shock-rr-lh-0-1-5,,195612,"JL2 3.5 SP2 SHOCK RR LH 0-1.5""","JL2 3.5 SP2 SHOCK RR LH 0-1.5""",publish,,0,"2025-10-21 01:24:05",52,open,10-05-35-321-000,,,no,no,,517.99,,,,,,,instock,no,no,,no,taxable,,,,,,,'-1,'-1,,,"https://fuel1direct.com/wp-content/uploads/2025/10/10-05-35-321-000-jpg.jpg-filenameUTF-810-05-35-321-000-jpg.jpg ! alt :  ! title :  ! desc :  ! caption : ",,https://fuel1direct.com/product/jl2-3-5-sp2-shock-rr-lh-0-1-5/,,"Falcon Shocks",simple,,"Trucks: Lifts Kits, Wheel Packages & Customization > Suspension & Lift Kits - Trucks > Shocks & Struts - Truck","Falcon Shocks",,,,,[4674],"Florida, United States",28.944465,'-82.03363,1,,,,1,,,,,,,,,1,,,,,,,,,,,,1,1,1,1,,,,,0,,,,,,,,,,,,,,,,,,,,,,,,,,,,,,,,,,,,,,,,,,,,,,,,,,,,,,,,,,,,,,,,,,,,,,,,,,,,,
"JL2 3.5 SP2 SHOCK RR LH 2-4.5""",jl2-3-5-sp2-shock-rr-lh-2-4-5,,195613,"JL2 3.5 SP2 SHOCK RR LH 2-4.5""","JL2 3.5 SP2 SHOCK RR LH 2-4.5""",publish,,0,"2025-10-21 01:24:07",52,open,10-05-35-321-200,,,no,no,,517.99,,,,,,,instock,no,no,,no,taxable,,,,,,,'-1,'-1,,,"https://fuel1direct.com/wp-content/uploads/2025/10/10-05-35-321-200-jpg.jpg-filenameUTF-810-05-35-321-200-jpg.jpg ! alt :  ! title :  ! desc :  ! caption : ",,https://fuel1direct.com/product/jl2-3-5-sp2-shock-rr-lh-2-4-5/,,"Falcon Shocks",simple,,"Trucks: Lifts Kits, Wheel Packages & Customization > Suspension & Lift Kits - Trucks > Shocks & Struts - Truck","Falcon Shocks",,,,,[4674],"Florida, United States",28.944465,'-82.03363,1,,,,2,,,,,,,,,1,,,,,,,,,,,,4,1,1,1,,,,,0,,,,,,,,,,,,,,,,,,,,,,,,,,,,,,,,,,,,,,,,,,,,,,,,,,,,,,,,,,,,,,,,,,,,,,,,,,,,,
"JL2 3.5 SP2 SHOCK RR RH 0-1.5""",jl2-3-5-sp2-shock-rr-rh-0-1-5,,195614,"JL2 3.5 SP2 SHOCK RR RH 0-1.5""","JL2 3.5 SP2 SHOCK RR RH 0-1.5""",publish,,0,"2025-10-21 01:24:09",52,open,10-05-35-322-000,,,no,no,,517.99,,,,,,,instock,no,no,,no,taxable,,,,,,,'-1,'-1,,,"https://fuel1direct.com/wp-content/uploads/2025/10/10-05-35-322-000-jpg.jpg-filenameUTF-810-05-35-322-000-jpg.jpg ! alt :  ! title :  ! desc :  ! caption : ",,https://fuel1direct.com/product/jl2-3-5-sp2-shock-rr-rh-0-1-5/,,"Falcon Shocks",simple,,"Trucks: Lifts Kits, Wheel Packages & Customization > Suspension & Lift Kits - Trucks > Shocks & Struts - Truck","Falcon Shocks",,,,,[4674],"Florida, United States",28.944465,'-82.03363,1,,,,3,,,,,,,,,1,,,,,,,,,,,,2,1,1,1,,,,,0,,,,,,,,,,,,,,,,,,,,,,,,,,,,,,,,,,,,,,,,,,,,,,,,,,,,,,,,,,,,,,,,,,,,,,,,,,,,,
"JL2 3.5 SP2 SHOCK RR RH 2-4.5""",jl2-3-5-sp2-shock-rr-rh-2-4-5,,195615,"JL2 3.5 SP2 SHOCK RR RH 2-4.5""","JL2 3.5 SP2 SHOCK RR RH 2-4.5""",publish,,0,"2025-10-21 01:24:18",52,open,10-05-35-322-200,,,no,no,,517.99,,,,,,,instock,no,no,,no,taxable,,,,,,,'-1,'-1,,,"https://fuel1direct.com/wp-content/uploads/2025/10/10-05-35-322-200-jpg.jpg-filenameUTF-810-05-35-322-200-jpg.jpg ! alt :  ! title :  ! desc :  ! caption : ",,https://fuel1direct.com/product/jl2-3-5-sp2-shock-rr-rh-2-4-5/,,"Falcon Shocks",simple,,"Trucks: Lifts Kits, Wheel Packages & Customization > Suspension & Lift Kits - Trucks > Shocks & Struts - Truck","Falcon Shocks",,,,,[4674],"Florida, United States",28.944465,'-82.03363,1,,,,2,,,,,,,,,1,,,,,,,,,,,,2,1,1,2,,,,,0,,,,,,,,,,,,,,,,,,,,,,,,,,,,,,,,,,,,,,,,,,,,,,,,,,,,,,,,,,,,,,,,,,,,,,,,,,,,,
"JL2 FALCON 3.5 SHOCK KIT 0“1.5",jl2-falcon-3-5-shock-kit-01-5,,195616,"JL2 FALCON 3.5 SHOCK KIT 0“1.5","JL2 FALCON 3.5 SHOCK KIT 0“1.5",publish,,0,"2025-10-21 01:24:31",52,open,10-05-35-400-000,,,no,no,,2069.99,,,,,,,instock,no,no,,no,taxable,,,,,,,'-1,'-1,,,"https://fuel1direct.com/wp-content/uploads/2025/10/10-05-35-400-000-jpg.jpg-filenameUTF-810-05-35-400-000-jpg.jpg ! alt :  ! title :  ! desc :  ! caption : ",,https://fuel1direct.com/product/jl2-falcon-3-5-shock-kit-01-5%c2%9d/,,"Falcon Shocks",simple,,"Trucks: Lifts Kits, Wheel Packages & Customization > Suspension & Lift Kits - Trucks > Shocks & Struts - Truck","Falcon Shocks",,,,,[4674],"Florida, United States",28.944465,'-82.03363,1,,,,5,,,,,,,,,1,,,,,,,,,,,,7,1,4,5,,,,,0,,,,,,,,,,,,,,,,,,,,,,,,,,,,,,,,,,,,,,,,,,,,,,,,,,,,,,,,,,,,,,,,,,,,,,,,,,,,,
"JL2 FALCON 3.5 SHOCK KIT 2“4.5",jl2-falcon-3-5-shock-kit-24-5,,195617,"JL2 FALCON 3.5 SHOCK KIT 2“4.5","JL2 FALCON 3.5 SHOCK KIT 2“4.5",publish,,0,"2025-10-21 01:24:34",52,open,10-05-35-400-200,,,no,no,,2069.99,,,,,,,instock,no,no,,no,taxable,,,,,,,'-1,'-1,,,"https://fuel1direct.com/wp-content/uploads/2025/10/10-05-35-400-200-jpg.jpg-filenameUTF-810-05-35-400-200-jpg.jpg ! alt :  ! title :  ! desc :  ! caption : ",,https://fuel1direct.com/product/jl2-falcon-3-5-shock-kit-24-5%c2%9d/,,"Falcon Shocks",simple,,"Trucks: Lifts Kits, Wheel Packages & Customization > Suspension & Lift Kits - Trucks > Shocks & Struts - Truck","Falcon Shocks",,,,,[4674],"Florida, United States",28.944465,'-82.03363,1,,,,3,,,,,,,,,1,,,,,,,,,,,,3,1,2,2,,,,,0,,,,,,,,,,,,,,,,,,,,,,,,,,,,,,,,,,,,,,,,,,,,,,,,,,,,,,,,,,,,,,,,,,,,,,,,,,,,,
"JL4 1.1 SHK FR 2-3.5""",jl4-1-1-shk-fr-2-3-5,,195618,"JL4 1.1 SHK FR 2-3.5""","JL4 1.1 SHK FR 2-3.5""",publish,,0,"2025-10-21 01:24:36",52,open,11-01-18-310-200,,,no,no,,115,,,,,,,instock,no,no,,no,taxable,,,,,,,'-1,'-1,,,"https://fuel1direct.com/wp-content/uploads/2025/10/11-01-18-310-200-jpg.jpg-filenameUTF-811-01-18-310-200-jpg.jpg ! alt :  ! title :  ! desc :  ! caption : ",,https://fuel1direct.com/product/jl4-1-1-shk-fr-2-3-5/,,"Falcon Shocks",simple,,"Trucks: Lifts Kits, Wheel Packages & Customization > Suspension & Lift Kits - Trucks > Shocks & Struts - Truck","Falcon Shocks",,,,,[4674],"Florida, United States",28.944465,'-82.03363,1,,,,5,,,,,,,,,1,,,,,,,,,,,,7,1,1,3,,,,,0,,,,,,,,,,,,,,,,,,,,,,,,,,,,,,,,,,,,,,,,,,,,,,,,,,,,,,,,,,,,,,,,,,,,,,,,,,,,,
"JL4 1.1 SHK RR 2-3.5""",jl4-1-1-shk-rr-2-3-5,,195619,"JL4 1.1 SHK RR 2-3.5""","JL4 1.1 SHK RR 2-3.5""",publish,,0,"2025-10-21 01:24:38",52,open,11-01-18-320-200,,,no,no,,115,,,,,,,instock,no,no,,no,taxable,,,,,,,'-1,'-1,,,"https://fuel1direct.com/wp-content/uploads/2025/10/11-01-18-320-200-jpg.jpg-filenameUTF-811-01-18-320-200-jpg.jpg ! alt :  ! title :  ! desc :  ! caption : ",,https://fuel1direct.com/product/jl4-1-1-shk-rr-2-3-5/,,"Falcon Shocks",simple,,"Trucks: Lifts Kits, Wheel Packages & Customization > Suspension & Lift Kits - Trucks > Shocks & Struts - Truck","Falcon Shocks",,,,,[4674],"Florida, United States",28.944465,'-82.03363,1,,,,4,,,,,,,,,1,,,,,,,,,,,,6,1,2,4,,,,,0,,,,,,,,,,,,,,,,,,,,,,,,,,,,,,,,,,,,,,,,,,,,,,,,,,,,,,,,,,,,,,,,,,,,,,,,,,,,,
"JL FALCON 1.1 SHOCK KIT (2“3.5 LIFT)",jl-falcon-1-1-shock-kit-23-5-lift,,195620,"JL FALCON 1.1 SHOCK KIT (2“3.5 LIFT)","JL FALCON 1.1 SHOCK KIT (2“3.5 LIFT)",publish,,0,"2025-10-21 01:24:41",52,open,11-01-18-400-200,,,no,no,,504.99,,,,,,,instock,no,no,,no,taxable,,,,,,,'-1,'-1,,,"https://fuel1direct.com/wp-content/uploads/2025/10/11-01-18-400-200-jpg.jpg-filenameUTF-811-01-18-400-200-jpg.jpg ! alt :  ! title :  ! desc :  ! caption : ",,https://fuel1direct.com/product/jl-falcon-1-1-shock-kit-23-5%c2%9d-lift/,,"Falcon Shocks",simple,,"Trucks: Lifts Kits, Wheel Packages & Customization > Suspension & Lift Kits - Trucks > Shocks & Struts - Truck","Falcon Shocks",,,,,[4674],"Florida, United States",28.944465,'-82.03363,1,,,,4,,,,,,,,,1,,,,,,,,,,,,3,1,2,2,,,,,0,,,,,,,,,,,,,,,,,,,,,,,,,,,,,,,,,,,,,,,,,,,,,,,,,,,,,,,,,,,,,,,,,,,,,,,,,,,,,
"JL4 2.1 SP2 SHOCK FR 0-1.5""",jl4-2-1-sp2-shock-fr-0-1-5,,195621,"JL4 2.1 SP2 SHOCK FR 0-1.5""","JL4 2.1 SP2 SHOCK FR 0-1.5""",publish,,0,"2025-10-21 01:24:43",52,open,11-02-21-310-000,,,no,no,,231.99,,,,,,,instock,no,no,,no,taxable,,,,,,,'-1,'-1,,,"https://fuel1direct.com/wp-content/uploads/2025/10/11-02-21-310-000-jpg.jpg-filenameUTF-811-02-21-310-000-jpg.jpg ! alt :  ! title :  ! desc :  ! caption : ",,https://fuel1direct.com/product/jl4-2-1-sp2-shock-fr-0-1-5/,,"Falcon Shocks",simple,,"Trucks: Lifts Kits, Wheel Packages & Customization > Suspension & Lift Kits - Trucks > Shocks & Struts - Truck","Falcon Shocks",,,,,[4674],"Florida, United States",28.944465,'-82.03363,1,,,,5,,,,,,,,,1,,,,,,,,,,,,8,1,1,6,,,,,0,,,,,,,,,,,,,,,,,,,,,,,,,,,,,,,,,,,,,,,,,,,,,,,,,,,,,,,,,,,,,,,,,,,,,,,,,,,,,
"JL4 2.1 SP2 SHOCK FR 2-3.5""",jl4-2-1-sp2-shock-fr-2-3-5,,195622,"JL4 2.1 SP2 SHOCK FR 2-3.5""","JL4 2.1 SP2 SHOCK FR 2-3.5""",publish,,0,"2025-10-21 01:24:45",52,open,11-02-21-310-200,,,no,no,,266.99,,,,,,,instock,no,no,,no,taxable,,,,,,,'-1,'-1,,,,,https://fuel1direct.com/product/jl4-2-1-sp2-shock-fr-2-3-5/,,"Falcon Shocks",simple,,"Trucks: Lifts Kits, Wheel Packages & Customization > Suspension & Lift Kits - Trucks > Shocks & Struts - Truck","Falcon Shocks",,,,,[4674],"Florida, United States",28.944465,'-82.03363,1,,,,2,,,,,,,,,1,,,,,,,,,,,,3,1,1,2,,,,,0,,,,,,,,,,,,,,,,,,,,,,,,,,,,,,,,,,,,,,,,,,,,,,,,,,,,,,,,,,,,,,,,,,,,,,,,,,,,,
"JL4 2.1 SP2 SHOCK RR 0-1.5""",jl4-2-1-sp2-shock-rr-0-1-5,,195623,"JL4 2.1 SP2 SHOCK RR 0-1.5""","JL4 2.1 SP2 SHOCK RR 0-1.5""",publish,,0,"2025-10-21 01:24:48",52,open,11-02-21-320-000,,,no,no,,231.99,,,,,,,instock,no,no,,no,taxable,,,,,,,'-1,'-1,,,"https://fuel1direct.com/wp-content/uploads/2025/10/11-02-21-320-000-jpg.jpg-filenameUTF-811-02-21-320-000-jpg.jpg ! alt :  ! title :  ! desc :  ! caption : ",,https://fuel1direct.com/product/jl4-2-1-sp2-shock-rr-0-1-5/,,"Falcon Shocks",simple,,"Trucks: Lifts Kits, Wheel Packages & Customization > Suspension & Lift Kits - Trucks > Shocks & Struts - Truck","Falcon Shocks",,,,,[4674],"Florida, United States",28.944465,'-82.03363,1,,,,2,,,,,,,,,1,,,,,,,,,,,,2,1,2,2,,,,,0,,,,,,,,,,,,,,,,,,,,,,,,,,,,,,,,,,,,,,,,,,,,,,,,,,,,,,,,,,,,,,,,,,,,,,,,,,,,,
"JL4 2.1 SP2 SHOCK RR 2-3.5""",jl4-2-1-sp2-shock-rr-2-3-5,,195624,"JL4 2.1 SP2 SHOCK RR 2-3.5""","JL4 2.1 SP2 SHOCK RR 2-3.5""",publish,,0,"2025-10-21 01:24:50",52,open,11-02-21-320-200,,,no,no,,266.99,,,,,,,instock,no,no,,no,taxable,,,,,,,'-1,'-1,,,,,https://fuel1direct.com/product/jl4-2-1-sp2-shock-rr-2-3-5/,,"Falcon Shocks",simple,,"Trucks: Lifts Kits, Wheel Packages & Customization > Suspension & Lift Kits - Trucks > Shocks & Struts - Truck","Falcon Shocks",,,,,[4674],"Florida, United States",28.944465,'-82.03363,1,,,,1,,,,,,,,,1,,,,,,,,,,,,2,1,2,2,,,,,0,,,,,,,,,,,,,,,,,,,,,,,,,,,,,,,,,,,,,,,,,,,,,,,,,,,,,,,,,,,,,,,,,,,,,,,,,,,,,
"JL4 FALCON 2.1 SHOCK KIT (0“1.5 LIFT)",jl4-falcon-2-1-shock-kit-01-5-lift,,195625,"JL4 FALCON 2.1 SHOCK KIT (0“1.5 LIFT)","JL4 FALCON 2.1 SHOCK KIT (0“1.5 LIFT)",publish,,0,"2025-10-21 01:24:59",52,open,11-02-21-400-000,,,no,no,,991.99,,,,,,,instock,no,no,,no,taxable,,,,,,,'-1,'-1,,,"https://fuel1direct.com/wp-content/uploads/2025/10/11-02-21-400-000-jpg.jpg-filenameUTF-811-02-21-400-000-jpg.jpg ! alt :  ! title :  ! desc :  ! caption : ",,https://fuel1direct.com/product/jl4-falcon-2-1-shock-kit-01-5%c2%9d-lift/,,"Falcon Shocks",simple,,"Trucks: Lifts Kits, Wheel Packages & Customization > Suspension & Lift Kits - Trucks > Shocks & Struts - Truck","Falcon Shocks",,,,,[4674],"Florida, United States",28.944465,'-82.03363,1,,,,5,,,,,,,,,1,,,,,,,,,,,,7,1,1,4,,,,,0,,,,,,,,,,,,,,,,,,,,,,,,,,,,,,,,,,,,,,,,,,,,,,,,,,,,,,,,,,,,,,,,,,,,,,,,,,,,,
"JL4 FALCON 2.1 SHOCK KIT (2-3.5 LIFT)",jl4-falcon-2-1-shock-kit-2-3-5-lift,,195626,"JL4 FALCON 2.1 SHOCK KIT (2-3.5 LIFT)","JL4 FALCON 2.1 SHOCK KIT (2-3.5 LIFT)",publish,,0,"2025-10-21 01:25:13",52,open,11-02-21-400-200,,,no,no,,991.99,,,,,,,instock,no,no,,no,taxable,,,,,,,'-1,'-1,,,"https://fuel1direct.com/wp-content/uploads/2025/10/11-02-21-400-200-jpg.jpg-filenameUTF-811-02-21-400-200-jpg.jpg ! alt :  ! title :  ! desc :  ! caption : ",,https://fuel1direct.com/product/jl4-falcon-2-1-shock-kit-2-3-5%c2%9d-lift/,,"Falcon Shocks",simple,,"Trucks: Lifts Kits, Wheel Packages & Customization > Suspension & Lift Kits - Trucks > Shocks & Struts - Truck","Falcon Shocks",,,,,[4674],"Florida, United States",28.944465,'-82.03363,1,,,,2,,,,,,,,,1,,,,,,,,,,,,3,1,1,2,,,,,0,,,,,,,,,,,,,,,,,,,,,,,,,,,,,,,,,,,,,,,,,,,,,,,,,,,,,,,,,,,,,,,,,,,,,,,,,,,,,
"JL4 3.1 SP2 SHOCK FR LH 0-1.5""",jl4-3-1-sp2-shock-fr-lh-0-1-5,,195627,"JL4 3.1 SP2 SHOCK FR LH 0-1.5""","JL4 3.1 SP2 SHOCK FR LH 0-1.5""",publish,,0,"2025-10-21 01:25:16",52,open,11-02-31-311-000,,,no,no,,377.99,,,,,,,instock,no,no,,no,taxable,,,,,,,'-1,'-1,,,,,https://fuel1direct.com/product/jl4-3-1-sp2-shock-fr-lh-0-1-5/,,"Falcon Shocks",simple,,"Trucks: Lifts Kits, Wheel Packages & Customization > Suspension & Lift Kits - Trucks > Shocks & Struts - Truck","Falcon Shocks",,,,,[4674],"Florida, United States",28.944465,'-82.03363,1,,,,2,,,,,,,,,1,,,,,,,,,,,,5,1,1,3,,,,,0,,,,,,,,,,,,,,,,,,,,,,,,,,,,,,,,,,,,,,,,,,,,,,,,,,,,,,,,,,,,,,,,,,,,,,,,,,,,,
"JL4 3.1 SP2 DSL SHOCK FR LH 0-1.5""",jl4-3-1-sp2-dsl-shock-fr-lh-0-1-5,,195628,"JL4 3.1 SP2 DSL SHOCK FR LH 0-1.5""","JL4 3.1 SP2 DSL SHOCK FR LH 0-1.5""",publish,,0,"2025-10-21 01:25:19",52,open,11-02-31-311-002,,,no,no,,377.99,,,,,,,instock,no,no,,no,taxable,,,,,,,'-1,'-1,,,"https://fuel1direct.com/wp-content/uploads/2025/10/11-02-31-311-002-jpg.jpg-filenameUTF-811-02-31-311-002-jpg.jpg ! alt :  ! title :  ! desc :  ! caption : ",,https://fuel1direct.com/product/jl4-3-1-sp2-dsl-shock-fr-lh-0-1-5/,,"Falcon Shocks",simple,,"Trucks: Lifts Kits, Wheel Packages & Customization > Suspension & Lift Kits - Trucks > Shocks & Struts - Truck","Falcon Shocks",,,,,[4674],"Florida, United States",28.944465,'-82.03363,1,,,,4,,,,,,,,,1,,,,,,,,,,,,8,1,3,3,,,,,0,,,,,,,,,,,,,,,,,,,,,,,,,,,,,,,,,,,,,,,,,,,,,,,,,,,,,,,,,,,,,,,,,,,,,,,,,,,,,
"JL4 3.1 SP2 SHOCK FR LH 2-4.5""",jl4-3-1-sp2-shock-fr-lh-2-4-5,,195629,"JL4 3.1 SP2 SHOCK FR LH 2-4.5""","JL4 3.1 SP2 SHOCK FR LH 2-4.5""",publish,,0,"2025-10-21 01:25:21",52,open,11-02-31-311-200,,,no,no,,392.99,,,,,,,instock,no,no,,no,taxable,,,,,,,'-1,'-1,,,,,https://fuel1direct.com/product/jl4-3-1-sp2-shock-fr-lh-2-4-5/,,"Falcon Shocks",simple,,"Trucks: Lifts Kits, Wheel Packages & Customization > Suspension & Lift Kits - Trucks > Shocks & Struts - Truck","Falcon Shocks",,,,,[4674],"Florida, United States",28.944465,'-82.03363,1,,,,1,,,,,,,,,1,,,,,,,,,,,,3,1,1,2,,,,,0,,,,,,,,,,,,,,,,,,,,,,,,,,,,,,,,,,,,,,,,,,,,,,,,,,,,,,,,,,,,,,,,,,,,,,,,,,,,,
"JL4 3.1 SP2 DSL SHOCK FR LH 2-4.5""",jl4-3-1-sp2-dsl-shock-fr-lh-2-4-5,,195630,"JL4 3.1 SP2 DSL SHOCK FR LH 2-4.5""","JL4 3.1 SP2 DSL SHOCK FR LH 2-4.5""",publish,,0,"2025-10-21 01:25:24",52,open,11-02-31-311-202,,,no,no,,377.99,,,,,,,instock,no,no,,no,taxable,,,,,,,'-1,'-1,,,"https://fuel1direct.com/wp-content/uploads/2025/10/11-02-31-311-202-jpg.jpg-filenameUTF-811-02-31-311-202-jpg.jpg ! alt :  ! title :  ! desc :  ! caption : ",,https://fuel1direct.com/product/jl4-3-1-sp2-dsl-shock-fr-lh-2-4-5/,,"Falcon Shocks",simple,,"Trucks: Lifts Kits, Wheel Packages & Customization > Suspension & Lift Kits - Trucks > Shocks & Struts - Truck","Falcon Shocks",,,,,[4674],"Florida, United States",28.944465,'-82.03363,1,,,,4,,,,,,,,,1,,,,,,,,,,,,4,1,2,3,,,,,0,,,,,,,,,,,,,,,,,,,,,,,,,,,,,,,,,,,,,,,,,,,,,,,,,,,,,,,,,,,,,,,,,,,,,,,,,,,,,
"JL4 3.1 SP2 SHOCK FR RH 0-1.5""",jl4-3-1-sp2-shock-fr-rh-0-1-5,,195631,"JL4 3.1 SP2 SHOCK FR RH 0-1.5""","JL4 3.1 SP2 SHOCK FR RH 0-1.5""",publish,,0,"2025-10-21 01:25:26",52,open,11-02-31-312-000,,,no,no,,377.99,,,,,,,instock,no,no,,no,taxable,,,,,,,'-1,'-1,,,,,https://fuel1direct.com/product/jl4-3-1-sp2-shock-fr-rh-0-1-5/,,"Falcon Shocks",simple,,"Trucks: Lifts Kits, Wheel Packages & Customization > Suspension & Lift Kits - Trucks > Shocks & Struts - Truck","Falcon Shocks",,,,,[4674],"Florida, United States",28.944465,'-82.03363,1,,,,,,,,,,,,,1,,,,,,,,,,,,,,,,,,,,0,,,,,,,,,,,,,,,,,,,,,,,,,,,,,,,,,,,,,,,,,,,,,,,,,,,,,,,,,,,,,,,,,,,,,,,,,,,,,
"JL4 3.1 SP2 DSL SHOCK FR RH 0-1.5""",jl4-3-1-sp2-dsl-shock-fr-rh-0-1-5,,195632,"JL4 3.1 SP2 DSL SHOCK FR RH 0-1.5""","JL4 3.1 SP2 DSL SHOCK FR RH 0-1.5""",publish,,0,"2025-10-21 01:25:29",52,open,11-02-31-312-002,,,no,no,,377.99,,,,,,,instock,no,no,,no,taxable,,,,,,,'-1,'-1,,,"https://fuel1direct.com/wp-content/uploads/2025/10/11-02-31-312-002-jpg.jpg-filenameUTF-811-02-31-312-002-jpg.jpg ! alt :  ! title :  ! desc :  ! caption : ",,https://fuel1direct.com/product/jl4-3-1-sp2-dsl-shock-fr-rh-0-1-5/,,"Falcon Shocks",simple,,"Trucks: Lifts Kits, Wheel Packages & Customization > Suspension & Lift Kits - Trucks > Shocks & Struts - Truck","Falcon Shocks",,,,,[4674],"Florida, United States",28.944465,'-82.03363,1,,,,5,,,,,,,,,1,,,,,,,,,,,,5,1,4,4,,,,,0,,,,,,,,,,,,,,,,,,,,,,,,,,,,,,,,,,,,,,,,,,,,,,,,,,,,,,,,,,,,,,,,,,,,,,,,,,,,,
"JL4 3.1 SP2 SHOCK FR RH 2-4.5""",jl4-3-1-sp2-shock-fr-rh-2-4-5,,195633,"JL4 3.1 SP2 SHOCK FR RH 2-4.5""","JL4 3.1 SP2 SHOCK FR RH 2-4.5""",publish,,0,"2025-10-21 01:25:32",52,open,11-02-31-312-200,,,no,no,,392.99,,,,,,,instock,no,no,,no,taxable,,,,,,,'-1,'-1,,,,,https://fuel1direct.com/product/jl4-3-1-sp2-shock-fr-rh-2-4-5/,,"Falcon Shocks",simple,,"Trucks: Lifts Kits, Wheel Packages & Customization > Suspension & Lift Kits - Trucks > Shocks & Struts - Truck","Falcon Shocks",,,,,[4674],"Florida, United States",28.944465,'-82.03363,1,,,,1,,,,,,,,,1,,,,,,,,,,,,2,1,1,1,,,,,0,,,,,,,,,,,,,,,,,,,,,,,,,,,,,,,,,,,,,,,,,,,,,,,,,,,,,,,,,,,,,,,,,,,,,,,,,,,,,
"JL4 3.1 SP2 DSL SHOCK FR RH 2-4.5""",jl4-3-1-sp2-dsl-shock-fr-rh-2-4-5,,195634,"JL4 3.1 SP2 DSL SHOCK FR RH 2-4.5""","JL4 3.1 SP2 DSL SHOCK FR RH 2-4.5""",publish,,0,"2025-10-21 01:25:34",52,open,11-02-31-312-202,,,no,no,,377.99,,,,,,,instock,no,no,,no,taxable,,,,,,,'-1,'-1,,,"https://fuel1direct.com/wp-content/uploads/2025/10/11-02-31-312-202-jpg.jpg-filenameUTF-811-02-31-312-202-jpg.jpg ! alt :  ! title :  ! desc :  ! caption : ",,https://fuel1direct.com/product/jl4-3-1-sp2-dsl-shock-fr-rh-2-4-5/,,"Falcon Shocks",simple,,"Trucks: Lifts Kits, Wheel Packages & Customization > Suspension & Lift Kits - Trucks > Shocks & Struts - Truck","Falcon Shocks",,,,,[4674],"Florida, United States",28.944465,'-82.03363,1,,,,3,,,,,,,,,1,,,,,,,,,,,,4,3,3,4,,,,,0,,,,,,,,,,,,,,,,,,,,,,,,,,,,,,,,,,,,,,,,,,,,,,,,,,,,,,,,,,,,,,,,,,,,,,,,,,,,,
"JL4 3.1 SP2 SHOCK RR LH 0-1.5""",jl4-3-1-sp2-shock-rr-lh-0-1-5,,195635,"JL4 3.1 SP2 SHOCK RR LH 0-1.5""","JL4 3.1 SP2 SHOCK RR LH 0-1.5""",publish,,0,"2025-10-21 01:25:43",52,open,11-02-31-321-000,,,no,no,,377.99,,,,,,,instock,no,no,,no,taxable,,,,,,,'-1,'-1,,,,,https://fuel1direct.com/product/jl4-3-1-sp2-shock-rr-lh-0-1-5/,,"Falcon Shocks",simple,,"Trucks: Lifts Kits, Wheel Packages & Customization > Suspension & Lift Kits - Trucks > Shocks & Struts - Truck","Falcon Shocks",,,,,[4674],"Florida, United States",28.944465,'-82.03363,1,,,,7,,,,,,,,,1,,,,,,,,,,,,7,1,2,5,,,,,0,,,,,,,,,,,,,,,,,,,,,,,,,,,,,,,,,,,,,,,,,,,,,,,,,,,,,,,,,,,,,,,,,,,,,,,,,,,,,
"JL4 3.1 SP2 DSL SHOCK RR LH 0-1.5""",jl4-3-1-sp2-dsl-shock-rr-lh-0-1-5,,195636,"JL4 3.1 SP2 DSL SHOCK RR LH 0-1.5""","JL4 3.1 SP2 DSL SHOCK RR LH 0-1.5""",publish,,0,"2025-10-21 01:25:58",52,open,11-02-31-321-002,,,no,no,,377.99,,,,,,,instock,no,no,,no,taxable,,,,,,,'-1,'-1,,,"https://fuel1direct.com/wp-content/uploads/2025/10/11-02-31-321-002-jpg.jpg-filenameUTF-811-02-31-321-002-jpg.jpg ! alt :  ! title :  ! desc :  ! caption : ",,https://fuel1direct.com/product/jl4-3-1-sp2-dsl-shock-rr-lh-0-1-5/,,"Falcon Shocks",simple,,"Trucks: Lifts Kits, Wheel Packages & Customization > Suspension & Lift Kits - Trucks > Shocks & Struts - Truck","Falcon Shocks",,,,,[4674],"Florida, United States",28.944465,'-82.03363,1,,,,1,,,,,,,,,1,,,,,,,,,,,,2,1,1,1,,,,,0,,,,,,,,,,,,,,,,,,,,,,,,,,,,,,,,,,,,,,,,,,,,,,,,,,,,,,,,,,,,,,,,,,,,,,,,,,,,,
"JL4 3.1 SP2 SHOCK RR LH 2-4.5""",jl4-3-1-sp2-shock-rr-lh-2-4-5,,195637,"JL4 3.1 SP2 SHOCK RR LH 2-4.5""","JL4 3.1 SP2 SHOCK RR LH 2-4.5""",publish,,0,"2025-10-21 01:26:00",52,open,11-02-31-321-200,,,no,no,,371.99,,,,,,,instock,no,no,,no,taxable,,,,,,,'-1,'-1,,,,,https://fuel1direct.com/product/jl4-3-1-sp2-shock-rr-lh-2-4-5/,,"Falcon Shocks",simple,,"Trucks: Lifts Kits, Wheel Packages & Customization > Suspension & Lift Kits - Trucks > Shocks & Struts - Truck","Falcon Shocks",,,,,[4674],"Florida, United States",28.944465,'-82.03363,1,,,,2,,,,,,,,,1,,,,,,,,,,,,2,1,1,1,,,,,0,,,,,,,,,,,,,,,,,,,,,,,,,,,,,,,,,,,,,,,,,,,,,,,,,,,,,,,,,,,,,,,,,,,,,,,,,,,,,
"JL4 3.1 SP2 DSL SHOCK RR LH 2-4.5""",jl4-3-1-sp2-dsl-shock-rr-lh-2-4-5,,195638,"JL4 3.1 SP2 DSL SHOCK RR LH 2-4.5""","JL4 3.1 SP2 DSL SHOCK RR LH 2-4.5""",publish,,0,"2025-10-21 01:26:03",52,open,11-02-31-321-202,,,no,no,,377.99,,,,,,,instock,no,no,,no,taxable,,,,,,,'-1,'-1,,,"https://fuel1direct.com/wp-content/uploads/2025/10/11-02-31-321-202-jpg.jpg-filenameUTF-811-02-31-321-202-jpg.jpg ! alt :  ! title :  ! desc :  ! caption : ",,https://fuel1direct.com/product/jl4-3-1-sp2-dsl-shock-rr-lh-2-4-5/,,"Falcon Shocks",simple,,"Trucks: Lifts Kits, Wheel Packages & Customization > Suspension & Lift Kits - Trucks > Shocks & Struts - Truck","Falcon Shocks",,,,,[4674],"Florida, United States",28.944465,'-82.03363,1,,,,4,,,,,,,,,1,,,,,,,,,,,,5,1,2,3,,,,,0,,,,,,,,,,,,,,,,,,,,,,,,,,,,,,,,,,,,,,,,,,,,,,,,,,,,,,,,,,,,,,,,,,,,,,,,,,,,,
"JL4 3.1 SP2 SHOCK RR RH 0-1.5""",jl4-3-1-sp2-shock-rr-rh-0-1-5,,195639,"JL4 3.1 SP2 SHOCK RR RH 0-1.5""","JL4 3.1 SP2 SHOCK RR RH 0-1.5""",publish,,0,"2025-10-21 01:26:05",52,open,11-02-31-322-000,,,no,no,,377.99,,,,,,,instock,no,no,,no,taxable,,,,,,,'-1,'-1,,,,,https://fuel1direct.com/product/jl4-3-1-sp2-shock-rr-rh-0-1-5/,,"Falcon Shocks",simple,,"Trucks: Lifts Kits, Wheel Packages & Customization > Suspension & Lift Kits - Trucks > Shocks & Struts - Truck","Falcon Shocks",,,,,[4674],"Florida, United States",28.944465,'-82.03363,1,,,,3,,,,,,,,,1,,,,,,,,,,,,4,1,2,3,,,,,0,,,,,,,,,,,,,,,,,,,,,,,,,,,,,,,,,,,,,,,,,,,,,,,,,,,,,,,,,,,,,,,,,,,,,,,,,,,,,
"JL4 3.1 SP2 DSL SHOCK RR RH 0-1.5""",jl4-3-1-sp2-dsl-shock-rr-rh-0-1-5,,195640,"JL4 3.1 SP2 DSL SHOCK RR RH 0-1.5""","JL4 3.1 SP2 DSL SHOCK RR RH 0-1.5""",publish,,0,"2025-10-21 01:26:08",52,open,11-02-31-322-002,,,no,no,,377.99,,,,,,,instock,no,no,,no,taxable,,,,,,,'-1,'-1,,,"https://fuel1direct.com/wp-content/uploads/2025/10/11-02-31-322-002-jpg.jpg-filenameUTF-811-02-31-322-002-jpg.jpg ! alt :  ! title :  ! desc :  ! caption : ",,https://fuel1direct.com/product/jl4-3-1-sp2-dsl-shock-rr-rh-0-1-5/,,"Falcon Shocks",simple,,"Trucks: Lifts Kits, Wheel Packages & Customization > Suspension & Lift Kits - Trucks > Shocks & Struts - Truck","Falcon Shocks",,,,,[4674],"Florida, United States",28.944465,'-82.03363,1,,,,5,,,,,,,,,1,,,,,,,,,,,,7,1,1,4,,,,,0,,,,,,,,,,,,,,,,,,,,,,,,,,,,,,,,,,,,,,,,,,,,,,,,,,,,,,,,,,,,,,,,,,,,,,,,,,,,,
"JL4 3.1 SHOCK RR RH 2-4.5""",jl4-3-1-shock-rr-rh-2-4-5,,195641,"JL4 3.1 SHOCK RR RH 2-4.5""","JL4 3.1 SHOCK RR RH 2-4.5""",publish,,0,"2025-10-21 01:26:10",52,open,11-02-31-322-200,,,no,no,,377.99,,,,,,,instock,no,no,,no,taxable,,,,,,,'-1,'-1,,,,,https://fuel1direct.com/product/jl4-3-1-shock-rr-rh-2-4-5/,,"Falcon Shocks",simple,,"Trucks: Lifts Kits, Wheel Packages & Customization > Suspension & Lift Kits - Trucks > Shocks & Struts - Truck","Falcon Shocks",,,,,[4674],"Florida, United States",28.944465,'-82.03363,1,,,,,,,,,,,,,1,,,,,,,,,,,,2,1,2,2,,,,,0,,,,,,,,,,,,,,,,,,,,,,,,,,,,,,,,,,,,,,,,,,,,,,,,,,,,,,,,,,,,,,,,,,,,,,,,,,,,,
"JL4 3.1 SP2 DSL SHOCK RR RH 2-4.5""",jl4-3-1-sp2-dsl-shock-rr-rh-2-4-5,,195642,"JL4 3.1 SP2 DSL SHOCK RR RH 2-4.5""","JL4 3.1 SP2 DSL SHOCK RR RH 2-4.5""",publish,,0,"2025-10-21 01:26:13",52,open,11-02-31-322-202,,,no,no,,377.99,,,,,,,instock,no,no,,no,taxable,,,,,,,'-1,'-1,,,"https://fuel1direct.com/wp-content/uploads/2025/10/11-02-31-322-202-jpg.jpg-filenameUTF-811-02-31-322-202-jpg.jpg ! alt :  ! title :  ! desc :  ! caption : ",,https://fuel1direct.com/product/jl4-3-1-sp2-dsl-shock-rr-rh-2-4-5/,,"Falcon Shocks",simple,,"Trucks: Lifts Kits, Wheel Packages & Customization > Suspension & Lift Kits - Trucks > Shocks & Struts - Truck","Falcon Shocks",,,,,[4674],"Florida, United States",28.944465,'-82.03363,1,,,,1,,,,,,,,,1,,,,,,,,,,,,2,1,1,1,,,,,0,,,,,,,,,,,,,,,,,,,,,,,,,,,,,,,,,,,,,,,,,,,,,,,,,,,,,,,,,,,,,,,,,,,,,,,,,,,,,
"JL4 FALCON 3.1 SHOCK KIT (0“1.5 LIFT)",jl4-falcon-3-1-shock-kit-01-5-lift,,195643,"JL4 FALCON 3.1 SHOCK KIT (0“1.5 LIFT)","JL4 FALCON 3.1 SHOCK KIT (0“1.5 LIFT)",publish,,0,"2025-10-21 01:26:15",52,open,11-02-31-400-000,,,no,no,,1613.99,,,,,,,instock,no,no,,no,taxable,,,,,,,'-1,'-1,,,"https://fuel1direct.com/wp-content/uploads/2025/10/11-02-31-400-000-jpg.jpg-filenameUTF-811-02-31-400-000-jpg.jpg ! alt :  ! title :  ! desc :  ! caption : ",,https://fuel1direct.com/product/jl4-falcon-3-1-shock-kit-01-5%c2%9d-lift/,,"Falcon Shocks",simple,,"Trucks: Lifts Kits, Wheel Packages & Customization > Suspension & Lift Kits - Trucks > Shocks & Struts - Truck","Falcon Shocks",,,,,[4674],"Florida, United States",28.944465,'-82.03363,1,,,,2,,,,,,,,,1,,,,,,,,,,,,2,1,1,1,,,,,0,,,,,,,,,,,,,,,,,,,,,,,,,,,,,,,,,,,,,,,,,,,,,,,,,,,,,,,,,,,,,,,,,,,,,,,,,,,,,
"JLDEH FALCON 3.1 SHOCK KIT (0“1.5 LIFT)",jldeh-falcon-3-1-shock-kit-01-5-lift,,195644,"JLDEH FALCON 3.1 SHOCK KIT (0“1.5 LIFT)","JLDEH FALCON 3.1 SHOCK KIT (0“1.5 LIFT)",publish,,0,"2025-10-21 01:26:17",52,open,11-02-31-400-002,,,no,no,,1613.99,,,,,,,instock,no,no,,no,taxable,,,,,,,'-1,'-1,,,"https://fuel1direct.com/wp-content/uploads/2025/10/11-02-31-400-002-jpg.jpg-filenameUTF-811-02-31-400-002-jpg.jpg ! alt :  ! title :  ! desc :  ! caption : ",,https://fuel1direct.com/product/jldeh-falcon-3-1-shock-kit-01-5%c2%9d-lift/,,"Falcon Shocks",simple,,"Trucks: Lifts Kits, Wheel Packages & Customization > Suspension & Lift Kits - Trucks > Shocks & Struts - Truck","Falcon Shocks",,,,,[4674],"Florida, United States",28.944465,'-82.03363,1,,,,3,,,,,,,,,1,,,,,,,,,,,,3,1,3,3,,,,,0,,,,,,,,,,,,,,,,,,,,,,,,,,,,,,,,,,,,,,,,,,,,,,,,,,,,,,,,,,,,,,,,,,,,,,,,,,,,,
"JL4 FALCON 3.1 SHOCK KIT (2“4.5 LIFT)",jl4-falcon-3-1-shock-kit-24-5-lift,,195645,"JL4 FALCON 3.1 SHOCK KIT (2“4.5 LIFT)","JL4 FALCON 3.1 SHOCK KIT (2“4.5 LIFT)",publish,,0,"2025-10-21 01:26:27",52,open,11-02-31-400-200,,,no,no,,1613.99,,,,,,,instock,no,no,,no,taxable,,,,,,,'-1,'-1,,,"https://fuel1direct.com/wp-content/uploads/2025/10/11-02-31-400-200-jpg.jpg-filenameUTF-811-02-31-400-200-jpg.jpg ! alt :  ! title :  ! desc :  ! caption : ",,https://fuel1direct.com/product/jl4-falcon-3-1-shock-kit-24-5%c2%9d-lift/,,"Falcon Shocks",simple,,"Trucks: Lifts Kits, Wheel Packages & Customization > Suspension & Lift Kits - Trucks > Shocks & Struts - Truck","Falcon Shocks",,,,,[4674],"Florida, United States",28.944465,'-82.03363,1,,,,4,,,,,,,,,1,,,,,,,,,,,,7,1,2,3,,,,,0,,,,,,,,,,,,,,,,,,,,,,,,,,,,,,,,,,,,,,,,,,,,,,,,,,,,,,,,,,,,,,,,,,,,,,,,,,,,,
"JLDEH FALCON 3.1 SHOCK KIT (2“4.5 LIFT)",jldeh-falcon-3-1-shock-kit-24-5-lift,,195646,"JLDEH FALCON 3.1 SHOCK KIT (2“4.5 LIFT)","JLDEH FALCON 3.1 SHOCK KIT (2“4.5 LIFT)",publish,,0,"2025-10-21 01:26:41",52,open,11-02-31-400-202,,,no,no,,1613.99,,,,,,,instock,no,no,,no,taxable,,,,,,,'-1,'-1,,,"https://fuel1direct.com/wp-content/uploads/2025/10/11-02-31-400-202-jpg.jpg-filenameUTF-811-02-31-400-202-jpg.jpg ! alt :  ! title :  ! desc :  ! caption : ",,https://fuel1direct.com/product/jldeh-falcon-3-1-shock-kit-24-5%c2%9d-lift/,,"Falcon Shocks",simple,,"Trucks: Lifts Kits, Wheel Packages & Customization > Suspension & Lift Kits - Trucks > Shocks & Struts - Truck","Falcon Shocks",,,,,[4674],"Florida, United States",28.944465,'-82.03363,1,,,,10,,,,,,,,,1,,,,,,,,,,,,5,1,1,1,,,,,0,,,,,,,,,,,,,,,,,,,,,,,,,,,,,,,,,,,,,,,,,,,,,,,,,,,,,,,,,,,,,,,,,,,,,,,,,,,,,
"JL4 3.3 SP2 SHOCK FR LH 0-1.5""",jl4-3-3-sp2-shock-fr-lh-0-1-5,,195647,"JL4 3.3 SP2 SHOCK FR LH 0-1.5""","JL4 3.3 SP2 SHOCK FR LH 0-1.5""",publish,,0,"2025-10-21 01:26:43",52,open,11-02-33-311-000,,,no,no,,493.99,,,,,,,instock,no,no,,no,taxable,,,,,,,'-1,'-1,,,,,https://fuel1direct.com/product/jl4-3-3-sp2-shock-fr-lh-0-1-5/,,"Falcon Shocks",simple,,"Trucks: Lifts Kits, Wheel Packages & Customization > Suspension & Lift Kits - Trucks > Shocks & Struts - Truck","Falcon Shocks",,,,,[4674],"Florida, United States",28.944465,'-82.03363,1,,,,1,,,,,,,,,1,,,,,,,,,,,,1,1,1,1,,,,,0,,,,,,,,,,,,,,,,,,,,,,,,,,,,,,,,,,,,,,,,,,,,,,,,,,,,,,,,,,,,,,,,,,,,,,,,,,,,,
"JL4 3.3 SP2 DSL SHOCK FR LH 0-1.5""",jl4-3-3-sp2-dsl-shock-fr-lh-0-1-5,,195648,"JL4 3.3 SP2 DSL SHOCK FR LH 0-1.5""","JL4 3.3 SP2 DSL SHOCK FR LH 0-1.5""",publish,,0,"2025-10-21 01:26:46",52,open,11-02-33-311-002,,,no,no,,492.99,,,,,,,instock,no,no,,no,taxable,,,,,,,'-1,'-1,,,"https://fuel1direct.com/wp-content/uploads/2025/10/11-02-33-311-002-jpg.jpg-filenameUTF-811-02-33-311-002-jpg.jpg ! alt :  ! title :  ! desc :  ! caption : ",,https://fuel1direct.com/product/jl4-3-3-sp2-dsl-shock-fr-lh-0-1-5/,,"Falcon Shocks",simple,,"Trucks: Lifts Kits, Wheel Packages & Customization > Suspension & Lift Kits - Trucks > Shocks & Struts - Truck","Falcon Shocks",,,,,[4674],"Florida, United States",28.944465,'-82.03363,1,,,,1,,,,,,,,,1,,,,,,,,,,,,3,1,2,2,,,,,0,,,,,,,,,,,,,,,,,,,,,,,,,,,,,,,,,,,,,,,,,,,,,,,,,,,,,,,,,,,,,,,,,,,,,,,,,,,,,
"JL4 3.3 SP2 SHOCK FR LH 2-4.5""",jl4-3-3-sp2-shock-fr-lh-2-4-5,,195649,"JL4 3.3 SP2 SHOCK FR LH 2-4.5""","JL4 3.3 SP2 SHOCK FR LH 2-4.5""",publish,,0,"2025-10-21 01:26:48",52,open,11-02-33-311-200,,,no,no,,528.99,,,,,,,instock,no,no,,no,taxable,,,,,,,'-1,'-1,,,,,https://fuel1direct.com/product/jl4-3-3-sp2-shock-fr-lh-2-4-5/,,"Falcon Shocks",simple,,"Trucks: Lifts Kits, Wheel Packages & Customization > Suspension & Lift Kits - Trucks > Shocks & Struts - Truck","Falcon Shocks",,,,,[4674],"Florida, United States",28.944465,'-82.03363,1,,,,4,,,,,,,,,1,,,,,,,,,,,,4,1,2,3,,,,,0,,,,,,,,,,,,,,,,,,,,,,,,,,,,,,,,,,,,,,,,,,,,,,,,,,,,,,,,,,,,,,,,,,,,,,,,,,,,,
"JL4 3.3 SP2 DSL SHOCK FR LH 2-4.5""",jl4-3-3-sp2-dsl-shock-fr-lh-2-4-5,,195650,"JL4 3.3 SP2 DSL SHOCK FR LH 2-4.5""","JL4 3.3 SP2 DSL SHOCK FR LH 2-4.5""",publish,,0,"2025-10-21 01:26:51",52,open,11-02-33-311-202,,,no,no,,492.99,,,,,,,instock,no,no,,no,taxable,,,,,,,'-1,'-1,,,"https://fuel1direct.com/wp-content/uploads/2025/10/11-02-33-311-202-jpg.jpg-filenameUTF-811-02-33-311-202-jpg.jpg ! alt :  ! title :  ! desc :  ! caption : ",,https://fuel1direct.com/product/jl4-3-3-sp2-dsl-shock-fr-lh-2-4-5/,,"Falcon Shocks",simple,,"Trucks: Lifts Kits, Wheel Packages & Customization > Suspension & Lift Kits - Trucks > Shocks & Struts - Truck","Falcon Shocks",,,,,[4674],"Florida, United States",28.944465,'-82.03363,1,,,,3,,,,,,,,,1,,,,,,,,,,,,4,1,3,4,,,,,0,,,,,,,,,,,,,,,,,,,,,,,,,,,,,,,,,,,,,,,,,,,,,,,,,,,,,,,,,,,,,,,,,,,,,,,,,,,,,
"JL4 3.3 SP2 SHOCK FR RH 0-1.5""",jl4-3-3-sp2-shock-fr-rh-0-1-5,,195651,"JL4 3.3 SP2 SHOCK FR RH 0-1.5""","JL4 3.3 SP2 SHOCK FR RH 0-1.5""",publish,,0,"2025-10-21 01:26:53",52,open,11-02-33-312-000,,,no,no,,493.99,,,,,,,instock,no,no,,no,taxable,,,,,,,'-1,'-1,,,,,https://fuel1direct.com/product/jl4-3-3-sp2-shock-fr-rh-0-1-5/,,"Falcon Shocks",simple,,"Trucks: Lifts Kits, Wheel Packages & Customization > Suspension & Lift Kits - Trucks > Shocks & Struts - Truck","Falcon Shocks",,,,,[4674],"Florida, United States",28.944465,'-82.03363,1,,,,32,,,,,,,,,1,,,,,,,,,,,,36,1,6,32,,,,,0,,,,,,,,,,,,,,,,,,,,,,,,,,,,,,,,,,,,,,,,,,,,,,,,,,,,,,,,,,,,,,,,,,,,,,,,,,,,,
"JL4 3.3 SP2 DSL SHOCK FR RH 0-1.5""",jl4-3-3-sp2-dsl-shock-fr-rh-0-1-5,,195652,"JL4 3.3 SP2 DSL SHOCK FR RH 0-1.5""","JL4 3.3 SP2 DSL SHOCK FR RH 0-1.5""",publish,,0,"2025-10-21 01:26:56",52,open,11-02-33-312-002,,,no,no,,492.99,,,,,,,instock,no,no,,no,taxable,,,,,,,'-1,'-1,,,"https://fuel1direct.com/wp-content/uploads/2025/10/11-02-33-312-002-jpg.jpg-filenameUTF-811-02-33-312-002-jpg.jpg ! alt :  ! title :  ! desc :  ! caption : ",,https://fuel1direct.com/product/jl4-3-3-sp2-dsl-shock-fr-rh-0-1-5/,,"Falcon Shocks",simple,,"Trucks: Lifts Kits, Wheel Packages & Customization > Suspension & Lift Kits - Trucks > Shocks & Struts - Truck","Falcon Shocks",,,,,[4674],"Florida, United States",28.944465,'-82.03363,1,,,,3,,,,,,,,,1,,,,,,,,,,,,3,1,2,2,,,,,0,,,,,,,,,,,,,,,,,,,,,,,,,,,,,,,,,,,,,,,,,,,,,,,,,,,,,,,,,,,,,,,,,,,,,,,,,,,,,
"JL4 3.3 SP2 SHOCK FR RH 2-4.5""",jl4-3-3-sp2-shock-fr-rh-2-4-5,,195653,"JL4 3.3 SP2 SHOCK FR RH 2-4.5""","JL4 3.3 SP2 SHOCK FR RH 2-4.5""",publish,,0,"2025-10-21 01:26:58",52,open,11-02-33-312-200,,,no,no,,493.99,,,,,,,instock,no,no,,no,taxable,,,,,,,'-1,'-1,,,,,https://fuel1direct.com/product/jl4-3-3-sp2-shock-fr-rh-2-4-5/,,"Falcon Shocks",simple,,"Trucks: Lifts Kits, Wheel Packages & Customization > Suspension & Lift Kits - Trucks > Shocks & Struts - Truck","Falcon Shocks",,,,,[4674],"Florida, United States",28.944465,'-82.03363,1,,,,5,,,,,,,,,1,,,,,,,,,,,,6,1,5,5,,,,,0,,,,,,,,,,,,,,,,,,,,,,,,,,,,,,,,,,,,,,,,,,,,,,,,,,,,,,,,,,,,,,,,,,,,,,,,,,,,,
"JL4 3.3 SP2 DSL SHOCK FR RH 2-4.5""",jl4-3-3-sp2-dsl-shock-fr-rh-2-4-5,,195654,"JL4 3.3 SP2 DSL SHOCK FR RH 2-4.5""","JL4 3.3 SP2 DSL SHOCK FR RH 2-4.5""",publish,,0,"2025-10-21 01:27:01",52,open,11-02-33-312-202,,,no,no,,495.99,,,,,,,instock,no,no,,no,taxable,,,,,,,'-1,'-1,,,,,https://fuel1direct.com/product/jl4-3-3-sp2-dsl-shock-fr-rh-2-4-5/,,"Falcon Shocks",simple,,"Trucks: Lifts Kits, Wheel Packages & Customization > Suspension & Lift Kits - Trucks > Shocks & Struts - Truck","Falcon Shocks",,,,,[4674],"Florida, United States",28.944465,'-82.03363,1,,,,7,,,,,,,,,1,,,,,,,,,,,,8,1,1,6,,,,,0,,,,,,,,,,,,,,,,,,,,,,,,,,,,,,,,,,,,,,,,,,,,,,,,,,,,,,,,,,,,,,,,,,,,,,,,,,,,,
"JL4 3.3 SP2 SHOCK RR LH 0-1.5""",jl4-3-3-sp2-shock-rr-lh-0-1-5,,195655,"JL4 3.3 SP2 SHOCK RR LH 0-1.5""","JL4 3.3 SP2 SHOCK RR LH 0-1.5""",publish,,0,"2025-10-21 01:27:11",52,open,11-02-33-321-000,,,no,no,,493.99,,,,,,,instock,no,no,,no,taxable,,,,,,,'-1,'-1,,,,,https://fuel1direct.com/product/jl4-3-3-sp2-shock-rr-lh-0-1-5/,,"Falcon Shocks",simple,,"Trucks: Lifts Kits, Wheel Packages & Customization > Suspension & Lift Kits - Trucks > Shocks & Struts - Truck","Falcon Shocks",,,,,[4674],"Florida, United States",28.944465,'-82.03363,1,,,,1,,,,,,,,,1,,,,,,,,,,,,3,1,1,3,,,,,0,,,,,,,,,,,,,,,,,,,,,,,,,,,,,,,,,,,,,,,,,,,,,,,,,,,,,,,,,,,,,,,,,,,,,,,,,,,,,
"JL4 3.3 SP2 DSL SHOCK RR LH 0-1.5""",jl4-3-3-sp2-dsl-shock-rr-lh-0-1-5,,195656,"JL4 3.3 SP2 DSL SHOCK RR LH 0-1.5""","JL4 3.3 SP2 DSL SHOCK RR LH 0-1.5""",publish,,0,"2025-10-21 01:27:25",52,open,11-02-33-321-002,,,no,no,,492.99,,,,,,,instock,no,no,,no,taxable,,,,,,,'-1,'-1,,,"https://fuel1direct.com/wp-content/uploads/2025/10/11-02-33-321-002-jpg.jpg-filenameUTF-811-02-33-321-002-jpg.jpg ! alt :  ! title :  ! desc :  ! caption : ",,https://fuel1direct.com/product/jl4-3-3-sp2-dsl-shock-rr-lh-0-1-5/,,"Falcon Shocks",simple,,"Trucks: Lifts Kits, Wheel Packages & Customization > Suspension & Lift Kits - Trucks > Shocks & Struts - Truck","Falcon Shocks",,,,,[4674],"Florida, United States",28.944465,'-82.03363,1,,,,2,,,,,,,,,1,,,,,,,,,,,,3,1,1,2,,,,,0,,,,,,,,,,,,,,,,,,,,,,,,,,,,,,,,,,,,,,,,,,,,,,,,,,,,,,,,,,,,,,,,,,,,,,,,,,,,,
"JL 4 DR 3.3 SP2 SHK RR LEFT 2""-4.5""",jl-4-dr-3-3-sp2-shk-rr-left-2-4-5,,195657,"JL 4 DR 3.3 SP2 SHK RR LEFT 2""-4.5""","JL 4 DR 3.3 SP2 SHK RR LEFT 2""-4.5""",publish,,0,"2025-10-21 01:27:27",52,open,11-02-33-321-200,,,no,no,,492.99,,,,,,,instock,no,no,,no,taxable,,,,,,,'-1,'-1,,,,,https://fuel1direct.com/product/jl-4-dr-3-3-sp2-shk-rr-left-2-4-5/,,"Falcon Shocks",simple,,"Trucks: Lifts Kits, Wheel Packages & Customization > Suspension & Lift Kits - Trucks > Shocks & Struts - Truck","Falcon Shocks",,,,,[4674],"Florida, United States",28.944465,'-82.03363,1,,,,3,,,,,,,,,1,,,,,,,,,,,,3,1,2,3,,,,,0,,,,,,,,,,,,,,,,,,,,,,,,,,,,,,,,,,,,,,,,,,,,,,,,,,,,,,,,,,,,,,,,,,,,,,,,,,,,,
"JL4 3.3 SP2 DSL SHOCK RR LH 2-4.5""",jl4-3-3-sp2-dsl-shock-rr-lh-2-4-5,,195658,"JL4 3.3 SP2 DSL SHOCK RR LH 2-4.5""","JL4 3.3 SP2 DSL SHOCK RR LH 2-4.5""",publish,,0,"2025-10-21 01:27:30",52,open,11-02-33-321-202,,,no,no,,492.99,,,,,,,instock,no,no,,no,taxable,,,,,,,'-1,'-1,,,,,https://fuel1direct.com/product/jl4-3-3-sp2-dsl-shock-rr-lh-2-4-5/,,"Falcon Shocks",simple,,"Trucks: Lifts Kits, Wheel Packages & Customization > Suspension & Lift Kits - Trucks > Shocks & Struts - Truck","Falcon Shocks",,,,,[4674],"Florida, United States",28.944465,'-82.03363,1,,,,6,,,,,,,,,1,,,,,,,,,,,,7,1,1,4,,,,,0,,,,,,,,,,,,,,,,,,,,,,,,,,,,,,,,,,,,,,,,,,,,,,,,,,,,,,,,,,,,,,,,,,,,,,,,,,,,,
"JL4 3.3 SP2 SHOCK RR RH 0-1.5""",jl4-3-3-sp2-shock-rr-rh-0-1-5,,195659,"JL4 3.3 SP2 SHOCK RR RH 0-1.5""","JL4 3.3 SP2 SHOCK RR RH 0-1.5""",publish,,0,"2025-10-21 01:27:32",52,open,11-02-33-322-000,,,no,no,,493.99,,,,,,,instock,no,no,,no,taxable,,,,,,,'-1,'-1,,,,,https://fuel1direct.com/product/jl4-3-3-sp2-shock-rr-rh-0-1-5/,,"Falcon Shocks",simple,,"Trucks: Lifts Kits, Wheel Packages & Customization > Suspension & Lift Kits - Trucks > Shocks & Struts - Truck","Falcon Shocks",,,,,[4674],"Florida, United States",28.944465,'-82.03363,1,,,,2,,,,,,,,,1,,,,,,,,,,,,2,1,2,2,,,,,0,,,,,,,,,,,,,,,,,,,,,,,,,,,,,,,,,,,,,,,,,,,,,,,,,,,,,,,,,,,,,,,,,,,,,,,,,,,,,
"JL4 3.3 SP2 DSL SHOCK RR RH 0-1.5""",jl4-3-3-sp2-dsl-shock-rr-rh-0-1-5,,195660,"JL4 3.3 SP2 DSL SHOCK RR RH 0-1.5""","JL4 3.3 SP2 DSL SHOCK RR RH 0-1.5""",publish,,0,"2025-10-21 01:27:35",52,open,11-02-33-322-002,,,no,no,,492.99,,,,,,,instock,no,no,,no,taxable,,,,,,,'-1,'-1,,,"https://fuel1direct.com/wp-content/uploads/2025/10/11-02-33-322-002-jpg.jpg-filenameUTF-811-02-33-322-002-jpg.jpg ! alt :  ! title :  ! desc :  ! caption : ",,https://fuel1direct.com/product/jl4-3-3-sp2-dsl-shock-rr-rh-0-1-5/,,"Falcon Shocks",simple,,"Trucks: Lifts Kits, Wheel Packages & Customization > Suspension & Lift Kits - Trucks > Shocks & Struts - Truck","Falcon Shocks",,,,,[4674],"Florida, United States",28.944465,'-82.03363,1,,,,4,,,,,,,,,1,,,,,,,,,,,,4,1,1,2,,,,,0,,,,,,,,,,,,,,,,,,,,,,,,,,,,,,,,,,,,,,,,,,,,,,,,,,,,,,,,,,,,,,,,,,,,,,,,,,,,,
"JL4 3.3 SP2 SHOCK RR RH 2-4.5""",jl4-3-3-sp2-shock-rr-rh-2-4-5,,195661,"JL4 3.3 SP2 SHOCK RR RH 2-4.5""","JL4 3.3 SP2 SHOCK RR RH 2-4.5""",publish,,0,"2025-10-21 01:27:37",52,open,11-02-33-322-200,,,no,no,,493.99,,,,,,,instock,no,no,,no,taxable,,,,,,,'-1,'-1,,,,,https://fuel1direct.com/product/jl4-3-3-sp2-shock-rr-rh-2-4-5/,,"Falcon Shocks",simple,,"Trucks: Lifts Kits, Wheel Packages & Customization > Suspension & Lift Kits - Trucks > Shocks & Struts - Truck","Falcon Shocks",,,,,[4674],"Florida, United States",28.944465,'-82.03363,1,,,,2,,,,,,,,,1,,,,,,,,,,,,3,1,3,3,,,,,0,,,,,,,,,,,,,,,,,,,,,,,,,,,,,,,,,,,,,,,,,,,,,,,,,,,,,,,,,,,,,,,,,,,,,,,,,,,,,
"JL4 3.3 SP2 DSL SHOCK RR RH 2-4.5""",jl4-3-3-sp2-dsl-shock-rr-rh-2-4-5,,195662,"JL4 3.3 SP2 DSL SHOCK RR RH 2-4.5""","JL4 3.3 SP2 DSL SHOCK RR RH 2-4.5""",publish,,0,"2025-10-21 01:27:40",52,open,11-02-33-322-202,,,no,no,,492.99,,,,,,,instock,no,no,,no,taxable,,,,,,,'-1,'-1,,,"https://fuel1direct.com/wp-content/uploads/2025/10/11-02-33-322-202-jpg.jpg-filenameUTF-811-02-33-322-202-jpg.jpg ! alt :  ! title :  ! desc :  ! caption : ",,https://fuel1direct.com/product/jl4-3-3-sp2-dsl-shock-rr-rh-2-4-5/,,"Falcon Shocks",simple,,"Trucks: Lifts Kits, Wheel Packages & Customization > Suspension & Lift Kits - Trucks > Shocks & Struts - Truck","Falcon Shocks",,,,,[4674],"Florida, United States",28.944465,'-82.03363,1,,,,3,,,,,,,,,1,,,,,,,,,,,,3,1,2,2,,,,,0,,,,,,,,,,,,,,,,,,,,,,,,,,,,,,,,,,,,,,,,,,,,,,,,,,,,,,,,,,,,,,,,,,,,,,,,,,,,,
"JL4 FALCON 3.3 SHOCK KIT (0“1.5 LIFT)",jl4-falcon-3-3-shock-kit-01-5-lift,,195663,"JL4 FALCON 3.3 SHOCK KIT (0“1.5 LIFT)","JL4 FALCON 3.3 SHOCK KIT (0“1.5 LIFT)",publish,,0,"2025-10-21 01:27:43",52,open,11-02-33-400-000,,,no,no,,2110.99,,,,,,,instock,no,no,,no,taxable,,,,,,,'-1,'-1,,,"https://fuel1direct.com/wp-content/uploads/2025/10/11-02-33-400-000-jpg.jpg-filenameUTF-811-02-33-400-000-jpg.jpg ! alt :  ! title :  ! desc :  ! caption : ",,https://fuel1direct.com/product/jl4-falcon-3-3-shock-kit-01-5%c2%9d-lift/,,"Falcon Shocks",simple,,"Trucks: Lifts Kits, Wheel Packages & Customization > Suspension & Lift Kits - Trucks > Shocks & Struts - Truck","Falcon Shocks",,,,,[4674],"Florida, United States",28.944465,'-82.03363,1,,,,1,,,,,,,,,1,,,,,,,,,,,,2,1,1,1,,,,,0,,,,,,,,,,,,,,,,,,,,,,,,,,,,,,,,,,,,,,,,,,,,,,,,,,,,,,,,,,,,,,,,,,,,,,,,,,,,,
"JLDEH FALCON 3.3 SHOCK KIT (0“1.5 LIFT)",jldeh-falcon-3-3-shock-kit-01-5-lift,,195664,"JLDEH FALCON 3.3 SHOCK KIT (0“1.5 LIFT)","JLDEH FALCON 3.3 SHOCK KIT (0“1.5 LIFT)",publish,,0,"2025-10-21 01:27:45",52,open,11-02-33-400-002,,,no,no,,2110.99,,,,,,,instock,no,no,,no,taxable,,,,,,,'-1,'-1,,,"https://fuel1direct.com/wp-content/uploads/2025/10/11-02-33-400-002-jpg.jpg-filenameUTF-811-02-33-400-002-jpg.jpg ! alt :  ! title :  ! desc :  ! caption : ",,https://fuel1direct.com/product/jldeh-falcon-3-3-shock-kit-01-5%c2%9d-lift/,,"Falcon Shocks",simple,,"Trucks: Lifts Kits, Wheel Packages & Customization > Suspension & Lift Kits - Trucks > Shocks & Struts - Truck","Falcon Shocks",,,,,[4674],"Florida, United States",28.944465,'-82.03363,1,,,,2,,,,,,,,,1,,,,,,,,,,,,3,2,2,2,,,,,0,,,,,,,,,,,,,,,,,,,,,,,,,,,,,,,,,,,,,,,,,,,,,,,,,,,,,,,,,,,,,,,,,,,,,,,,,,,,,
"JL4 FALCON 3.3 SHOCK KIT (2“4.5 LIFT)",jl4-falcon-3-3-shock-kit-24-5-lift,,195665,"JL4 FALCON 3.3 SHOCK KIT (2“4.5 LIFT)","JL4 FALCON 3.3 SHOCK KIT (2“4.5 LIFT)",publish,,0,"2025-10-21 01:27:53",52,open,11-02-33-400-200,,,no,no,,2110.99,,,,,,,instock,no,no,,no,taxable,,,,,,,'-1,'-1,,,"https://fuel1direct.com/wp-content/uploads/2025/10/11-02-33-400-200-jpg.jpg-filenameUTF-811-02-33-400-200-jpg.jpg ! alt :  ! title :  ! desc :  ! caption : ",,https://fuel1direct.com/product/jl4-falcon-3-3-shock-kit-24-5%c2%9d-lift/,,"Falcon Shocks",simple,,"Trucks: Lifts Kits, Wheel Packages & Customization > Suspension & Lift Kits - Trucks > Shocks & Struts - Truck","Falcon Shocks",,,,,[4674],"Florida, United States",28.944465,'-82.03363,1,,,,3,,,,,,,,,1,,,,,,,,,,,,3,1,1,1,,,,,0,,,,,,,,,,,,,,,,,,,,,,,,,,,,,,,,,,,,,,,,,,,,,,,,,,,,,,,,,,,,,,,,,,,,,,,,,,,,,
"JLDEH FALCON 3.3 SHOCK KIT (2“4.5 LIFT)",jldeh-falcon-3-3-shock-kit-24-5-lift,,195666,"JLDEH FALCON 3.3 SHOCK KIT (2“4.5 LIFT)","JLDEH FALCON 3.3 SHOCK KIT (2“4.5 LIFT)",publish,,0,"2025-10-21 01:28:07",52,open,11-02-33-400-202,,,no,no,,2110.99,,,,,,,instock,no,no,,no,taxable,,,,,,,'-1,'-1,,,"https://fuel1direct.com/wp-content/uploads/2025/10/11-02-33-400-202-jpg.jpg-filenameUTF-811-02-33-400-202-jpg.jpg ! alt :  ! title :  ! desc :  ! caption : ",,https://fuel1direct.com/product/jldeh-falcon-3-3-shock-kit-24-5%c2%9d-lift/,,"Falcon Shocks",simple,,"Trucks: Lifts Kits, Wheel Packages & Customization > Suspension & Lift Kits - Trucks > Shocks & Struts - Truck","Falcon Shocks",,,,,[4674],"Florida, United States",28.944465,'-82.03363,1,,,,3,,,,,,,,,1,,,,,,,,,,,,3,2,1,1,,,,,0,,,,,,,,,,,,,,,,,,,,,,,,,,,,,,,,,,,,,,,,,,,,,,,,,,,,,,,,,,,,,,,,,,,,,,,,,,,,,
"JL 4DR 3.6L/3.0L/2.0L COILOVER 3.3 FR LH",jl-4dr-3-6l-3-0l-2-0l-coilover-3-3-fr-lh,,195667,"JL 4DR 3.6L/3.0L/2.0L COILOVER 3.3 FR LH","JL 4DR 3.6L/3.0L/2.0L COILOVER 3.3 FR LH",publish,,0,"2025-10-21 01:28:10",52,open,11-03-33-311-450,,,no,no,,999.99,,,,,,,instock,no,no,,no,taxable,,,,,,,'-1,'-1,,,,,https://fuel1direct.com/product/jl-4dr-3-6l-3-0l-2-0l-coilover-3-3-fr-lh/,,"Falcon Shocks",simple,,"Trucks: Lifts Kits, Wheel Packages & Customization > Suspension & Lift Kits - Trucks > Shocks & Struts - Truck","Falcon Shocks",,,,,[4674],"Florida, United States",28.944465,'-82.03363,1,,,,4,,,,,,,,,1,,,,,,,,,,,,6,1,1,5,,,,,0,,,,,,,,,,,,,,,,,,,,,,,,,,,,,,,,,,,,,,,,,,,,,,,,,,,,,,,,,,,,,,,,,,,,,,,,,,,,,
"JL 4DR 3.6L/3.0L/2.0L COILOVER 3.3 FR RH",jl-4dr-3-6l-3-0l-2-0l-coilover-3-3-fr-rh,,195668,"JL 4DR 3.6L/3.0L/2.0L COILOVER 3.3 FR RH","JL 4DR 3.6L/3.0L/2.0L COILOVER 3.3 FR RH",publish,,0,"2025-10-21 01:28:13",52,open,11-03-33-312-450,,,no,no,,999.99,,,,,,,instock,no,no,,no,taxable,,,,,,,'-1,'-1,,,,,https://fuel1direct.com/product/jl-4dr-3-6l-3-0l-2-0l-coilover-3-3-fr-rh/,,"Falcon Shocks",simple,,"Trucks: Lifts Kits, Wheel Packages & Customization > Suspension & Lift Kits - Trucks > Shocks & Struts - Truck","Falcon Shocks",,,,,[4674],"Florida, United States",28.944465,'-82.03363,1,,,,4,,,,,,,,,1,,,,,,,,,,,,6,1,2,2,,,,,0,,,,,,,,,,,,,,,,,,,,,,,,,,,,,,,,,,,,,,,,,,,,,,,,,,,,,,,,,,,,,,,,,,,,,,,,,,,,,
"JL 4DR 3.6L/3.0L/2.0L COILOVER 3.3 RR LH",jl-4dr-3-6l-3-0l-2-0l-coilover-3-3-rr-lh,,195669,"JL 4DR 3.6L/3.0L/2.0L COILOVER 3.3 RR LH","JL 4DR 3.6L/3.0L/2.0L COILOVER 3.3 RR LH",publish,,0,"2025-10-21 01:28:15",52,open,11-03-33-321-450,,,no,no,,999.99,,,,,,,instock,no,no,,no,taxable,,,,,,,'-1,'-1,,,,,https://fuel1direct.com/product/jl-4dr-3-6l-3-0l-2-0l-coilover-3-3-rr-lh/,,"Falcon Shocks",simple,,"Trucks: Lifts Kits, Wheel Packages & Customization > Suspension & Lift Kits - Trucks > Shocks & Struts - Truck","Falcon Shocks",,,,,[4674],"Florida, United States",28.944465,'-82.03363,1,,,,1,,,,,,,,,1,,,,,,,,,,,,1,1,1,1,,,,,0,,,,,,,,,,,,,,,,,,,,,,,,,,,,,,,,,,,,,,,,,,,,,,,,,,,,,,,,,,,,,,,,,,,,,,,,,,,,,
"JL 4DR 3.6L/3.0L/2.0L COILOVER 3.3 RR RH",jl-4dr-3-6l-3-0l-2-0l-coilover-3-3-rr-rh,,195670,"JL 4DR 3.6L/3.0L/2.0L COILOVER 3.3 RR RH","JL 4DR 3.6L/3.0L/2.0L COILOVER 3.3 RR RH",publish,,0,"2025-10-21 01:28:19",52,open,11-03-33-322-450,,,no,no,,999.99,,,,,,,instock,no,no,,no,taxable,,,,,,,'-1,'-1,,,,,https://fuel1direct.com/product/jl-4dr-3-6l-3-0l-2-0l-coilover-3-3-rr-rh/,,"Falcon Shocks",simple,,"Trucks: Lifts Kits, Wheel Packages & Customization > Suspension & Lift Kits - Trucks > Shocks & Struts - Truck","Falcon Shocks",,,,,[4674],"Florida, United States",28.944465,'-82.03363,1,,,,4,,,,,,,,,1,,,,,,,,,,,,4,2,2,2,,,,,0,,,,,,,,,,,,,,,,,,,,,,,,,,,,,,,,,,,,,,,,,,,,,,,,,,,,,,,,,,,,,,,,,,,,,,,,,,,,,
"JL4 FALCON 3.5 SHOCK KIT (0“1.5 LIFT)",jl4-falcon-3-5-shock-kit-01-5-lift,,195671,"JL4 FALCON 3.5 SHOCK KIT (0“1.5 LIFT)","JL4 FALCON 3.5 SHOCK KIT (0“1.5 LIFT)",publish,,0,"2025-10-21 01:28:21",52,open,11-03-35-400-000,,,no,no,,2482.99,,,,,,,instock,no,no,,no,taxable,,,,,,,'-1,'-1,,,"https://fuel1direct.com/wp-content/uploads/2025/10/11-03-35-400-000-jpg.jpg-filenameUTF-811-03-35-400-000-jpg.jpg ! alt :  ! title :  ! desc :  ! caption : ",,https://fuel1direct.com/product/jl4-falcon-3-5-shock-kit-01-5%c2%9d-lift/,,"Falcon Shocks",simple,,"Trucks: Lifts Kits, Wheel Packages & Customization > Suspension & Lift Kits - Trucks > Shocks & Struts - Truck","Falcon Shocks",,,,,[4674],"Florida, United States",28.944465,'-82.03363,1,,,,3,,,,,,,,,1,,,,,,,,,,,,3,1,2,2,,,,,0,,,,,,,,,,,,,,,,,,,,,,,,,,,,,,,,,,,,,,,,,,,,,,,,,,,,,,,,,,,,,,,,,,,,,,,,,,,,,
"JLDEH FALCON 3.5 SHOCK KIT (0“1.5 LIFT)",jldeh-falcon-3-5-shock-kit-01-5-lift,,195672,"JLDEH FALCON 3.5 SHOCK KIT (0“1.5 LIFT)","JLDEH FALCON 3.5 SHOCK KIT (0“1.5 LIFT)",publish,,0,"2025-10-21 01:28:24",52,open,11-03-35-400-002,,,no,no,,2482.99,,,,,,,instock,no,no,,no,taxable,,,,,,,'-1,'-1,,,"https://fuel1direct.com/wp-content/uploads/2025/10/11-03-35-400-002-jpg.jpg-filenameUTF-811-03-35-400-002-jpg.jpg ! alt :  ! title :  ! desc :  ! caption : ",,https://fuel1direct.com/product/jldeh-falcon-3-5-shock-kit-01-5%c2%9d-lift/,,"Falcon Shocks",simple,,"Trucks: Lifts Kits, Wheel Packages & Customization > Suspension & Lift Kits - Trucks > Shocks & Struts - Truck","Falcon Shocks",,,,,[4674],"Florida, United States",28.944465,'-82.03363,1,,,,1,,,,,,,,,1,,,,,,,,,,,,1,1,1,1,,,,,0,,,,,,,,,,,,,,,,,,,,,,,,,,,,,,,,,,,,,,,,,,,,,,,,,,,,,,,,,,,,,,,,,,,,,,,,,,,,,
"JL4 FALCON 3.5 SHOCK KIT (2“4.5 LIFT)",jl4-falcon-3-5-shock-kit-24-5-lift,,195673,"JL4 FALCON 3.5 SHOCK KIT (2“4.5 LIFT)","JL4 FALCON 3.5 SHOCK KIT (2“4.5 LIFT)",publish,,0,"2025-10-21 01:28:27",52,open,11-03-35-400-200,,,no,no,,2482.99,,,,,,,instock,no,no,,no,taxable,,,,,,,'-1,'-1,,,"https://fuel1direct.com/wp-content/uploads/2025/10/11-03-35-400-200-jpg.jpg-filenameUTF-811-03-35-400-200-jpg.jpg ! alt :  ! title :  ! desc :  ! caption : ",,https://fuel1direct.com/product/jl4-falcon-3-5-shock-kit-24-5%c2%9d-lift/,,"Falcon Shocks",simple,,"Trucks: Lifts Kits, Wheel Packages & Customization > Suspension & Lift Kits - Trucks > Shocks & Struts - Truck","Falcon Shocks",,,,,[4674],"Florida, United States",28.944465,'-82.03363,1,,,,3,,,,,,,,,1,,,,,,,,,,,,4,1,1,1,,,,,0,,,,,,,,,,,,,,,,,,,,,,,,,,,,,,,,,,,,,,,,,,,,,,,,,,,,,,,,,,,,,,,,,,,,,,,,,,,,,
"JLDEH FALCON 3.5 SHOCK KIT (2“4.5 LIFT)",jldeh-falcon-3-5-shock-kit-24-5-lift,,195674,"JLDEH FALCON 3.5 SHOCK KIT (2“4.5 LIFT)","JLDEH FALCON 3.5 SHOCK KIT (2“4.5 LIFT)",publish,,0,"2025-10-21 01:28:29",52,open,11-03-35-400-202,,,no,no,,2482.99,,,,,,,instock,no,no,,no,taxable,,,,,,,'-1,'-1,,,"https://fuel1direct.com/wp-content/uploads/2025/10/11-03-35-400-202-jpg.jpg-filenameUTF-811-03-35-400-202-jpg.jpg ! alt :  ! title :  ! desc :  ! caption : ",,https://fuel1direct.com/product/jldeh-falcon-3-5-shock-kit-24-5%c2%9d-lift/,,"Falcon Shocks",simple,,"Trucks: Lifts Kits, Wheel Packages & Customization > Suspension & Lift Kits - Trucks > Shocks & Struts - Truck","Falcon Shocks",,,,,[4674],"Florida, United States",28.944465,'-82.03363,1,,,,3,,,,,,,,,1,,,,,,,,,,,,4,1,1,1,,,,,0,,,,,,,,,,,,,,,,,,,,,,,,,,,,,,,,,,,,,,,,,,,,,,,,,,,,,,,,,,,,,,,,,,,,,,,,,,,,,
"JL4 3.5 SP2 SHOCK FR LH 0-1.5""",jl4-3-5-sp2-shock-fr-lh-0-1-5,,195675,"JL4 3.5 SP2 SHOCK FR LH 0-1.5""","JL4 3.5 SP2 SHOCK FR LH 0-1.5""",publish,,0,"2025-10-21 01:28:38",52,open,11-05-35-311-000,,,no,no,,517.99,,,,,,,instock,no,no,,no,taxable,,,,,,,'-1,'-1,,,,,https://fuel1direct.com/product/jl4-3-5-sp2-shock-fr-lh-0-1-5/,,"Falcon Shocks",simple,,"Trucks: Lifts Kits, Wheel Packages & Customization > Suspension & Lift Kits - Trucks > Shocks & Struts - Truck","Falcon Shocks",,,,,[4674],"Florida, United States",28.944465,'-82.03363,1,,,,3,,,,,,,,,1,,,,,,,,,,,,3,1,2,2,,,,,0,,,,,,,,,,,,,,,,,,,,,,,,,,,,,,,,,,,,,,,,,,,,,,,,,,,,,,,,,,,,,,,,,,,,,,,,,,,,,
"JL4 3.5 SP2 DSL SHOCK FR LH 0-1.5""",jl4-3-5-sp2-dsl-shock-fr-lh-0-1-5,,195676,"JL4 3.5 SP2 DSL SHOCK FR LH 0-1.5""","JL4 3.5 SP2 DSL SHOCK FR LH 0-1.5""",publish,,0,"2025-10-21 01:28:51",52,open,11-05-35-311-002,,,no,no,,517.99,,,,,,,instock,no,no,,no,taxable,,,,,,,'-1,'-1,,,"https://fuel1direct.com/wp-content/uploads/2025/10/11-05-35-311-002-jpg.jpg-filenameUTF-811-05-35-311-002-jpg.jpg ! alt :  ! title :  ! desc :  ! caption : ",,https://fuel1direct.com/product/jl4-3-5-sp2-dsl-shock-fr-lh-0-1-5/,,"Falcon Shocks",simple,,"Trucks: Lifts Kits, Wheel Packages & Customization > Suspension & Lift Kits - Trucks > Shocks & Struts - Truck","Falcon Shocks",,,,,[4674],"Florida, United States",28.944465,'-82.03363,1,,,,,,,,,,,,,1,,,,,,,,,,,,1,1,1,1,,,,,0,,,,,,,,,,,,,,,,,,,,,,,,,,,,,,,,,,,,,,,,,,,,,,,,,,,,,,,,,,,,,,,,,,,,,,,,,,,,,
"JL4 3.5 SP2 SHOCK FR LH 2-4.5""",jl4-3-5-sp2-shock-fr-lh-2-4-5,,195677,"JL4 3.5 SP2 SHOCK FR LH 2-4.5""","JL4 3.5 SP2 SHOCK FR LH 2-4.5""",publish,,0,"2025-10-21 01:28:53",52,open,11-05-35-311-200,,,no,no,,517.99,,,,,,,instock,no,no,,no,taxable,,,,,,,'-1,'-1,,,,,https://fuel1direct.com/product/jl4-3-5-sp2-shock-fr-lh-2-4-5/,,"Falcon Shocks",simple,,"Trucks: Lifts Kits, Wheel Packages & Customization > Suspension & Lift Kits - Trucks > Shocks & Struts - Truck","Falcon Shocks",,,,,[4674],"Florida, United States",28.944465,'-82.03363,1,,,,2,,,,,,,,,1,,,,,,,,,,,,5,1,1,3,,,,,0,,,,,,,,,,,,,,,,,,,,,,,,,,,,,,,,,,,,,,,,,,,,,,,,,,,,,,,,,,,,,,,,,,,,,,,,,,,,,
"JL4 3.5 SP2 DSL SHOCK FR LH 2-4.5""",jl4-3-5-sp2-dsl-shock-fr-lh-2-4-5,,195678,"JL4 3.5 SP2 DSL SHOCK FR LH 2-4.5""","JL4 3.5 SP2 DSL SHOCK FR LH 2-4.5""",publish,,0,"2025-10-21 01:28:55",52,open,11-05-35-311-202,,,no,no,,517.99,,,,,,,instock,no,no,,no,taxable,,,,,,,'-1,'-1,,,"https://fuel1direct.com/wp-content/uploads/2025/10/11-05-35-311-202-jpg.jpg-filenameUTF-811-05-35-311-202-jpg.jpg ! alt :  ! title :  ! desc :  ! caption : ",,https://fuel1direct.com/product/jl4-3-5-sp2-dsl-shock-fr-lh-2-4-5/,,"Falcon Shocks",simple,,"Trucks: Lifts Kits, Wheel Packages & Customization > Suspension & Lift Kits - Trucks > Shocks & Struts - Truck","Falcon Shocks",,,,,[4674],"Florida, United States",28.944465,'-82.03363,1,,,,3,,,,,,,,,1,,,,,,,,,,,,4,1,2,4,,,,,0,,,,,,,,,,,,,,,,,,,,,,,,,,,,,,,,,,,,,,,,,,,,,,,,,,,,,,,,,,,,,,,,,,,,,,,,,,,,,
"JL4 3.5 SP2 SHOCK FR RH 0-1.5""",jl4-3-5-sp2-shock-fr-rh-0-1-5,,195679,"JL4 3.5 SP2 SHOCK FR RH 0-1.5""","JL4 3.5 SP2 SHOCK FR RH 0-1.5""",publish,,0,"2025-10-21 01:28:57",52,open,11-05-35-312-000,,,no,no,,517.99,,,,,,,instock,no,no,,no,taxable,,,,,,,'-1,'-1,,,,,https://fuel1direct.com/product/jl4-3-5-sp2-shock-fr-rh-0-1-5/,,"Falcon Shocks",simple,,"Trucks: Lifts Kits, Wheel Packages & Customization > Suspension & Lift Kits - Trucks > Shocks & Struts - Truck","Falcon Shocks",,,,,[4674],"Florida, United States",28.944465,'-82.03363,1,,,,2,,,,,,,,,1,,,,,,,,,,,,1,1,1,1,,,,,0,,,,,,,,,,,,,,,,,,,,,,,,,,,,,,,,,,,,,,,,,,,,,,,,,,,,,,,,,,,,,,,,,,,,,,,,,,,,,
"JL4 3.5 SP2 DSL SHOCK FR RH 0-1.5""",jl4-3-5-sp2-dsl-shock-fr-rh-0-1-5,,195680,"JL4 3.5 SP2 DSL SHOCK FR RH 0-1.5""","JL4 3.5 SP2 DSL SHOCK FR RH 0-1.5""",publish,,0,"2025-10-21 01:29:00",52,open,11-05-35-312-002,,,no,no,,517.99,,,,,,,instock,no,no,,no,taxable,,,,,,,'-1,'-1,,,"https://fuel1direct.com/wp-content/uploads/2025/10/11-05-35-312-002-jpg.jpg-filenameUTF-811-05-35-312-002-jpg.jpg ! alt :  ! title :  ! desc :  ! caption : ",,https://fuel1direct.com/product/jl4-3-5-sp2-dsl-shock-fr-rh-0-1-5/,,"Falcon Shocks",simple,,"Trucks: Lifts Kits, Wheel Packages & Customization > Suspension & Lift Kits - Trucks > Shocks & Struts - Truck","Falcon Shocks",,,,,[4674],"Florida, United States",28.944465,'-82.03363,1,,,,1,,,,,,,,,1,,,,,,,,,,,,1,1,1,1,,,,,0,,,,,,,,,,,,,,,,,,,,,,,,,,,,,,,,,,,,,,,,,,,,,,,,,,,,,,,,,,,,,,,,,,,,,,,,,,,,,
"JL4 3.5 SP2 SHOCK FR RH 2-4.5""",jl4-3-5-sp2-shock-fr-rh-2-4-5,,195681,"JL4 3.5 SP2 SHOCK FR RH 2-4.5""","JL4 3.5 SP2 SHOCK FR RH 2-4.5""",publish,,0,"2025-10-21 01:29:02",52,open,11-05-35-312-200,,,no,no,,517.99,,,,,,,instock,no,no,,no,taxable,,,,,,,'-1,'-1,,,,,https://fuel1direct.com/product/jl4-3-5-sp2-shock-fr-rh-2-4-5/,,"Falcon Shocks",simple,,"Trucks: Lifts Kits, Wheel Packages & Customization > Suspension & Lift Kits - Trucks > Shocks & Struts - Truck","Falcon Shocks",,,,,[4674],"Florida, United States",28.944465,'-82.03363,1,,,,3,,,,,,,,,1,,,,,,,,,,,,3,1,2,3,,,,,0,,,,,,,,,,,,,,,,,,,,,,,,,,,,,,,,,,,,,,,,,,,,,,,,,,,,,,,,,,,,,,,,,,,,,,,,,,,,,
"JL4 3.5 SP2 DSL SHOCK FR RH 2-4.5""",jl4-3-5-sp2-dsl-shock-fr-rh-2-4-5,,195682,"JL4 3.5 SP2 DSL SHOCK FR RH 2-4.5""","JL4 3.5 SP2 DSL SHOCK FR RH 2-4.5""",publish,,0,"2025-10-21 01:29:04",52,open,11-05-35-312-202,,,no,no,,517.99,,,,,,,instock,no,no,,no,taxable,,,,,,,'-1,'-1,,,"https://fuel1direct.com/wp-content/uploads/2025/10/11-05-35-312-202-jpg.jpg-filenameUTF-811-05-35-312-202-jpg.jpg ! alt :  ! title :  ! desc :  ! caption : ",,https://fuel1direct.com/product/jl4-3-5-sp2-dsl-shock-fr-rh-2-4-5/,,"Falcon Shocks",simple,,"Trucks: Lifts Kits, Wheel Packages & Customization > Suspension & Lift Kits - Trucks > Shocks & Struts - Truck","Falcon Shocks",,,,,[4674],"Florida, United States",28.944465,'-82.03363,1,,,,2,,,,,,,,,1,,,,,,,,,,,,2,1,1,2,,,,,0,,,,,,,,,,,,,,,,,,,,,,,,,,,,,,,,,,,,,,,,,,,,,,,,,,,,,,,,,,,,,,,,,,,,,,,,,,,,,
"JL4 3.5 SP2 SHOCK RR LH 0-1.5""",jl4-3-5-sp2-shock-rr-lh-0-1-5,,195683,"JL4 3.5 SP2 SHOCK RR LH 0-1.5""","JL4 3.5 SP2 SHOCK RR LH 0-1.5""",publish,,0,"2025-10-21 01:29:06",52,open,11-05-35-321-000,,,no,no,,517.99,,,,,,,instock,no,no,,no,taxable,,,,,,,'-1,'-1,,,,,https://fuel1direct.com/product/jl4-3-5-sp2-shock-rr-lh-0-1-5/,,"Falcon Shocks",simple,,"Trucks: Lifts Kits, Wheel Packages & Customization > Suspension & Lift Kits - Trucks > Shocks & Struts - Truck","Falcon Shocks",,,,,[4674],"Florida, United States",28.944465,'-82.03363,1,,,,2,,,,,,,,,1,,,,,,,,,,,,3,1,1,3,,,,,0,,,,,,,,,,,,,,,,,,,,,,,,,,,,,,,,,,,,,,,,,,,,,,,,,,,,,,,,,,,,,,,,,,,,,,,,,,,,,
"JL4 3.5 SP2 DSL SHOCK RR LH 0-1.5""",jl4-3-5-sp2-dsl-shock-rr-lh-0-1-5,,195684,"JL4 3.5 SP2 DSL SHOCK RR LH 0-1.5""","JL4 3.5 SP2 DSL SHOCK RR LH 0-1.5""",publish,,0,"2025-10-21 01:29:09",52,open,11-05-35-321-002,,,no,no,,517.99,,,,,,,instock,no,no,,no,taxable,,,,,,,'-1,'-1,,,"https://fuel1direct.com/wp-content/uploads/2025/10/11-05-35-321-002-jpg.jpg-filenameUTF-811-05-35-321-002-jpg.jpg ! alt :  ! title :  ! desc :  ! caption : ",,https://fuel1direct.com/product/jl4-3-5-sp2-dsl-shock-rr-lh-0-1-5/,,"Falcon Shocks",simple,,"Trucks: Lifts Kits, Wheel Packages & Customization > Suspension & Lift Kits - Trucks > Shocks & Struts - Truck","Falcon Shocks",,,,,[4674],"Florida, United States",28.944465,'-82.03363,1,,,,3,,,,,,,,,1,,,,,,,,,,,,3,1,1,3,,,,,0,,,,,,,,,,,,,,,,,,,,,,,,,,,,,,,,,,,,,,,,,,,,,,,,,,,,,,,,,,,,,,,,,,,,,,,,,,,,,
"JL4 3.5 SP2 SHOCK RR LH 2-4.5""",jl4-3-5-sp2-shock-rr-lh-2-4-5,,195685,"JL4 3.5 SP2 SHOCK RR LH 2-4.5""","JL4 3.5 SP2 SHOCK RR LH 2-4.5""",publish,,0,"2025-10-21 01:29:18",52,open,11-05-35-321-200,,,no,no,,517.99,,,,,,,instock,no,no,,no,taxable,,,,,,,'-1,'-1,,,,,https://fuel1direct.com/product/jl4-3-5-sp2-shock-rr-lh-2-4-5/,,"Falcon Shocks",simple,,"Trucks: Lifts Kits, Wheel Packages & Customization > Suspension & Lift Kits - Trucks > Shocks & Struts - Truck","Falcon Shocks",,,,,[4674],"Florida, United States",28.944465,'-82.03363,1,,,,1,,,,,,,,,1,,,,,,,,,,,,1,1,1,1,,,,,0,,,,,,,,,,,,,,,,,,,,,,,,,,,,,,,,,,,,,,,,,,,,,,,,,,,,,,,,,,,,,,,,,,,,,,,,,,,,,
"JL4 3.5 SP2 DSL SHOCK RR LH 2-4.5""",jl4-3-5-sp2-dsl-shock-rr-lh-2-4-5,,195686,"JL4 3.5 SP2 DSL SHOCK RR LH 2-4.5""","JL4 3.5 SP2 DSL SHOCK RR LH 2-4.5""",publish,,0,"2025-10-21 01:29:31",52,open,11-05-35-321-202,,,no,no,,517.99,,,,,,,instock,no,no,,no,taxable,,,,,,,'-1,'-1,,,"https://fuel1direct.com/wp-content/uploads/2025/10/11-05-35-321-202-jpg.jpg-filenameUTF-811-05-35-321-202-jpg.jpg ! alt :  ! title :  ! desc :  ! caption : ",,https://fuel1direct.com/product/jl4-3-5-sp2-dsl-shock-rr-lh-2-4-5/,,"Falcon Shocks",simple,,"Trucks: Lifts Kits, Wheel Packages & Customization > Suspension & Lift Kits - Trucks > Shocks & Struts - Truck","Falcon Shocks",,,,,[4674],"Florida, United States",28.944465,'-82.03363,1,,,,4,,,,,,,,,1,,,,,,,,,,,,6,1,2,3,,,,,0,,,,,,,,,,,,,,,,,,,,,,,,,,,,,,,,,,,,,,,,,,,,,,,,,,,,,,,,,,,,,,,,,,,,,,,,,,,,,
"JL4 3.5 SP2 SHOCK RR RH 0-1.5""",jl4-3-5-sp2-shock-rr-rh-0-1-5,,195687,"JL4 3.5 SP2 SHOCK RR RH 0-1.5""","JL4 3.5 SP2 SHOCK RR RH 0-1.5""",publish,,0,"2025-10-21 01:29:33",52,open,11-05-35-322-000,,,no,no,,517.99,,,,,,,instock,no,no,,no,taxable,,,,,,,'-1,'-1,,,,,https://fuel1direct.com/product/jl4-3-5-sp2-shock-rr-rh-0-1-5/,,"Falcon Shocks",simple,,"Trucks: Lifts Kits, Wheel Packages & Customization > Suspension & Lift Kits - Trucks > Shocks & Struts - Truck","Falcon Shocks",,,,,[4674],"Florida, United States",28.944465,'-82.03363,1,,,,2,,,,,,,,,1,,,,,,,,,,,,3,1,3,3,,,,,0,,,,,,,,,,,,,,,,,,,,,,,,,,,,,,,,,,,,,,,,,,,,,,,,,,,,,,,,,,,,,,,,,,,,,,,,,,,,,
"JL4 3.5 SP2 DSL SHOCK RR RH 0-1.5""",jl4-3-5-sp2-dsl-shock-rr-rh-0-1-5,,195688,"JL4 3.5 SP2 DSL SHOCK RR RH 0-1.5""","JL4 3.5 SP2 DSL SHOCK RR RH 0-1.5""",publish,,0,"2025-10-21 01:29:35",52,open,11-05-35-322-002,,,no,no,,517.99,,,,,,,instock,no,no,,no,taxable,,,,,,,'-1,'-1,,,"https://fuel1direct.com/wp-content/uploads/2025/10/11-05-35-322-002-jpg.jpg-filenameUTF-811-05-35-322-002-jpg.jpg ! alt :  ! title :  ! desc :  ! caption : ",,https://fuel1direct.com/product/jl4-3-5-sp2-dsl-shock-rr-rh-0-1-5/,,"Falcon Shocks",simple,,"Trucks: Lifts Kits, Wheel Packages & Customization > Suspension & Lift Kits - Trucks > Shocks & Struts - Truck","Falcon Shocks",,,,,[4674],"Florida, United States",28.944465,'-82.03363,1,,,,4,,,,,,,,,1,,,,,,,,,,,,4,1,1,4,,,,,0,,,,,,,,,,,,,,,,,,,,,,,,,,,,,,,,,,,,,,,,,,,,,,,,,,,,,,,,,,,,,,,,,,,,,,,,,,,,,
"JL4 3.5 SP2 SHOCK RR RH 2-4.5""",jl4-3-5-sp2-shock-rr-rh-2-4-5,,195689,"JL4 3.5 SP2 SHOCK RR RH 2-4.5""","JL4 3.5 SP2 SHOCK RR RH 2-4.5""",publish,,0,"2025-10-21 01:29:37",52,open,11-05-35-322-200,,,no,no,,517.99,,,,,,,instock,no,no,,no,taxable,,,,,,,'-1,'-1,,,,,https://fuel1direct.com/product/jl4-3-5-sp2-shock-rr-rh-2-4-5/,,"Falcon Shocks",simple,,"Trucks: Lifts Kits, Wheel Packages & Customization > Suspension & Lift Kits - Trucks > Shocks & Struts - Truck","Falcon Shocks",,,,,[4674],"Florida, United States",28.944465,'-82.03363,1,,,,2,,,,,,,,,1,,,,,,,,,,,,2,1,1,1,,,,,0,,,,,,,,,,,,,,,,,,,,,,,,,,,,,,,,,,,,,,,,,,,,,,,,,,,,,,,,,,,,,,,,,,,,,,,,,,,,,
"JL4 3.5 SP2 DSL SHOCK RR RH 2-4.5""",jl4-3-5-sp2-dsl-shock-rr-rh-2-4-5,,195690,"JL4 3.5 SP2 DSL SHOCK RR RH 2-4.5""","JL4 3.5 SP2 DSL SHOCK RR RH 2-4.5""",publish,,0,"2025-10-21 01:29:39",52,open,11-05-35-322-202,,,no,no,,517.99,,,,,,,instock,no,no,,no,taxable,,,,,,,'-1,'-1,,,"https://fuel1direct.com/wp-content/uploads/2025/10/11-05-35-322-202-jpg.jpg-filenameUTF-811-05-35-322-202-jpg.jpg ! alt :  ! title :  ! desc :  ! caption : ",,https://fuel1direct.com/product/jl4-3-5-sp2-dsl-shock-rr-rh-2-4-5/,,"Falcon Shocks",simple,,"Trucks: Lifts Kits, Wheel Packages & Customization > Suspension & Lift Kits - Trucks > Shocks & Struts - Truck","Falcon Shocks",,,,,[4674],"Florida, United States",28.944465,'-82.03363,1,,,,1,,,,,,,,,1,,,,,,,,,,,,1,1,1,1,,,,,0,,,,,,,,,,,,,,,,,,,,,,,,,,,,,,,,,,,,,,,,,,,,,,,,,,,,,,,,,,,,,,,,,,,,,,,,,,,,,
"JL4 FALCON 3.5 SHOCK KIT 0“1.5",jl4-falcon-3-5-shock-kit-01-5,,195691,"JL4 FALCON 3.5 SHOCK KIT 0“1.5","JL4 FALCON 3.5 SHOCK KIT 0“1.5",publish,,0,"2025-10-21 01:29:41",52,open,11-05-35-400-000,,,no,no,,2069.99,,,,,,,instock,no,no,,no,taxable,,,,,,,'-1,'-1,,,"https://fuel1direct.com/wp-content/uploads/2025/10/11-05-35-400-000-jpg.jpg-filenameUTF-811-05-35-400-000-jpg.jpg ! alt :  ! title :  ! desc :  ! caption : ",,https://fuel1direct.com/product/jl4-falcon-3-5-shock-kit-01-5%c2%9d/,,"Falcon Shocks",simple,,"Trucks: Lifts Kits, Wheel Packages & Customization > Suspension & Lift Kits - Trucks > Shocks & Struts - Truck","Falcon Shocks",,,,,[4674],"Florida, United States",28.944465,'-82.03363,1,,,,3,,,,,,,,,1,,,,,,,,,,,,4,1,3,3,,,,,0,,,,,,,,,,,,,,,,,,,,,,,,,,,,,,,,,,,,,,,,,,,,,,,,,,,,,,,,,,,,,,,,,,,,,,,,,,,,,
"JL4 FALCON 3.5 SHOCK KIT SHRT RES 0“1.5",jl4-falcon-3-5-shock-kit-shrt-res-01-5,,195692,"JL4 FALCON 3.5 SHOCK KIT SHRT RES 0“1.5","JL4 FALCON 3.5 SHOCK KIT SHRT RES 0“1.5",publish,,0,"2025-10-21 01:29:44",52,open,11-05-35-400-002,,,no,no,,2069.99,,,,,,,instock,no,no,,no,taxable,,,,,,,'-1,'-1,,,"https://fuel1direct.com/wp-content/uploads/2025/10/11-05-35-400-002-jpg.jpg-filenameUTF-811-05-35-400-002-jpg.jpg ! alt :  ! title :  ! desc :  ! caption : ",,https://fuel1direct.com/product/jl4-falcon-3-5-shock-kit-shrt-res-01-5%c2%9d/,,"Falcon Shocks",simple,,"Trucks: Lifts Kits, Wheel Packages & Customization > Suspension & Lift Kits - Trucks > Shocks & Struts - Truck","Falcon Shocks",,,,,[4674],"Florida, United States",28.944465,'-82.03363,1,,,,2,,,,,,,,,1,,,,,,,,,,,,2,1,1,1,,,,,0,,,,,,,,,,,,,,,,,,,,,,,,,,,,,,,,,,,,,,,,,,,,,,,,,,,,,,,,,,,,,,,,,,,,,,,,,,,,,
"JL4 FALCON 3.5 SHOCK KIT 2“4.5",jl4-falcon-3-5-shock-kit-24-5,,195693,"JL4 FALCON 3.5 SHOCK KIT 2“4.5","JL4 FALCON 3.5 SHOCK KIT 2“4.5",publish,,0,"2025-10-21 01:29:46",52,open,11-05-35-400-200,,,no,no,,2069.99,,,,,,,instock,no,no,,no,taxable,,,,,,,'-1,'-1,,,"https://fuel1direct.com/wp-content/uploads/2025/10/11-05-35-400-200-png.jpg-filenameUTF-811-05-35-400-200-png.jpg ! alt :  ! title :  ! desc :  ! caption : ",,https://fuel1direct.com/product/jl4-falcon-3-5-shock-kit-24-5%c2%9d/,,"Falcon Shocks",simple,,"Trucks: Lifts Kits, Wheel Packages & Customization > Suspension & Lift Kits - Trucks > Shocks & Struts - Truck","Falcon Shocks",,,,,[4674],"Florida, United States",28.944465,'-82.03363,1,,,,4,,,,,,,,,1,,,,,,,,,,,,4,1,1,3,,,,,0,,,,,,,,,,,,,,,,,,,,,,,,,,,,,,,,,,,,,,,,,,,,,,,,,,,,,,,,,,,,,,,,,,,,,,,,,,,,,
"JL4 FALCON 3.5 SHOCK KIT SHRT RES 2“4.5",jl4-falcon-3-5-shock-kit-shrt-res-24-5,,195694,"JL4 FALCON 3.5 SHOCK KIT SHRT RES 2“4.5","JL4 FALCON 3.5 SHOCK KIT SHRT RES 2“4.5",publish,,0,"2025-10-21 01:29:47",52,open,11-05-35-400-202,,,no,no,,2069.99,,,,,,,instock,no,no,,no,taxable,,,,,,,'-1,'-1,,,"https://fuel1direct.com/wp-content/uploads/2025/10/11-05-35-400-202-jpg.jpg-filenameUTF-811-05-35-400-202-jpg.jpg ! alt :  ! title :  ! desc :  ! caption : ",,https://fuel1direct.com/product/jl4-falcon-3-5-shock-kit-shrt-res-24-5%c2%9d/,,"Falcon Shocks",simple,,"Trucks: Lifts Kits, Wheel Packages & Customization > Suspension & Lift Kits - Trucks > Shocks & Struts - Truck","Falcon Shocks",,,,,[4674],"Florida, United States",28.944465,'-82.03363,1,,,,4,,,,,,,,,1,,,,,,,,,,,,5,1,1,2,,,,,0,,,,,,,,,,,,,,,,,,,,,,,,,,,,,,,,,,,,,,,,,,,,,,,,,,,,,,,,,,,,,,,,,,,,,,,,,,,,,
"2010+ 4RUNNER 2 SPORT LIFT SYSTEM",2010-4runner-2-sport-lift-system,,195701,"2010+ 4RUNNER 2 SPORT LIFT SYSTEM","2010+ 4RUNNER 2 SPORT LIFT SYSTEM",publish,,0,"2025-10-21 01:30:27",52,open,12-04-21-400-002,,,no,no,,1737.99,,,,,,,instock,no,no,,no,taxable,,,,,,,'-1,'-1,,,"https://fuel1direct.com/wp-content/uploads/2025/10/12-04-21-400-002-jpg.jpg-filenameUTF-812-04-21-400-002-jpg.jpg ! alt :  ! title :  ! desc :  ! caption : ",,https://fuel1direct.com/product/2010-4runner-2%c2%9d-sport-lift-system/,,"Falcon Shocks",simple,,"Trucks: Lifts Kits, Wheel Packages & Customization > Suspension & Lift Kits - Trucks > Shocks & Struts - Truck","Falcon Shocks",,,,,[4674],"Florida, United States",28.944465,'-82.03363,1,,,,1,,,,,,,,,1,,,,,,,,,,,,2,1,1,2,,,,,0,,,,,,,,,,,,,,,,,,,,,,,,,,,,,,,,,,,,,,,,,,,,,,,,,,,,,,,,,,,,,,,,,,,,,,,,,,,,,
"2010+ 4RUNNER 2 SPORT T/H LIFT SYSTEM",2010-4runner-2-sport-t-h-lift-system,,195702,"2010+ 4RUNNER 2 SPORT T/H LIFT SYSTEM","2010+ 4RUNNER 2 SPORT T/H LIFT SYSTEM",publish,,0,"2025-10-21 01:30:30",52,open,12-04-32-400-002,,,no,no,,1887.99,,,,,,,instock,no,no,,no,taxable,,,,,,,'-1,'-1,,,"https://fuel1direct.com/wp-content/uploads/2025/10/12-04-32-400-002-jpg.jpg-filenameUTF-812-04-32-400-002-jpg.jpg ! alt :  ! title :  ! desc :  ! caption : ",,https://fuel1direct.com/product/2010-4runner-2%c2%9d-sport-t-h-lift-system/,,"Falcon Shocks",simple,,"Trucks: Lifts Kits, Wheel Packages & Customization > Suspension & Lift Kits - Trucks > Shocks & Struts - Truck","Falcon Shocks",,,,,[4674],"Florida, United States",28.944465,'-82.03363,1,,,,5,,,,,,,,,1,,,,,,,,,,,,6,1,3,4,,,,,0,,,,,,,,,,,,,,,,,,,,,,,,,,,,,,,,,,,,,,,,,,,,,,,,,,,,,,,,,,,,,,,,,,,,,,,,,,,,,
"2007+ TUNDRA 2.25 SPORT LEVEL SYSTEM",2007-tundra-2-25-sport-level-system,,195703,"2007+ TUNDRA 2.25 SPORT LEVEL SYSTEM","2007+ TUNDRA 2.25 SPORT LEVEL SYSTEM",publish,,0,"2025-10-21 01:30:33",52,open,13-04-21-400-002,,,no,no,,1737.99,,,,,,,instock,no,no,,no,taxable,,,,,,,'-1,'-1,,,"https://fuel1direct.com/wp-content/uploads/2025/10/13-04-21-400-002-jpg.jpg-filenameUTF-813-04-21-400-002-jpg.jpg ! alt :  ! title :  ! desc :  ! caption : ",,https://fuel1direct.com/product/2007-tundra-2-25%c2%9d-sport-level-system/,,"Falcon Shocks",simple,,"Trucks: Lifts Kits, Wheel Packages & Customization > Suspension & Lift Kits - Trucks > Shocks & Struts - Truck","Falcon Shocks",,,,,[4674],"Florida, United States",28.944465,'-82.03363,1,,,,2,,,,,,,,,1,,,,,,,,,,,,2,2,1,2,,,,,0,,,,,,,,,,,,,,,,,,,,,,,,,,,,,,,,,,,,,,,,,,,,,,,,,,,,,,,,,,,,,,,,,,,,,,,,,,,,,
"2007+ TUNDRA 2.25 T/H LEVEL SYSTEM",2007-tundra-2-25-t-h-level-system,,195704,"2007+ TUNDRA 2.25 T/H LEVEL SYSTEM","2007+ TUNDRA 2.25 T/H LEVEL SYSTEM",publish,,0,"2025-10-21 01:30:35",52,open,13-04-32-400-002,,,no,no,,1861.99,,,,,,,instock,no,no,,no,taxable,,,,,,,'-1,'-1,,,"https://fuel1direct.com/wp-content/uploads/2025/10/13-04-32-400-002-jpg.jpg-filenameUTF-813-04-32-400-002-jpg.jpg ! alt :  ! title :  ! desc :  ! caption : ",,https://fuel1direct.com/product/2007-tundra-2-25%c2%9d-t-h-level-system/,,"Falcon Shocks",simple,,"Trucks: Lifts Kits, Wheel Packages & Customization > Suspension & Lift Kits - Trucks > Shocks & Struts - Truck","Falcon Shocks",,,,,[4674],"Florida, United States",28.944465,'-82.03363,1,,,,4,,,,,,,,,1,,,,,,,,,,,,6,1,3,5,,,,,0,,,,,,,,,,,,,,,,,,,,,,,,,,,,,,,,,,,,,,,,,,,,,,,,,,,,,,,,,,,,,,,,,,,,,,,,,,,,,
"JT 1.1 SHK FR 2-3.5""",jt-1-1-shk-fr-2-3-5,,195705,"JT 1.1 SHK FR 2-3.5""","JT 1.1 SHK FR 2-3.5""",publish,,0,"2025-10-21 01:30:44",52,open,14-01-18-310-200,,,no,no,,115,,,,,,,instock,no,no,,no,taxable,,,,,,,'-1,'-1,,,"https://fuel1direct.com/wp-content/uploads/2025/10/14-01-18-310-200-jpg.jpg-filenameUTF-814-01-18-310-200-jpg.jpg ! alt :  ! title :  ! desc :  ! caption : ",,https://fuel1direct.com/product/jt-1-1-shk-fr-2-3-5/,,"Falcon Shocks",simple,,"Trucks: Lifts Kits, Wheel Packages & Customization > Suspension & Lift Kits - Trucks > Shocks & Struts - Truck","Falcon Shocks",,,,,[4674],"Florida, United States",28.944465,'-82.03363,1,,,,3,,,,,,,,,1,,,,,,,,,,,,4,1,1,2,,,,,0,,,,,,,,,,,,,,,,,,,,,,,,,,,,,,,,,,,,,,,,,,,,,,,,,,,,,,,,,,,,,,,,,,,,,,,,,,,,,
"JT 1.1 SHK RR 2-3.5""",jt-1-1-shk-rr-2-3-5,,195706,"JT 1.1 SHK RR 2-3.5""","JT 1.1 SHK RR 2-3.5""",publish,,0,"2025-10-21 01:30:58",52,open,14-01-18-320-200,,,no,no,,115,,,,,,,instock,no,no,,no,taxable,,,,,,,'-1,'-1,,,"https://fuel1direct.com/wp-content/uploads/2025/10/14-01-18-320-200-jpg.jpg-filenameUTF-814-01-18-320-200-jpg.jpg ! alt :  ! title :  ! desc :  ! caption : ",,https://fuel1direct.com/product/jt-1-1-shk-rr-2-3-5/,,"Falcon Shocks",simple,,"Trucks: Lifts Kits, Wheel Packages & Customization > Suspension & Lift Kits - Trucks > Shocks & Struts - Truck","Falcon Shocks",,,,,[4674],"Florida, United States",28.944465,'-82.03363,1,,,,3,,,,,,,,,1,,,,,,,,,,,,2,1,1,1,,,,,0,,,,,,,,,,,,,,,,,,,,,,,,,,,,,,,,,,,,,,,,,,,,,,,,,,,,,,,,,,,,,,,,,,,,,,,,,,,,,
"JT FALCON 1.1 SHOCK KIT 2-3.5""",jt-falcon-1-1-shock-kit-2-3-5,,195707,"JT FALCON 1.1 SHOCK KIT 2-3.5""","JT FALCON 1.1 SHOCK KIT 2-3.5""",publish,,0,"2025-10-21 01:31:00",52,open,14-01-18-400-200,,,no,no,,509.99,,,,,,,instock,no,no,,no,taxable,,,,,,,'-1,'-1,,,"https://fuel1direct.com/wp-content/uploads/2025/10/14-01-18-400-200-jpg.jpg-filenameUTF-814-01-18-400-200-jpg.jpg ! alt :  ! title :  ! desc :  ! caption : ",,https://fuel1direct.com/product/jt-falcon-1-1-shock-kit-2-3-5/,,"Falcon Shocks",simple,,"Trucks: Lifts Kits, Wheel Packages & Customization > Suspension & Lift Kits - Trucks > Shocks & Struts - Truck","Falcon Shocks",,,,,[4674],"Florida, United States",28.944465,'-82.03363,1,,,,5,,,,,,,,,1,,,,,,,,,,,,6,1,1,3,,,,,0,,,,,,,,,,,,,,,,,,,,,,,,,,,,,,,,,,,,,,,,,,,,,,,,,,,,,,,,,,,,,,,,,,,,,,,,,,,,,
"JT 2.1 SP2 SHOCK FR 0-1.5""",jt-2-1-sp2-shock-fr-0-1-5,,195708,"JT 2.1 SP2 SHOCK FR 0-1.5""","JT 2.1 SP2 SHOCK FR 0-1.5""",publish,,0,"2025-10-21 01:31:02",52,open,14-02-21-310-000,,,no,no,,231.99,,,,,,,instock,no,no,,no,taxable,,,,,,,'-1,'-1,,,,,https://fuel1direct.com/product/jt-2-1-sp2-shock-fr-0-1-5/,,"Falcon Shocks",simple,,"Trucks: Lifts Kits, Wheel Packages & Customization > Suspension & Lift Kits - Trucks > Shocks & Struts - Truck","Falcon Shocks",,,,,[4674],"Florida, United States",28.944465,'-82.03363,1,,,,2,,,,,,,,,1,,,,,,,,,,,,2,1,1,1,,,,,0,,,,,,,,,,,,,,,,,,,,,,,,,,,,,,,,,,,,,,,,,,,,,,,,,,,,,,,,,,,,,,,,,,,,,,,,,,,,,
"JT 2.1 SP2 SHOCK FR 2-3.5""",jt-2-1-sp2-shock-fr-2-3-5,,195709,"JT 2.1 SP2 SHOCK FR 2-3.5""","JT 2.1 SP2 SHOCK FR 2-3.5""",publish,,0,"2025-10-21 01:31:05",52,open,14-02-21-310-200,,,no,no,,231.99,,,,,,,instock,no,no,,no,taxable,,,,,,,'-1,'-1,,,,,https://fuel1direct.com/product/jt-2-1-sp2-shock-fr-2-3-5/,,"Falcon Shocks",simple,,"Trucks: Lifts Kits, Wheel Packages & Customization > Suspension & Lift Kits - Trucks > Shocks & Struts - Truck","Falcon Shocks",,,,,[4674],"Florida, United States",28.944465,'-82.03363,1,,,,2,,,,,,,,,1,,,,,,,,,,,,3,1,2,2,,,,,0,,,,,,,,,,,,,,,,,,,,,,,,,,,,,,,,,,,,,,,,,,,,,,,,,,,,,,,,,,,,,,,,,,,,,,,,,,,,,
"JT 2.1 SP2 SHOCK RR 0-1.5""",jt-2-1-sp2-shock-rr-0-1-5,,195710,"JT 2.1 SP2 SHOCK RR 0-1.5""","JT 2.1 SP2 SHOCK RR 0-1.5""",publish,,0,"2025-10-21 01:31:08",52,open,14-02-21-320-000,,,no,no,,231.99,,,,,,,instock,no,no,,no,taxable,,,,,,,'-1,'-1,,,,,https://fuel1direct.com/product/jt-2-1-sp2-shock-rr-0-1-5/,,"Falcon Shocks",simple,,"Trucks: Lifts Kits, Wheel Packages & Customization > Suspension & Lift Kits - Trucks > Shocks & Struts - Truck","Falcon Shocks",,,,,[4674],"Florida, United States",28.944465,'-82.03363,1,,,,4,,,,,,,,,1,,,,,,,,,,,,5,2,2,3,,,,,0,,,,,,,,,,,,,,,,,,,,,,,,,,,,,,,,,,,,,,,,,,,,,,,,,,,,,,,,,,,,,,,,,,,,,,,,,,,,,
"JT 2.1 SP2 SHOCK RR 2-3.5""",jt-2-1-sp2-shock-rr-2-3-5,,195711,"JT 2.1 SP2 SHOCK RR 2-3.5""","JT 2.1 SP2 SHOCK RR 2-3.5""",publish,,0,"2025-10-21 01:31:11",52,open,14-02-21-320-200,,,no,no,,231.99,,,,,,,instock,no,no,,no,taxable,,,,,,,'-1,'-1,,,,,https://fuel1direct.com/product/jt-2-1-sp2-shock-rr-2-3-5/,,"Falcon Shocks",simple,,"Trucks: Lifts Kits, Wheel Packages & Customization > Suspension & Lift Kits - Trucks > Shocks & Struts - Truck","Falcon Shocks",,,,,[4674],"Florida, United States",28.944465,'-82.03363,1,,,,4,,,,,,,,,1,,,,,,,,,,,,4,1,2,3,,,,,0,,,,,,,,,,,,,,,,,,,,,,,,,,,,,,,,,,,,,,,,,,,,,,,,,,,,,,,,,,,,,,,,,,,,,,,,,,,,,
"JT FALCON 2.1 SHOCK KIT (0“1.5 LIFT)",jt-falcon-2-1-shock-kit-01-5-lift,,195712,"JT FALCON 2.1 SHOCK KIT (0“1.5 LIFT)","JT FALCON 2.1 SHOCK KIT (0“1.5 LIFT)",publish,,0,"2025-10-21 01:31:13",52,open,14-02-21-400-000,,,no,no,,991.99,,,,,,,instock,no,no,,no,taxable,,,,,,,'-1,'-1,,,"https://fuel1direct.com/wp-content/uploads/2025/10/14-02-21-400-000-jpg.jpg-filenameUTF-814-02-21-400-000-jpg.jpg ! alt :  ! title :  ! desc :  ! caption : ",,https://fuel1direct.com/product/jt-falcon-2-1-shock-kit-01-5%c2%9d-lift/,,"Falcon Shocks",simple,,"Trucks: Lifts Kits, Wheel Packages & Customization > Suspension & Lift Kits - Trucks > Shocks & Struts - Truck","Falcon Shocks",,,,,[4674],"Florida, United States",28.944465,'-82.03363,1,,,,,,,,,,,,,1,,,,,,,,,,,,1,1,1,1,,,,,0,,,,,,,,,,,,,,,,,,,,,,,,,,,,,,,,,,,,,,,,,,,,,,,,,,,,,,,,,,,,,,,,,,,,,,,,,,,,,
"JT FALCON 2.1 SHOCK KIT (2“3.5 LIFT)",jt-falcon-2-1-shock-kit-23-5-lift,,195713,"JT FALCON 2.1 SHOCK KIT (2“3.5 LIFT)","JT FALCON 2.1 SHOCK KIT (2“3.5 LIFT)",publish,,0,"2025-10-21 01:31:16",52,open,14-02-21-400-200,,,no,no,,991.99,,,,,,,instock,no,no,,no,taxable,,,,,,,'-1,'-1,,,"https://fuel1direct.com/wp-content/uploads/2025/10/14-02-21-400-200-jpg.jpg-filenameUTF-814-02-21-400-200-jpg.jpg ! alt :  ! title :  ! desc :  ! caption : ",,https://fuel1direct.com/product/jt-falcon-2-1-shock-kit-23-5%c2%9d-lift/,,"Falcon Shocks",simple,,"Trucks: Lifts Kits, Wheel Packages & Customization > Suspension & Lift Kits - Trucks > Shocks & Struts - Truck","Falcon Shocks",,,,,[4674],"Florida, United States",28.944465,'-82.03363,1,,,,1,,,,,,,,,1,,,,,,,,,,,,3,1,1,1,,,,,0,,,,,,,,,,,,,,,,,,,,,,,,,,,,,,,,,,,,,,,,,,,,,,,,,,,,,,,,,,,,,,,,,,,,,,,,,,,,,
"JT 3.3 SP2 SHOCK FR LH 0-1.5""",jt-3-3-sp2-shock-fr-lh-0-1-5,,195714,"JT 3.3 SP2 SHOCK FR LH 0-1.5""","JT 3.3 SP2 SHOCK FR LH 0-1.5""",publish,,0,"2025-10-21 01:31:18",52,open,14-02-33-311-000,,,no,no,,492.99,,,,,,,instock,no,no,,no,taxable,,,,,,,'-1,'-1,,,,,https://fuel1direct.com/product/jt-3-3-sp2-shock-fr-lh-0-1-5/,,"Falcon Shocks",simple,,"Trucks: Lifts Kits, Wheel Packages & Customization > Suspension & Lift Kits - Trucks > Shocks & Struts - Truck","Falcon Shocks",,,,,[4674],"Florida, United States",28.944465,'-82.03363,1,,,,1,,,,,,,,,1,,,,,,,,,,,,1,1,1,1,,,,,0,,,,,,,,,,,,,,,,,,,,,,,,,,,,,,,,,,,,,,,,,,,,,,,,,,,,,,,,,,,,,,,,,,,,,,,,,,,,,
"JT 3.3 SP2 DSL SHOCK FR LH 0-1.5""",jt-3-3-sp2-dsl-shock-fr-lh-0-1-5,,195715,"JT 3.3 SP2 DSL SHOCK FR LH 0-1.5""","JT 3.3 SP2 DSL SHOCK FR LH 0-1.5""",publish,,0,"2025-10-21 01:31:30",52,open,14-02-33-311-002,,,no,no,,492.99,,,,,,,instock,no,no,,no,taxable,,,,,,,'-1,'-1,,,"https://fuel1direct.com/wp-content/uploads/2025/10/14-02-33-311-002-jpg.jpg-filenameUTF-814-02-33-311-002-jpg.jpg ! alt :  ! title :  ! desc :  ! caption : ",,https://fuel1direct.com/product/jt-3-3-sp2-dsl-shock-fr-lh-0-1-5/,,"Falcon Shocks",simple,,"Trucks: Lifts Kits, Wheel Packages & Customization > Suspension & Lift Kits - Trucks > Shocks & Struts - Truck","Falcon Shocks",,,,,[4674],"Florida, United States",28.944465,'-82.03363,1,,,,,,,,,,,,,1,,,,,,,,,,,,3,2,2,3,,,,,0,,,,,,,,,,,,,,,,,,,,,,,,,,,,,,,,,,,,,,,,,,,,,,,,,,,,,,,,,,,,,,,,,,,,,,,,,,,,,
"JT 3.3 SP2 SHOCK FR LH 2-4.5""",jt-3-3-sp2-shock-fr-lh-2-4-5,,195716,"JT 3.3 SP2 SHOCK FR LH 2-4.5""","JT 3.3 SP2 SHOCK FR LH 2-4.5""",publish,,0,"2025-10-21 01:31:42",52,open,14-02-33-311-200,,,no,no,,492.99,,,,,,,instock,no,no,,no,taxable,,,,,,,'-1,'-1,,,,,https://fuel1direct.com/product/jt-3-3-sp2-shock-fr-lh-2-4-5/,,"Falcon Shocks",simple,,"Trucks: Lifts Kits, Wheel Packages & Customization > Suspension & Lift Kits - Trucks > Shocks & Struts - Truck","Falcon Shocks",,,,,[4674],"Florida, United States",28.944465,'-82.03363,1,,,,,,,,,,,,,1,,,,,,,,,,,,1,1,1,1,,,,,0,,,,,,,,,,,,,,,,,,,,,,,,,,,,,,,,,,,,,,,,,,,,,,,,,,,,,,,,,,,,,,,,,,,,,,,,,,,,,
"JT 3.3 SP2 DSL SHOCK FR LH 2-4.5""",jt-3-3-sp2-dsl-shock-fr-lh-2-4-5,,195717,"JT 3.3 SP2 DSL SHOCK FR LH 2-4.5""","JT 3.3 SP2 DSL SHOCK FR LH 2-4.5""",publish,,0,"2025-10-21 01:31:44",52,open,14-02-33-311-202,,,no,no,,492.99,,,,,,,instock,no,no,,no,taxable,,,,,,,'-1,'-1,,,"https://fuel1direct.com/wp-content/uploads/2025/10/14-02-33-311-202-jpg.jpg-filenameUTF-814-02-33-311-202-jpg.jpg ! alt :  ! title :  ! desc :  ! caption : ",,https://fuel1direct.com/product/jt-3-3-sp2-dsl-shock-fr-lh-2-4-5/,,"Falcon Shocks",simple,,"Trucks: Lifts Kits, Wheel Packages & Customization > Suspension & Lift Kits - Trucks > Shocks & Struts - Truck","Falcon Shocks",,,,,[4674],"Florida, United States",28.944465,'-82.03363,1,,,,2,,,,,,,,,1,,,,,,,,,,,,3,1,1,1,,,,,0,,,,,,,,,,,,,,,,,,,,,,,,,,,,,,,,,,,,,,,,,,,,,,,,,,,,,,,,,,,,,,,,,,,,,,,,,,,,,
"JT 3.3 SP2 SHOCK FR RH 0-1.5""",jt-3-3-sp2-shock-fr-rh-0-1-5,,195718,"JT 3.3 SP2 SHOCK FR RH 0-1.5""","JT 3.3 SP2 SHOCK FR RH 0-1.5""",publish,,0,"2025-10-21 01:31:46",52,open,14-02-33-312-000,,,no,no,,492.99,,,,,,,instock,no,no,,no,taxable,,,,,,,'-1,'-1,,,,,https://fuel1direct.com/product/jt-3-3-sp2-shock-fr-rh-0-1-5/,,"Falcon Shocks",simple,,"Trucks: Lifts Kits, Wheel Packages & Customization > Suspension & Lift Kits - Trucks > Shocks & Struts - Truck","Falcon Shocks",,,,,[4674],"Florida, United States",28.944465,'-82.03363,1,,,,2,,,,,,,,,1,,,,,,,,,,,,3,1,1,2,,,,,0,,,,,,,,,,,,,,,,,,,,,,,,,,,,,,,,,,,,,,,,,,,,,,,,,,,,,,,,,,,,,,,,,,,,,,,,,,,,,
"JT 3.3 SP2 DSL SHOCK FR RH 0-1.5""",jt-3-3-sp2-dsl-shock-fr-rh-0-1-5,,195719,"JT 3.3 SP2 DSL SHOCK FR RH 0-1.5""","JT 3.3 SP2 DSL SHOCK FR RH 0-1.5""",publish,,0,"2025-10-21 01:31:48",52,open,14-02-33-312-002,,,no,no,,492.99,,,,,,,instock,no,no,,no,taxable,,,,,,,'-1,'-1,,,"https://fuel1direct.com/wp-content/uploads/2025/10/14-02-33-312-002-jpg.jpg-filenameUTF-814-02-33-312-002-jpg.jpg ! alt :  ! title :  ! desc :  ! caption : ",,https://fuel1direct.com/product/jt-3-3-sp2-dsl-shock-fr-rh-0-1-5/,,"Falcon Shocks",simple,,"Trucks: Lifts Kits, Wheel Packages & Customization > Suspension & Lift Kits - Trucks > Shocks & Struts - Truck","Falcon Shocks",,,,,[4674],"Florida, United States",28.944465,'-82.03363,1,,,,,,,,,,,,,1,,,,,,,,,,,,2,1,1,2,,,,,0,,,,,,,,,,,,,,,,,,,,,,,,,,,,,,,,,,,,,,,,,,,,,,,,,,,,,,,,,,,,,,,,,,,,,,,,,,,,,
"JT 3.3 SP2 SHOCK FR RH 2-4.5""",jt-3-3-sp2-shock-fr-rh-2-4-5,,195720,"JT 3.3 SP2 SHOCK FR RH 2-4.5""","JT 3.3 SP2 SHOCK FR RH 2-4.5""",publish,,0,"2025-10-21 01:31:51",52,open,14-02-33-312-200,,,no,no,,492.99,,,,,,,instock,no,no,,no,taxable,,,,,,,'-1,'-1,,,,,https://fuel1direct.com/product/jt-3-3-sp2-shock-fr-rh-2-4-5/,,"Falcon Shocks",simple,,"Trucks: Lifts Kits, Wheel Packages & Customization > Suspension & Lift Kits - Trucks > Shocks & Struts - Truck","Falcon Shocks",,,,,[4674],"Florida, United States",28.944465,'-82.03363,1,,,,5,,,,,,,,,1,,,,,,,,,,,,6,1,1,3,,,,,0,,,,,,,,,,,,,,,,,,,,,,,,,,,,,,,,,,,,,,,,,,,,,,,,,,,,,,,,,,,,,,,,,,,,,,,,,,,,,
"JT 3.3 SP2 DSL SHOCK FR RH 2-4.5""",jt-3-3-sp2-dsl-shock-fr-rh-2-4-5,,195721,"JT 3.3 SP2 DSL SHOCK FR RH 2-4.5""","JT 3.3 SP2 DSL SHOCK FR RH 2-4.5""",publish,,0,"2025-10-21 01:31:53",52,open,14-02-33-312-202,,,no,no,,492.99,,,,,,,instock,no,no,,no,taxable,,,,,,,'-1,'-1,,,"https://fuel1direct.com/wp-content/uploads/2025/10/14-02-33-312-202-jpg.jpg-filenameUTF-814-02-33-312-202-jpg.jpg ! alt :  ! title :  ! desc :  ! caption : ",,https://fuel1direct.com/product/jt-3-3-sp2-dsl-shock-fr-rh-2-4-5/,,"Falcon Shocks",simple,,"Trucks: Lifts Kits, Wheel Packages & Customization > Suspension & Lift Kits - Trucks > Shocks & Struts - Truck","Falcon Shocks",,,,,[4674],"Florida, United States",28.944465,'-82.03363,1,,,,1,,,,,,,,,1,,,,,,,,,,,,1,1,1,1,,,,,0,,,,,,,,,,,,,,,,,,,,,,,,,,,,,,,,,,,,,,,,,,,,,,,,,,,,,,,,,,,,,,,,,,,,,,,,,,,,,
"JT 3.3 SP2 SHOCK RR LH 0-3""",jt-3-3-sp2-shock-rr-lh-0-3,,195722,"JT 3.3 SP2 SHOCK RR LH 0-3""","JT 3.3 SP2 SHOCK RR LH 0-3""",publish,,0,"2025-10-21 01:31:55",52,open,14-02-33-321-000,,,no,no,,492.99,,,,,,,instock,no,no,,no,taxable,,,,,,,'-1,'-1,,,,,https://fuel1direct.com/product/jt-3-3-sp2-shock-rr-lh-0-3/,,"Falcon Shocks",simple,,"Trucks: Lifts Kits, Wheel Packages & Customization > Suspension & Lift Kits - Trucks > Shocks & Struts - Truck","Falcon Shocks",,,,,[4674],"Florida, United States",28.944465,'-82.03363,1,,,,2,,,,,,,,,1,,,,,,,,,,,,4,1,4,4,,,,,0,,,,,,,,,,,,,,,,,,,,,,,,,,,,,,,,,,,,,,,,,,,,,,,,,,,,,,,,,,,,,,,,,,,,,,,,,,,,,
"JT 3.3 SP2 SHOCK RR LH 2-4.5""",jt-3-3-sp2-shock-rr-lh-2-4-5,,195723,"JT 3.3 SP2 SHOCK RR LH 2-4.5""","JT 3.3 SP2 SHOCK RR LH 2-4.5""",publish,,0,"2025-10-21 01:31:57",52,open,14-02-33-321-200,,,no,no,,492.99,,,,,,,instock,no,no,,no,taxable,,,,,,,'-1,'-1,,,,,https://fuel1direct.com/product/jt-3-3-sp2-shock-rr-lh-2-4-5/,,"Falcon Shocks",simple,,"Trucks: Lifts Kits, Wheel Packages & Customization > Suspension & Lift Kits - Trucks > Shocks & Struts - Truck","Falcon Shocks",,,,,[4674],"Florida, United States",28.944465,'-82.03363,1,,,,2,,,,,,,,,1,,,,,,,,,,,,2,1,1,2,,,,,0,,,,,,,,,,,,,,,,,,,,,,,,,,,,,,,,,,,,,,,,,,,,,,,,,,,,,,,,,,,,,,,,,,,,,,,,,,,,,
"JT 3.3 SP2 SHOCK RR RH 0-3""",jt-3-3-sp2-shock-rr-rh-0-3,,195724,"JT 3.3 SP2 SHOCK RR RH 0-3""","JT 3.3 SP2 SHOCK RR RH 0-3""",publish,,0,"2025-10-21 01:32:00",52,open,14-02-33-322-000,,,no,no,,492.99,,,,,,,instock,no,no,,no,taxable,,,,,,,'-1,'-1,,,,,https://fuel1direct.com/product/jt-3-3-sp2-shock-rr-rh-0-3/,,"Falcon Shocks",simple,,"Trucks: Lifts Kits, Wheel Packages & Customization > Suspension & Lift Kits - Trucks > Shocks & Struts - Truck","Falcon Shocks",,,,,[4674],"Florida, United States",28.944465,'-82.03363,1,,,,1,,,,,,,,,1,,,,,,,,,,,,2,1,2,2,,,,,0,,,,,,,,,,,,,,,,,,,,,,,,,,,,,,,,,,,,,,,,,,,,,,,,,,,,,,,,,,,,,,,,,,,,,,,,,,,,,
"JT 3.3 SP2 SHOCK RR RH 2-4.5""",jt-3-3-sp2-shock-rr-rh-2-4-5,,195725,"JT 3.3 SP2 SHOCK RR RH 2-4.5""","JT 3.3 SP2 SHOCK RR RH 2-4.5""",publish,,0,"2025-10-21 01:32:09",52,open,14-02-33-322-200,,,no,no,,492.99,,,,,,,instock,no,no,,no,taxable,,,,,,,'-1,'-1,,,,,https://fuel1direct.com/product/jt-3-3-sp2-shock-rr-rh-2-4-5/,,"Falcon Shocks",simple,,"Trucks: Lifts Kits, Wheel Packages & Customization > Suspension & Lift Kits - Trucks > Shocks & Struts - Truck","Falcon Shocks",,,,,[4674],"Florida, United States",28.944465,'-82.03363,1,,,,1,,,,,,,,,1,,,,,,,,,,,,3,1,1,2,,,,,0,,,,,,,,,,,,,,,,,,,,,,,,,,,,,,,,,,,,,,,,,,,,,,,,,,,,,,,,,,,,,,,,,,,,,,,,,,,,,
"JT FALCON 3.3 SHOCK KIT (0“1.5 LIFT)",jt-falcon-3-3-shock-kit-01-5-lift,,195726,"JT FALCON 3.3 SHOCK KIT (0“1.5 LIFT)","JT FALCON 3.3 SHOCK KIT (0“1.5 LIFT)",publish,,0,"2025-10-21 01:32:24",52,open,14-02-33-400-000,,,no,no,,2110.99,,,,,,,instock,no,no,,no,taxable,,,,,,,'-1,'-1,,,"https://fuel1direct.com/wp-content/uploads/2025/10/14-02-33-400-000-jpg.jpg-filenameUTF-814-02-33-400-000-jpg.jpg ! alt :  ! title :  ! desc :  ! caption : ",,https://fuel1direct.com/product/jt-falcon-3-3-shock-kit-01-5%c2%9d-lift/,,"Falcon Shocks",simple,,"Trucks: Lifts Kits, Wheel Packages & Customization > Suspension & Lift Kits - Trucks > Shocks & Struts - Truck","Falcon Shocks",,,,,[4674],"Florida, United States",28.944465,'-82.03363,1,,,,5,,,,,,,,,1,,,,,,,,,,,,6,1,1,1,,,,,0,,,,,,,,,,,,,,,,,,,,,,,,,,,,,,,,,,,,,,,,,,,,,,,,,,,,,,,,,,,,,,,,,,,,,,,,,,,,,
"JTED FALCON 3.3 SHOCK KIT (0“1.5 LIFT)",jted-falcon-3-3-shock-kit-01-5-lift,,195727,"JTED FALCON 3.3 SHOCK KIT (0“1.5 LIFT)","JTED FALCON 3.3 SHOCK KIT (0“1.5 LIFT)",publish,,0,"2025-10-21 01:32:26",52,open,14-02-33-400-002,,,no,no,,2110.99,,,,,,,instock,no,no,,no,taxable,,,,,,,'-1,'-1,,,"https://fuel1direct.com/wp-content/uploads/2025/10/14-02-33-400-002-jpg.jpg-filenameUTF-814-02-33-400-002-jpg.jpg ! alt :  ! title :  ! desc :  ! caption : ",,https://fuel1direct.com/product/jted-falcon-3-3-shock-kit-01-5%c2%9d-lift/,,"Falcon Shocks",simple,,"Trucks: Lifts Kits, Wheel Packages & Customization > Suspension & Lift Kits - Trucks > Shocks & Struts - Truck","Falcon Shocks",,,,,[4674],"Florida, United States",28.944465,'-82.03363,1,,,,3,,,,,,,,,1,,,,,,,,,,,,3,1,1,1,,,,,0,,,,,,,,,,,,,,,,,,,,,,,,,,,,,,,,,,,,,,,,,,,,,,,,,,,,,,,,,,,,,,,,,,,,,,,,,,,,,
"JT FALCON 3.3 SHOCK KIT (2“3 LIFT)",jt-falcon-3-3-shock-kit-23-lift,,195728,"JT FALCON 3.3 SHOCK KIT (2“3 LIFT)","JT FALCON 3.3 SHOCK KIT (2“3 LIFT)",publish,,0,"2025-10-21 01:32:29",52,open,14-02-33-400-150,,,no,no,,2110.99,,,,,,,instock,no,no,,no,taxable,,,,,,,'-1,'-1,,,"https://fuel1direct.com/wp-content/uploads/2025/10/14-02-33-400-150-jpg.jpg-filenameUTF-814-02-33-400-150-jpg.jpg ! alt :  ! title :  ! desc :  ! caption : ",,https://fuel1direct.com/product/jt-falcon-3-3-shock-kit-23%c2%9d-lift/,,"Falcon Shocks",simple,,"Trucks: Lifts Kits, Wheel Packages & Customization > Suspension & Lift Kits - Trucks > Shocks & Struts - Truck","Falcon Shocks",,,,,[4674],"Florida, United States",28.944465,'-82.03363,1,,,,1,,,,,,,,,1,,,,,,,,,,,,1,1,1,1,,,,,0,,,,,,,,,,,,,,,,,,,,,,,,,,,,,,,,,,,,,,,,,,,,,,,,,,,,,,,,,,,,,,,,,,,,,,,,,,,,,
"JTED FALCON 3.3 SHOCK KIT (2“3 LIFT)",jted-falcon-3-3-shock-kit-23-lift,,195729,"JTED FALCON 3.3 SHOCK KIT (2“3 LIFT)","JTED FALCON 3.3 SHOCK KIT (2“3 LIFT)",publish,,0,"2025-10-21 01:32:31",52,open,14-02-33-400-152,,,no,no,,2110.99,,,,,,,instock,no,no,,no,taxable,,,,,,,'-1,'-1,,,"https://fuel1direct.com/wp-content/uploads/2025/10/14-02-33-400-152-jpg.jpg-filenameUTF-814-02-33-400-152-jpg.jpg ! alt :  ! title :  ! desc :  ! caption : ",,https://fuel1direct.com/product/jted-falcon-3-3-shock-kit-23%c2%9d-lift/,,"Falcon Shocks",simple,,"Trucks: Lifts Kits, Wheel Packages & Customization > Suspension & Lift Kits - Trucks > Shocks & Struts - Truck","Falcon Shocks",,,,,[4674],"Florida, United States",28.944465,'-82.03363,1,,,,1,,,,,,,,,1,,,,,,,,,,,,1,1,1,1,,,,,0,,,,,,,,,,,,,,,,,,,,,,,,,,,,,,,,,,,,,,,,,,,,,,,,,,,,,,,,,,,,,,,,,,,,,,,,,,,,,
"JT FALCON 3.3 SHOCK KIT (3.5“4.5 LIFT)",jt-falcon-3-3-shock-kit-3-54-5-lift,,195730,"JT FALCON 3.3 SHOCK KIT (3.5“4.5 LIFT)","JT FALCON 3.3 SHOCK KIT (3.5“4.5 LIFT)",publish,,0,"2025-10-21 01:32:34",52,open,14-02-33-400-200,,,no,no,,2110.99,,,,,,,instock,no,no,,no,taxable,,,,,,,'-1,'-1,,,"https://fuel1direct.com/wp-content/uploads/2025/10/14-02-33-400-200-jpg.jpg-filenameUTF-814-02-33-400-200-jpg.jpg ! alt :  ! title :  ! desc :  ! caption : ",,https://fuel1direct.com/product/jt-falcon-3-3-shock-kit-3-54-5%c2%9d-lift/,,"Falcon Shocks",simple,,"Trucks: Lifts Kits, Wheel Packages & Customization > Suspension & Lift Kits - Trucks > Shocks & Struts - Truck","Falcon Shocks",,,,,[4674],"Florida, United States",28.944465,'-82.03363,1,,,,2,,,,,,,,,1,,,,,,,,,,,,3,1,2,3,,,,,0,,,,,,,,,,,,,,,,,,,,,,,,,,,,,,,,,,,,,,,,,,,,,,,,,,,,,,,,,,,,,,,,,,,,,,,,,,,,,
"JTED FALCON 3.3 SHOCK KIT (3.5“4.5 LIFT",jted-falcon-3-3-shock-kit-3-54-5-lift,,195731,"JTED FALCON 3.3 SHOCK KIT (3.5“4.5 LIFT","JTED FALCON 3.3 SHOCK KIT (3.5“4.5 LIFT",publish,,0,"2025-10-21 01:32:36",52,open,14-02-33-400-202,,,no,no,,2110.99,,,,,,,instock,no,no,,no,taxable,,,,,,,'-1,'-1,,,"https://fuel1direct.com/wp-content/uploads/2025/10/14-02-33-400-202-jpg.jpg-filenameUTF-814-02-33-400-202-jpg.jpg ! alt :  ! title :  ! desc :  ! caption : ",,https://fuel1direct.com/product/jted-falcon-3-3-shock-kit-3-54-5%c2%9d-lift/,,"Falcon Shocks",simple,,"Trucks: Lifts Kits, Wheel Packages & Customization > Suspension & Lift Kits - Trucks > Shocks & Struts - Truck","Falcon Shocks",,,,,[4674],"Florida, United States",28.944465,'-82.03363,1,,,,1,,,,,,,,,1,,,,,,,,,,,,1,1,1,1,,,,,0,,,,,,,,,,,,,,,,,,,,,,,,,,,,,,,,,,,,,,,,,,,,,,,,,,,,,,,,,,,,,,,,,,,,,,,,,,,,,
"JT FALCON 3.5 SHOCK KIT (0“1.5 LIFT)",jt-falcon-3-5-shock-kit-01-5-lift,,195732,"JT FALCON 3.5 SHOCK KIT (0“1.5 LIFT)","JT FALCON 3.5 SHOCK KIT (0“1.5 LIFT)",publish,,0,"2025-10-21 01:32:39",52,open,14-03-35-400-000,,,no,no,,2482.99,,,,,,,instock,no,no,,no,taxable,,,,,,,'-1,'-1,,,"https://fuel1direct.com/wp-content/uploads/2025/10/14-03-35-400-000-jpg.jpg-filenameUTF-814-03-35-400-000-jpg.jpg ! alt :  ! title :  ! desc :  ! caption : ",,https://fuel1direct.com/product/jt-falcon-3-5-shock-kit-01-5%c2%9d-lift/,,"Falcon Shocks",simple,,"Trucks: Lifts Kits, Wheel Packages & Customization > Suspension & Lift Kits - Trucks > Shocks & Struts - Truck","Falcon Shocks",,,,,[4674],"Florida, United States",28.944465,'-82.03363,1,,,,,,,,,,,,,1,,,,,,,,,,,,2,1,1,1,,,,,0,,,,,,,,,,,,,,,,,,,,,,,,,,,,,,,,,,,,,,,,,,,,,,,,,,,,,,,,,,,,,,,,,,,,,,,,,,,,,
"JTED FALCON 3.5 SHOCK KIT (0“1.5 LIFT)",jted-falcon-3-5-shock-kit-01-5-lift,,195733,"JTED FALCON 3.5 SHOCK KIT (0“1.5 LIFT)","JTED FALCON 3.5 SHOCK KIT (0“1.5 LIFT)",publish,,0,"2025-10-21 01:32:41",52,open,14-03-35-400-002,,,no,no,,2482.99,,,,,,,instock,no,no,,no,taxable,,,,,,,'-1,'-1,,,"https://fuel1direct.com/wp-content/uploads/2025/10/14-03-35-400-002-jpg.jpg-filenameUTF-814-03-35-400-002-jpg.jpg ! alt :  ! title :  ! desc :  ! caption : ",,https://fuel1direct.com/product/jted-falcon-3-5-shock-kit-01-5%c2%9d-lift/,,"Falcon Shocks",simple,,"Trucks: Lifts Kits, Wheel Packages & Customization > Suspension & Lift Kits - Trucks > Shocks & Struts - Truck","Falcon Shocks",,,,,[4674],"Florida, United States",28.944465,'-82.03363,1,,,,2,,,,,,,,,1,,,,,,,,,,,,2,1,1,1,,,,,0,,,,,,,,,,,,,,,,,,,,,,,,,,,,,,,,,,,,,,,,,,,,,,,,,,,,,,,,,,,,,,,,,,,,,,,,,,,,,
"JT FALCON 3.5 SHOCK KIT (2“3 LIFT)",jt-falcon-3-5-shock-kit-23-lift,,195734,"JT FALCON 3.5 SHOCK KIT (2“3 LIFT)","JT FALCON 3.5 SHOCK KIT (2“3 LIFT)",publish,,0,"2025-10-21 01:32:44",52,open,14-03-35-400-150,,,no,no,,2482.99,,,,,,,instock,no,no,,no,taxable,,,,,,,'-1,'-1,,,"https://fuel1direct.com/wp-content/uploads/2025/10/14-03-35-400-150-jpg.jpg-filenameUTF-814-03-35-400-150-jpg.jpg ! alt :  ! title :  ! desc :  ! caption : ",,https://fuel1direct.com/product/jt-falcon-3-5-shock-kit-23%c2%9d-lift/,,"Falcon Shocks",simple,,"Trucks: Lifts Kits, Wheel Packages & Customization > Suspension & Lift Kits - Trucks > Shocks & Struts - Truck","Falcon Shocks",,,,,[4674],"Florida, United States",28.944465,'-82.03363,1,,,,3,,,,,,,,,1,,,,,,,,,,,,3,1,2,3,,,,,0,,,,,,,,,,,,,,,,,,,,,,,,,,,,,,,,,,,,,,,,,,,,,,,,,,,,,,,,,,,,,,,,,,,,,,,,,,,,,
"JTED FALCON 3.5 SHOCK KIT (2“3 LIFT)",jted-falcon-3-5-shock-kit-23-lift,,195735,"JTED FALCON 3.5 SHOCK KIT (2“3 LIFT)","JTED FALCON 3.5 SHOCK KIT (2“3 LIFT)",publish,,0,"2025-10-21 01:32:53",52,open,14-03-35-400-152,,,no,no,,2482.99,,,,,,,instock,no,no,,no,taxable,,,,,,,'-1,'-1,,,"https://fuel1direct.com/wp-content/uploads/2025/10/14-03-35-400-152-jpg.jpg-filenameUTF-814-03-35-400-152-jpg.jpg ! alt :  ! title :  ! desc :  ! caption : ",,https://fuel1direct.com/product/jted-falcon-3-5-shock-kit-23%c2%9d-lift/,,"Falcon Shocks",simple,,"Trucks: Lifts Kits, Wheel Packages & Customization > Suspension & Lift Kits - Trucks > Shocks & Struts - Truck","Falcon Shocks",,,,,[4674],"Florida, United States",28.944465,'-82.03363,1,,,,1,,,,,,,,,1,,,,,,,,,,,,1,1,1,1,,,,,0,,,,,,,,,,,,,,,,,,,,,,,,,,,,,,,,,,,,,,,,,,,,,,,,,,,,,,,,,,,,,,,,,,,,,,,,,,,,,
"JT FALCON 3.5 SHOCK KIT (3.5“4.5 LIFT)",jt-falcon-3-5-shock-kit-3-54-5-lift,,195736,"JT FALCON 3.5 SHOCK KIT (3.5“4.5 LIFT)","JT FALCON 3.5 SHOCK KIT (3.5“4.5 LIFT)",publish,,0,"2025-10-21 01:33:06",52,open,14-03-35-400-200,,,no,no,,2482.99,,,,,,,instock,no,no,,no,taxable,,,,,,,'-1,'-1,,,"https://fuel1direct.com/wp-content/uploads/2025/10/14-03-35-400-200-jpg.jpg-filenameUTF-814-03-35-400-200-jpg.jpg ! alt :  ! title :  ! desc :  ! caption : ",,https://fuel1direct.com/product/jt-falcon-3-5-shock-kit-3-54-5%c2%9d-lift/,,"Falcon Shocks",simple,,"Trucks: Lifts Kits, Wheel Packages & Customization > Suspension & Lift Kits - Trucks > Shocks & Struts - Truck","Falcon Shocks",,,,,[4674],"Florida, United States",28.944465,'-82.03363,1,,,,2,,,,,,,,,1,,,,,,,,,,,,2,1,1,1,,,,,0,,,,,,,,,,,,,,,,,,,,,,,,,,,,,,,,,,,,,,,,,,,,,,,,,,,,,,,,,,,,,,,,,,,,,,,,,,,,,
"JTED FALCON 3.5 SHOCK KIT (3.5“4.5 LIFT",jted-falcon-3-5-shock-kit-3-54-5-lift,,195737,"JTED FALCON 3.5 SHOCK KIT (3.5“4.5 LIFT","JTED FALCON 3.5 SHOCK KIT (3.5“4.5 LIFT",publish,,0,"2025-10-21 01:33:09",52,open,14-03-35-400-202,,,no,no,,2482.99,,,,,,,instock,no,no,,no,taxable,,,,,,,'-1,'-1,,,"https://fuel1direct.com/wp-content/uploads/2025/10/14-03-35-400-202-jpg.jpg-filenameUTF-814-03-35-400-202-jpg.jpg ! alt :  ! title :  ! desc :  ! caption : ",,https://fuel1direct.com/product/jted-falcon-3-5-shock-kit-3-54-5%c2%9d-lift/,,"Falcon Shocks",simple,,"Trucks: Lifts Kits, Wheel Packages & Customization > Suspension & Lift Kits - Trucks > Shocks & Struts - Truck","Falcon Shocks",,,,,[4674],"Florida, United States",28.944465,'-82.03363,1,,,,3,,,,,,,,,1,,,,,,,,,,,,4,1,2,2,,,,,0,,,,,,,,,,,,,,,,,,,,,,,,,,,,,,,,,,,,,,,,,,,,,,,,,,,,,,,,,,,,,,,,,,,,,,,,,,,,,
"JT 3.5 SP2 SHOCK FR LH 0-1.5""",jt-3-5-sp2-shock-fr-lh-0-1-5,,195738,"JT 3.5 SP2 SHOCK FR LH 0-1.5""","JT 3.5 SP2 SHOCK FR LH 0-1.5""",publish,,0,"2025-10-21 01:33:11",52,open,14-05-35-311-000,,,no,no,,517.99,,,,,,,instock,no,no,,no,taxable,,,,,,,'-1,'-1,,,,,https://fuel1direct.com/product/jt-3-5-sp2-shock-fr-lh-0-1-5/,,"Falcon Shocks",simple,,"Trucks: Lifts Kits, Wheel Packages & Customization > Suspension & Lift Kits - Trucks > Shocks & Struts - Truck","Falcon Shocks",,,,,[4674],"Florida, United States",28.944465,'-82.03363,1,,,,5,,,,,,,,,1,,,,,,,,,,,,6,1,2,3,,,,,0,,,,,,,,,,,,,,,,,,,,,,,,,,,,,,,,,,,,,,,,,,,,,,,,,,,,,,,,,,,,,,,,,,,,,,,,,,,,,
"JT 3.5 SP2 DSL SHOCK FR LH 0-1.5""",jt-3-5-sp2-dsl-shock-fr-lh-0-1-5,,195739,"JT 3.5 SP2 DSL SHOCK FR LH 0-1.5""","JT 3.5 SP2 DSL SHOCK FR LH 0-1.5""",publish,,0,"2025-10-21 01:33:13",52,open,14-05-35-311-002,,,no,no,,517.99,,,,,,,instock,no,no,,no,taxable,,,,,,,'-1,'-1,,,"https://fuel1direct.com/wp-content/uploads/2025/10/14-05-35-311-002-jpg.jpg-filenameUTF-814-05-35-311-002-jpg.jpg ! alt :  ! title :  ! desc :  ! caption : ",,https://fuel1direct.com/product/jt-3-5-sp2-dsl-shock-fr-lh-0-1-5/,,"Falcon Shocks",simple,,"Trucks: Lifts Kits, Wheel Packages & Customization > Suspension & Lift Kits - Trucks > Shocks & Struts - Truck","Falcon Shocks",,,,,[4674],"Florida, United States",28.944465,'-82.03363,1,,,,2,,,,,,,,,1,,,,,,,,,,,,5,1,2,3,,,,,0,,,,,,,,,,,,,,,,,,,,,,,,,,,,,,,,,,,,,,,,,,,,,,,,,,,,,,,,,,,,,,,,,,,,,,,,,,,,,
"JT 3.5 SP2 SHOCK FR LH 2-4.5""",jt-3-5-sp2-shock-fr-lh-2-4-5,,195740,"JT 3.5 SP2 SHOCK FR LH 2-4.5""","JT 3.5 SP2 SHOCK FR LH 2-4.5""",publish,,0,"2025-10-21 01:33:16",52,open,14-05-35-311-200,,,no,no,,517.99,,,,,,,instock,no,no,,no,taxable,,,,,,,'-1,'-1,,,,,https://fuel1direct.com/product/jt-3-5-sp2-shock-fr-lh-2-4-5/,,"Falcon Shocks",simple,,"Trucks: Lifts Kits, Wheel Packages & Customization > Suspension & Lift Kits - Trucks > Shocks & Struts - Truck","Falcon Shocks",,,,,[4674],"Florida, United States",28.944465,'-82.03363,1,,,,1,,,,,,,,,1,,,,,,,,,,,,2,1,1,2,,,,,0,,,,,,,,,,,,,,,,,,,,,,,,,,,,,,,,,,,,,,,,,,,,,,,,,,,,,,,,,,,,,,,,,,,,,,,,,,,,,
"JT 3.5 SP2 DSL SHOCK FR LH 2-4.5""",jt-3-5-sp2-dsl-shock-fr-lh-2-4-5,,195741,"JT 3.5 SP2 DSL SHOCK FR LH 2-4.5""","JT 3.5 SP2 DSL SHOCK FR LH 2-4.5""",publish,,0,"2025-10-21 01:33:18",52,open,14-05-35-311-202,,,no,no,,517.99,,,,,,,instock,no,no,,no,taxable,,,,,,,'-1,'-1,,,"https://fuel1direct.com/wp-content/uploads/2025/10/14-05-35-311-202-jpg.jpg-filenameUTF-814-05-35-311-202-jpg.jpg ! alt :  ! title :  ! desc :  ! caption : ",,https://fuel1direct.com/product/jt-3-5-sp2-dsl-shock-fr-lh-2-4-5/,,"Falcon Shocks",simple,,"Trucks: Lifts Kits, Wheel Packages & Customization > Suspension & Lift Kits - Trucks > Shocks & Struts - Truck","Falcon Shocks",,,,,[4674],"Florida, United States",28.944465,'-82.03363,1,,,,2,,,,,,,,,1,,,,,,,,,,,,3,1,1,2,,,,,0,,,,,,,,,,,,,,,,,,,,,,,,,,,,,,,,,,,,,,,,,,,,,,,,,,,,,,,,,,,,,,,,,,,,,,,,,,,,,
"JT 3.5 SP2 SHOCK FR RH 0-1.5""",jt-3-5-sp2-shock-fr-rh-0-1-5,,195742,"JT 3.5 SP2 SHOCK FR RH 0-1.5""","JT 3.5 SP2 SHOCK FR RH 0-1.5""",publish,,0,"2025-10-21 01:33:20",52,open,14-05-35-312-000,,,no,no,,517.99,,,,,,,instock,no,no,,no,taxable,,,,,,,'-1,'-1,,,,,https://fuel1direct.com/product/jt-3-5-sp2-shock-fr-rh-0-1-5/,,"Falcon Shocks",simple,,"Trucks: Lifts Kits, Wheel Packages & Customization > Suspension & Lift Kits - Trucks > Shocks & Struts - Truck","Falcon Shocks",,,,,[4674],"Florida, United States",28.944465,'-82.03363,1,,,,2,,,,,,,,,1,,,,,,,,,,,,3,1,1,3,,,,,0,,,,,,,,,,,,,,,,,,,,,,,,,,,,,,,,,,,,,,,,,,,,,,,,,,,,,,,,,,,,,,,,,,,,,,,,,,,,,
"JT 3.5 SP2 DSL SHOCK FR RH 0-1.5""",jt-3-5-sp2-dsl-shock-fr-rh-0-1-5,,195743,"JT 3.5 SP2 DSL SHOCK FR RH 0-1.5""","JT 3.5 SP2 DSL SHOCK FR RH 0-1.5""",publish,,0,"2025-10-21 01:33:22",52,open,14-05-35-312-002,,,no,no,,517.99,,,,,,,instock,no,no,,no,taxable,,,,,,,'-1,'-1,,,"https://fuel1direct.com/wp-content/uploads/2025/10/14-05-35-312-002-jpg.jpg-filenameUTF-814-05-35-312-002-jpg.jpg ! alt :  ! title :  ! desc :  ! caption : ",,https://fuel1direct.com/product/jt-3-5-sp2-dsl-shock-fr-rh-0-1-5/,,"Falcon Shocks",simple,,"Trucks: Lifts Kits, Wheel Packages & Customization > Suspension & Lift Kits - Trucks > Shocks & Struts - Truck","Falcon Shocks",,,,,[4674],"Florida, United States",28.944465,'-82.03363,1,,,,1,,,,,,,,,1,,,,,,,,,,,,2,1,1,2,,,,,0,,,,,,,,,,,,,,,,,,,,,,,,,,,,,,,,,,,,,,,,,,,,,,,,,,,,,,,,,,,,,,,,,,,,,,,,,,,,,
"JT 3.5 SP2 SHOCK FR RH 2-4.5""",jt-3-5-sp2-shock-fr-rh-2-4-5,,195744,"JT 3.5 SP2 SHOCK FR RH 2-4.5""","JT 3.5 SP2 SHOCK FR RH 2-4.5""",publish,,0,"2025-10-21 01:33:25",52,open,14-05-35-312-200,,,no,no,,517.99,,,,,,,instock,no,no,,no,taxable,,,,,,,'-1,'-1,,,,,https://fuel1direct.com/product/jt-3-5-sp2-shock-fr-rh-2-4-5/,,"Falcon Shocks",simple,,"Trucks: Lifts Kits, Wheel Packages & Customization > Suspension & Lift Kits - Trucks > Shocks & Struts - Truck","Falcon Shocks",,,,,[4674],"Florida, United States",28.944465,'-82.03363,1,,,,2,,,,,,,,,1,,,,,,,,,,,,3,1,2,3,,,,,0,,,,,,,,,,,,,,,,,,,,,,,,,,,,,,,,,,,,,,,,,,,,,,,,,,,,,,,,,,,,,,,,,,,,,,,,,,,,,
"JT 3.5 SP2 DSL SHOCK FR RH 2-4.5""",jt-3-5-sp2-dsl-shock-fr-rh-2-4-5,,195745,"JT 3.5 SP2 DSL SHOCK FR RH 2-4.5""","JT 3.5 SP2 DSL SHOCK FR RH 2-4.5""",publish,,0,"2025-10-21 01:33:34",52,open,14-05-35-312-202,,,no,no,,517.99,,,,,,,instock,no,no,,no,taxable,,,,,,,'-1,'-1,,,"https://fuel1direct.com/wp-content/uploads/2025/10/14-05-35-312-202-jpg.jpg-filenameUTF-814-05-35-312-202-jpg.jpg ! alt :  ! title :  ! desc :  ! caption : ",,https://fuel1direct.com/product/jt-3-5-sp2-dsl-shock-fr-rh-2-4-5/,,"Falcon Shocks",simple,,"Trucks: Lifts Kits, Wheel Packages & Customization > Suspension & Lift Kits - Trucks > Shocks & Struts - Truck","Falcon Shocks",,,,,[4674],"Florida, United States",28.944465,'-82.03363,1,,,,4,,,,,,,,,1,,,,,,,,,,,,3,1,2,3,,,,,0,,,,,,,,,,,,,,,,,,,,,,,,,,,,,,,,,,,,,,,,,,,,,,,,,,,,,,,,,,,,,,,,,,,,,,,,,,,,,
"JT 3.5 SP2 SHOCK RR LH 0-3""",jt-3-5-sp2-shock-rr-lh-0-3,,195746,"JT 3.5 SP2 SHOCK RR LH 0-3""","JT 3.5 SP2 SHOCK RR LH 0-3""",publish,,0,"2025-10-21 01:33:48",52,open,14-05-35-321-000,,,no,no,,517.99,,,,,,,instock,no,no,,no,taxable,,,,,,,'-1,'-1,,,,,https://fuel1direct.com/product/jt-3-5-sp2-shock-rr-lh-0-3/,,"Falcon Shocks",simple,,"Trucks: Lifts Kits, Wheel Packages & Customization > Suspension & Lift Kits - Trucks > Shocks & Struts - Truck","Falcon Shocks",,,,,[4674],"Florida, United States",28.944465,'-82.03363,1,,,,4,,,,,,,,,1,,,,,,,,,,,,5,1,1,3,,,,,0,,,,,,,,,,,,,,,,,,,,,,,,,,,,,,,,,,,,,,,,,,,,,,,,,,,,,,,,,,,,,,,,,,,,,,,,,,,,,
"JT 3.5 SP2 SHOCK RR LH 2-4.5""",jt-3-5-sp2-shock-rr-lh-2-4-5,,195747,"JT 3.5 SP2 SHOCK RR LH 2-4.5""","JT 3.5 SP2 SHOCK RR LH 2-4.5""",publish,,0,"2025-10-21 01:33:51",52,open,14-05-35-321-200,,,no,no,,517.99,,,,,,,instock,no,no,,no,taxable,,,,,,,'-1,'-1,,,,,https://fuel1direct.com/product/jt-3-5-sp2-shock-rr-lh-2-4-5/,,"Falcon Shocks",simple,,"Trucks: Lifts Kits, Wheel Packages & Customization > Suspension & Lift Kits - Trucks > Shocks & Struts - Truck","Falcon Shocks",,,,,[4674],"Florida, United States",28.944465,'-82.03363,1,,,,5,,,,,,,,,1,,,,,,,,,,,,8,1,1,1,,,,,0,,,,,,,,,,,,,,,,,,,,,,,,,,,,,,,,,,,,,,,,,,,,,,,,,,,,,,,,,,,,,,,,,,,,,,,,,,,,,
"JT 3.5 SP2 SHOCK RR RH 0-3""",jt-3-5-sp2-shock-rr-rh-0-3,,195748,"JT 3.5 SP2 SHOCK RR RH 0-3""","JT 3.5 SP2 SHOCK RR RH 0-3""",publish,,0,"2025-10-21 01:33:54",52,open,14-05-35-322-000,,,no,no,,517.99,,,,,,,instock,no,no,,no,taxable,,,,,,,'-1,'-1,,,,,https://fuel1direct.com/product/jt-3-5-sp2-shock-rr-rh-0-3/,,"Falcon Shocks",simple,,"Trucks: Lifts Kits, Wheel Packages & Customization > Suspension & Lift Kits - Trucks > Shocks & Struts - Truck","Falcon Shocks",,,,,[4674],"Florida, United States",28.944465,'-82.03363,1,,,,2,,,,,,,,,1,,,,,,,,,,,,4,1,1,3,,,,,0,,,,,,,,,,,,,,,,,,,,,,,,,,,,,,,,,,,,,,,,,,,,,,,,,,,,,,,,,,,,,,,,,,,,,,,,,,,,,
"JT 3.5 SP2 SHOCK RR RH 2-4.5""",jt-3-5-sp2-shock-rr-rh-2-4-5,,195749,"JT 3.5 SP2 SHOCK RR RH 2-4.5""","JT 3.5 SP2 SHOCK RR RH 2-4.5""",publish,,0,"2025-10-21 01:33:56",52,open,14-05-35-322-200,,,no,no,,517.99,,,,,,,instock,no,no,,no,taxable,,,,,,,'-1,'-1,,,,,https://fuel1direct.com/product/jt-3-5-sp2-shock-rr-rh-2-4-5/,,"Falcon Shocks",simple,,"Trucks: Lifts Kits, Wheel Packages & Customization > Suspension & Lift Kits - Trucks > Shocks & Struts - Truck","Falcon Shocks",,,,,[4674],"Florida, United States",28.944465,'-82.03363,1,,,,1,,,,,,,,,1,,,,,,,,,,,,2,1,2,2,,,,,0,,,,,,,,,,,,,,,,,,,,,,,,,,,,,,,,,,,,,,,,,,,,,,,,,,,,,,,,,,,,,,,,,,,,,,,,,,,,,
"JT FALCON 3.5 SHOCK KIT 0“1.5",jt-falcon-3-5-shock-kit-01-5,,195750,"JT FALCON 3.5 SHOCK KIT 0“1.5","JT FALCON 3.5 SHOCK KIT 0“1.5",publish,,0,"2025-10-21 01:33:59",52,open,14-05-35-400-000,,,no,no,,2069.99,,,,,,,instock,no,no,,no,taxable,,,,,,,'-1,'-1,,,"https://fuel1direct.com/wp-content/uploads/2025/10/14-05-35-400-000-jpg.jpg-filenameUTF-814-05-35-400-000-jpg.jpg ! alt :  ! title :  ! desc :  ! caption : ",,https://fuel1direct.com/product/jt-falcon-3-5-shock-kit-01-5%c2%9d/,,"Falcon Shocks",simple,,"Trucks: Lifts Kits, Wheel Packages & Customization > Suspension & Lift Kits - Trucks > Shocks & Struts - Truck","Falcon Shocks",,,,,[4674],"Florida, United States",28.944465,'-82.03363,1,,,,3,,,,,,,,,1,,,,,,,,,,,,4,1,1,2,,,,,0,,,,,,,,,,,,,,,,,,,,,,,,,,,,,,,,,,,,,,,,,,,,,,,,,,,,,,,,,,,,,,,,,,,,,,,,,,,,,
"JT FALCON 3.5 SHOCK KIT SHRT RES 0“1.5",jt-falcon-3-5-shock-kit-shrt-res-01-5,,195751,"JT FALCON 3.5 SHOCK KIT SHRT RES 0“1.5","JT FALCON 3.5 SHOCK KIT SHRT RES 0“1.5",publish,,0,"2025-10-21 01:34:01",52,open,14-05-35-400-002,,,no,no,,2069.99,,,,,,,instock,no,no,,no,taxable,,,,,,,'-1,'-1,,,"https://fuel1direct.com/wp-content/uploads/2025/10/14-05-35-400-002-jpg.jpg-filenameUTF-814-05-35-400-002-jpg.jpg ! alt :  ! title :  ! desc :  ! caption : ",,https://fuel1direct.com/product/jt-falcon-3-5-shock-kit-shrt-res-01-5%c2%9d/,,"Falcon Shocks",simple,,"Trucks: Lifts Kits, Wheel Packages & Customization > Suspension & Lift Kits - Trucks > Shocks & Struts - Truck","Falcon Shocks",,,,,[4674],"Florida, United States",28.944465,'-82.03363,1,,,,4,,,,,,,,,1,,,,,,,,,,,,5,1,2,3,,,,,0,,,,,,,,,,,,,,,,,,,,,,,,,,,,,,,,,,,,,,,,,,,,,,,,,,,,,,,,,,,,,,,,,,,,,,,,,,,,,
"JT FALCON 3.5 SHOCK KIT 2“3",jt-falcon-3-5-shock-kit-23,,195752,"JT FALCON 3.5 SHOCK KIT 2“3","JT FALCON 3.5 SHOCK KIT 2“3",publish,,0,"2025-10-21 01:34:04",52,open,14-05-35-400-150,,,no,no,,2069.99,,,,,,,instock,no,no,,no,taxable,,,,,,,'-1,'-1,,,"https://fuel1direct.com/wp-content/uploads/2025/10/14-05-35-400-150-jpg.jpg-filenameUTF-814-05-35-400-150-jpg.jpg ! alt :  ! title :  ! desc :  ! caption : ",,https://fuel1direct.com/product/jt-falcon-3-5-shock-kit-23%c2%9d/,,"Falcon Shocks",simple,,"Trucks: Lifts Kits, Wheel Packages & Customization > Suspension & Lift Kits - Trucks > Shocks & Struts - Truck","Falcon Shocks",,,,,[4674],"Florida, United States",28.944465,'-82.03363,1,,,,2,,,,,,,,,1,,,,,,,,,,,,2,2,1,1,,,,,0,,,,,,,,,,,,,,,,,,,,,,,,,,,,,,,,,,,,,,,,,,,,,,,,,,,,,,,,,,,,,,,,,,,,,,,,,,,,,
"JT FALCON 3.5 SHOCK KIT SHRT RES 2“3",jt-falcon-3-5-shock-kit-shrt-res-23,,195753,"JT FALCON 3.5 SHOCK KIT SHRT RES 2“3","JT FALCON 3.5 SHOCK KIT SHRT RES 2“3",publish,,0,"2025-10-21 01:34:07",52,open,14-05-35-400-152,,,no,no,,2069.99,,,,,,,instock,no,no,,no,taxable,,,,,,,'-1,'-1,,,"https://fuel1direct.com/wp-content/uploads/2025/10/14-05-35-400-152-jpg.jpg-filenameUTF-814-05-35-400-152-jpg.jpg ! alt :  ! title :  ! desc :  ! caption : ",,https://fuel1direct.com/product/jt-falcon-3-5-shock-kit-shrt-res-23%c2%9d/,,"Falcon Shocks",simple,,"Trucks: Lifts Kits, Wheel Packages & Customization > Suspension & Lift Kits - Trucks > Shocks & Struts - Truck","Falcon Shocks",,,,,[4674],"Florida, United States",28.944465,'-82.03363,1,,,,5,,,,,,,,,1,,,,,,,,,,,,7,1,3,4,,,,,0,,,,,,,,,,,,,,,,,,,,,,,,,,,,,,,,,,,,,,,,,,,,,,,,,,,,,,,,,,,,,,,,,,,,,,,,,,,,,
"JT FALCON 3.5 SHOCK KIT 3.5“4.5",jt-falcon-3-5-shock-kit-3-54-5,,195754,"JT FALCON 3.5 SHOCK KIT 3.5“4.5","JT FALCON 3.5 SHOCK KIT 3.5“4.5",publish,,0,"2025-10-21 01:34:10",52,open,14-05-35-400-200,,,no,no,,2069.99,,,,,,,instock,no,no,,no,taxable,,,,,,,'-1,'-1,,,"https://fuel1direct.com/wp-content/uploads/2025/10/14-05-35-400-200-jpg.jpg-filenameUTF-814-05-35-400-200-jpg.jpg ! alt :  ! title :  ! desc :  ! caption : ",,https://fuel1direct.com/product/jt-falcon-3-5-shock-kit-3-54-5%c2%9d/,,"Falcon Shocks",simple,,"Trucks: Lifts Kits, Wheel Packages & Customization > Suspension & Lift Kits - Trucks > Shocks & Struts - Truck","Falcon Shocks",,,,,[4674],"Florida, United States",28.944465,'-82.03363,1,,,,,,,,,,,,,1,,,,,,,,,,,,,,,,,,,,0,,,,,,,,,,,,,,,,,,,,,,,,,,,,,,,,,,,,,,,,,,,,,,,,,,,,,,,,,,,,,,,,,,,,,,,,,,,,,
"2019+ RANGER 2.25 SPORT LEVEL SYSTEM",2019-ranger-2-25-sport-level-system,,195758,"2019+ RANGER 2.25 SPORT LEVEL SYSTEM","2019+ RANGER 2.25 SPORT LEVEL SYSTEM",publish,,0,"2025-10-21 01:34:35",52,open,15-04-21-400-002,,,no,no,,1737.99,,,,,,,instock,no,no,,no,taxable,,,,,,,'-1,'-1,,,"https://fuel1direct.com/wp-content/uploads/2025/10/15-04-21-400-002-jpg.jpg-filenameUTF-815-04-21-400-002-jpg.jpg ! alt :  ! title :  ! desc :  ! caption : ",,https://fuel1direct.com/product/2019-ranger-2-25%c2%9d-sport-level-system/,,"Falcon Shocks",simple,,"Trucks: Lifts Kits, Wheel Packages & Customization > Suspension & Lift Kits - Trucks > Shocks & Struts - Truck","Falcon Shocks",,,,,[4674],"Florida, United States",28.944465,'-82.03363,1,,,,1,,,,,,,,,1,,,,,,,,,,,,1,1,1,1,,,,,0,,,,,,,,,,,,,,,,,,,,,,,,,,,,,,,,,,,,,,,,,,,,,,,,,,,,,,,,,,,,,,,,,,,,,,,,,,,,,
"2004“14 HILUX 2.25 SPORT LEVEL SYSTEM",200414-hilux-2-25-sport-level-system,,195762,"2004“14 HILUX 2.25 SPORT LEVEL SYSTEM","2004“14 HILUX 2.25 SPORT LEVEL SYSTEM",publish,,0,"2025-10-21 01:34:44",52,open,16-04-21-400-002,,,no,no,,1737.99,,,,,,,instock,no,no,,no,taxable,,,,,,,'-1,'-1,,,"https://fuel1direct.com/wp-content/uploads/2025/10/16-04-21-400-002-jpg.jpg-filenameUTF-816-04-21-400-002-jpg.jpg ! alt :  ! title :  ! desc :  ! caption : ",,https://fuel1direct.com/product/200414-hilux-2-25%c2%9d-sport-level-system/,,"Falcon Shocks",simple,,"Trucks: Lifts Kits, Wheel Packages & Customization > Suspension & Lift Kits - Trucks > Shocks & Struts - Truck","Falcon Shocks",,,,,[4674],"Florida, United States",28.944465,'-82.03363,1,,,,2,,,,,,,,,1,,,,,,,,,,,,2,1,1,1,,,,,0,,,,,,,,,,,,,,,,,,,,,,,,,,,,,,,,,,,,,,,,,,,,,,,,,,,,,,,,,,,,,,,,,,,,,,,,,,,,,
"2015+ HILUX 2.25 SPORT LEVEL SYSTEM",2015-hilux-2-25-sport-level-system,,195766,"2015+ HILUX 2.25 SPORT LEVEL SYSTEM","2015+ HILUX 2.25 SPORT LEVEL SYSTEM",publish,,0,"2025-10-21 01:35:13",52,open,17-04-21-400-002,,,no,no,,1737.99,,,,,,,instock,no,no,,no,taxable,,,,,,,'-1,'-1,,,"https://fuel1direct.com/wp-content/uploads/2025/10/17-04-21-400-002-jpg.jpg-filenameUTF-817-04-21-400-002-jpg.jpg ! alt :  ! title :  ! desc :  ! caption : ",,https://fuel1direct.com/product/2015-hilux-2-25%c2%9d-sport-level-system/,,"Falcon Shocks",simple,,"Trucks: Lifts Kits, Wheel Packages & Customization > Suspension & Lift Kits - Trucks > Shocks & Struts - Truck","Falcon Shocks",,,,,[4674],"Florida, United States",28.944465,'-82.03363,1,,,,3,,,,,,,,,1,,,,,,,,,,,,2,1,2,2,,,,,0,,,,,,,,,,,,,,,,,,,,,,,,,,,,,,,,,,,,,,,,,,,,,,,,,,,,,,,,,,,,,,,,,,,,,,,,,,,,,
"'17+ F2/350 SMTH BDY 2.1 SNGL FRT 4""LIFT",17-f2-350-smth-bdy-2-1-sngl-frt-4lift,,195767,"'17+ F2/350 SMTH BDY 2.1 SNGL FRT 4""LIFT","'17+ F2/350 SMTH BDY 2.1 SNGL FRT 4""LIFT",publish,,0,"2025-10-21 01:35:15",52,open,18-01-21-310-400,,,no,no,,320.99,,,,,,,instock,no,no,,no,taxable,,,,,,,'-1,'-1,,,,,https://fuel1direct.com/product/17-f2-350-smth-bdy-2-1-sngl-frt-4lift/,,"Falcon Shocks",simple,,"Trucks: Lifts Kits, Wheel Packages & Customization > Suspension & Lift Kits - Trucks > Shocks & Struts - Truck","Falcon Shocks",,,,,[4674],"Florida, United States",28.944465,'-82.03363,1,,,,5,,,,,,,,,1,,,,,,,,,,,,5,1,3,3,,,,,0,,,,,,,,,,,,,,,,,,,,,,,,,,,,,,,,,,,,,,,,,,,,,,,,,,,,,,,,,,,,,,,,,,,,,,,,,,,,,
"'17+ F2/350 SMTH BDY 2.1 SNGL REAR 1-2""",17-f2-350-smth-bdy-2-1-sngl-rear-1-2,,195768,"'17+ F2/350 SMTH BDY 2.1 SNGL REAR 1-2""","'17+ F2/350 SMTH BDY 2.1 SNGL REAR 1-2""",publish,,0,"2025-10-21 01:35:18",52,open,18-01-32-320-002,,,no,no,,427.99,,,,,,,instock,no,no,,no,taxable,,,,,,,'-1,'-1,,,,,https://fuel1direct.com/product/17-f2-350-smth-bdy-2-1-sngl-rear-1-2/,,"Falcon Shocks",simple,,"Trucks: Lifts Kits, Wheel Packages & Customization > Suspension & Lift Kits - Trucks > Shocks & Struts - Truck","Falcon Shocks",,,,,[4674],"Florida, United States",28.944465,'-82.03363,1,,,,1,,,,,,,,,1,,,,,,,,,,,,1,1,1,1,,,,,0,,,,,,,,,,,,,,,,,,,,,,,,,,,,,,,,,,,,,,,,,,,,,,,,,,,,,,,,,,,,,,,,,,,,,,,,,,,,,
"2017+ F-250 SPORT KIT (0“2 LEVEL)",2017-f-250-sport-kit-02-level,,195772,"2017+ F-250 SPORT KIT (0“2 LEVEL)","2017+ F-250 SPORT KIT (0“2 LEVEL)",publish,,0,"2025-10-21 01:35:29",52,open,18-04-21-400-002,,,no,no,,991.99,,,,,,,instock,no,no,,no,taxable,,,,,,,'-1,'-1,,,"https://fuel1direct.com/wp-content/uploads/2025/10/18-04-21-400-002-jpg.jpg-filenameUTF-818-04-21-400-002-jpg.jpg ! alt :  ! title :  ! desc :  ! caption : ",,https://fuel1direct.com/product/2017-f-250-sport-kit-02%c2%9d-level/,,"Falcon Shocks",simple,,"Trucks: Lifts Kits, Wheel Packages & Customization > Suspension & Lift Kits - Trucks > Shocks & Struts - Truck","Falcon Shocks",,,,,[4674],"Florida, United States",28.944465,'-82.03363,1,,,,1,,,,,,,,,1,,,,,,,,,,,,1,1,1,1,,,,,0,,,,,,,,,,,,,,,,,,,,,,,,,,,,,,,,,,,,,,,,,,,,,,,,,,,,,,,,,,,,,,,,,,,,,,,,,,,,,
"2017+ F-250 E-T/H SHOCKS (0“2 LEVEL)",2017-f-250-e-t-h-shocks-02-level,,195773,"2017+ F-250 E-T/H SHOCKS (0“2 LEVEL)","2017+ F-250 E-T/H SHOCKS (0“2 LEVEL)",publish,,0,"2025-10-21 01:35:32",52,open,18-04-34-400-002,,,no,no,,1874.99,,,,,,,instock,no,no,,no,taxable,,,,,,,'-1,'-1,,,"https://fuel1direct.com/wp-content/uploads/2025/10/18-04-34-400-002-jpg.jpg-filenameUTF-818-04-34-400-002-jpg.jpg ! alt :  ! title :  ! desc :  ! caption : ",,https://fuel1direct.com/product/2017-f-250-e-t-h-shocks-02%c2%9d-level/,,"Falcon Shocks",simple,,"Trucks: Lifts Kits, Wheel Packages & Customization > Suspension & Lift Kits - Trucks > Shocks & Struts - Truck","Falcon Shocks",,,,,[4674],"Florida, United States",28.944465,'-82.03363,1,,,,2,,,,,,,,,1,,,,,,,,,,,,6,1,3,5,,,,,0,,,,,,,,,,,,,,,,,,,,,,,,,,,,,,,,,,,,,,,,,,,,,,,,,,,,,,,,,,,,,,,,,,,,,,,,,,,,,
"RL '19+ RAM1500 FLCN 3.3 DAMPER REAR LFT",rl-19-ram1500-flcn-3-3-damper-rear-lft,,195774,"RL '19+ RAM1500 FLCN 3.3 DAMPER REAR LFT","RL '19+ RAM1500 FLCN 3.3 DAMPER REAR LFT",publish,,0,"2025-10-21 01:35:34",52,open,19-01-33-321-600,,,no,no,,427.99,,,,,,,instock,no,no,,no,taxable,,,,,,,'-1,'-1,,,,,https://fuel1direct.com/product/rl-19-ram1500-flcn-3-3-damper-rear-lft/,,"Falcon Shocks",simple,,"Trucks: Lifts Kits, Wheel Packages & Customization > Suspension & Lift Kits - Trucks > Shocks & Struts - Truck","Falcon Shocks",,,,,[4674],"Florida, United States",28.944465,'-82.03363,1,,,,3,,,,,,,,,1,,,,,,,,,,,,4,1,1,2,,,,,0,,,,,,,,,,,,,,,,,,,,,,,,,,,,,,,,,,,,,,,,,,,,,,,,,,,,,,,,,,,,,,,,,,,,,,,,,,,,,
"RL '19+ RAM1500 FLCN 3.3 DAMPER REAR RT",rl-19-ram1500-flcn-3-3-damper-rear-rt,,195775,"RL '19+ RAM1500 FLCN 3.3 DAMPER REAR RT","RL '19+ RAM1500 FLCN 3.3 DAMPER REAR RT",publish,,0,"2025-10-21 01:35:44",52,open,19-01-33-322-600,,,no,no,,427.99,,,,,,,instock,no,no,,no,taxable,,,,,,,'-1,'-1,,,,,https://fuel1direct.com/product/rl-19-ram1500-flcn-3-3-damper-rear-rt/,,"Falcon Shocks",simple,,"Trucks: Lifts Kits, Wheel Packages & Customization > Suspension & Lift Kits - Trucks > Shocks & Struts - Truck","Falcon Shocks",,,,,[4674],"Florida, United States",28.944465,'-82.03363,1,,,,,,,,,,,,,1,,,,,,,,,,,,1,1,1,1,,,,,0,,,,,,,,,,,,,,,,,,,,,,,,,,,,,,,,,,,,,,,,,,,,,,,,,,,,,,,,,,,,,,,,,,,,,,,,,,,,,
"RL '19+ RAM1500 FLCN 3.3 COILOVER FR LFT",rl-19-ram1500-flcn-3-3-coilover-fr-lft,,195776,"RL '19+ RAM1500 FLCN 3.3 COILOVER FR LFT","RL '19+ RAM1500 FLCN 3.3 COILOVER FR LFT",publish,,0,"2025-10-21 01:35:57",52,open,19-03-33-311-600,,,no,no,,679.99,,,,,,,instock,no,no,,no,taxable,,,,,,,'-1,'-1,,,,,https://fuel1direct.com/product/rl-19-ram1500-flcn-3-3-coilover-fr-lft/,,"Falcon Shocks",simple,,"Trucks: Lifts Kits, Wheel Packages & Customization > Suspension & Lift Kits - Trucks > Shocks & Struts - Truck","Falcon Shocks",,,,,[4674],"Florida, United States",28.944465,'-82.03363,1,,,,2,,,,,,,,,1,,,,,,,,,,,,3,1,2,3,,,,,0,,,,,,,,,,,,,,,,,,,,,,,,,,,,,,,,,,,,,,,,,,,,,,,,,,,,,,,,,,,,,,,,,,,,,,,,,,,,,
"RL '19+ RAM1500 FLCN 3.3 COILOVER FRT RT",rl-19-ram1500-flcn-3-3-coilover-frt-rt,,195777,"RL '19+ RAM1500 FLCN 3.3 COILOVER FRT RT","RL '19+ RAM1500 FLCN 3.3 COILOVER FRT RT",publish,,0,"2025-10-21 01:36:00",52,open,19-03-33-312-600,,,no,no,,679.99,,,,,,,instock,no,no,,no,taxable,,,,,,,'-1,'-1,,,,,https://fuel1direct.com/product/rl-19-ram1500-flcn-3-3-coilover-frt-rt/,,"Falcon Shocks",simple,,"Trucks: Lifts Kits, Wheel Packages & Customization > Suspension & Lift Kits - Trucks > Shocks & Struts - Truck","Falcon Shocks",,,,,[4674],"Florida, United States",28.944465,'-82.03363,1,,,,2,,,,,,,,,1,,,,,,,,,,,,2,1,2,2,,,,,0,,,,,,,,,,,,,,,,,,,,,,,,,,,,,,,,,,,,,,,,,,,,,,,,,,,,,,,,,,,,,,,,,,,,,,,,,,,,,
"2019+ RAM 1500 2.25 T/H LEVEL SYSTEM",2019-ram-1500-2-25-t-h-level-system,,195778,"2019+ RAM 1500 2.25 T/H LEVEL SYSTEM","2019+ RAM 1500 2.25 T/H LEVEL SYSTEM",publish,,0,"2025-10-21 01:36:02",52,open,19-04-32-400-002,,,no,no,,1899.99,,,,,,,instock,no,no,,no,taxable,,,,,,,'-1,'-1,,,"https://fuel1direct.com/wp-content/uploads/2025/10/19-04-32-400-002-jpg.jpg-filenameUTF-819-04-32-400-002-jpg.jpg ! alt :  ! title :  ! desc :  ! caption : ",,https://fuel1direct.com/product/2019-ram-1500-2-25%c2%9d-t-h-level-system/,,"Falcon Shocks",simple,,"Trucks: Lifts Kits, Wheel Packages & Customization > Suspension & Lift Kits - Trucks > Shocks & Struts - Truck","Falcon Shocks",,,,,[4674],"Florida, United States",28.944465,'-82.03363,1,,,,4,,,,,,,,,1,,,,,,,,,,,,6,1,2,5,,,,,0,,,,,,,,,,,,,,,,,,,,,,,,,,,,,,,,,,,,,,,,,,,,,,,,,,,,,,,,,,,,,,,,,,,,,,,,,,,,,
"07+ SPRINTER 4X4 3.3 SHOCK REAR LEFT 0""",07-sprinter-4x4-3-3-shock-rear-left-0,,195779,"07+ SPRINTER 4X4 3.3 SHOCK REAR LEFT 0""","07+ SPRINTER 4X4 3.3 SHOCK REAR LEFT 0""",publish,,0,"2025-10-21 01:36:04",52,open,20-02-33-321-003,,,no,no,,549.99,,,,,,,instock,no,no,,no,taxable,,,,,,,'-1,'-1,,,,,https://fuel1direct.com/product/07-sprinter-4x4-3-3-shock-rear-left-0/,,"Falcon Shocks",simple,,"Trucks: Lifts Kits, Wheel Packages & Customization > Suspension & Lift Kits - Trucks > Shocks & Struts - Truck","Falcon Shocks",,,,,[4674],"Florida, United States",28.944465,'-82.03363,1,,,,2,,,,,,,,,1,,,,,,,,,,,,1,1,1,1,,,,,0,,,,,,,,,,,,,,,,,,,,,,,,,,,,,,,,,,,,,,,,,,,,,,,,,,,,,,,,,,,,,,,,,,,,,,,,,,,,,
"07+ SPRINTER 4X4 3.3 SHOCK REAR RIGHT 0""",07-sprinter-4x4-3-3-shock-rear-right-0,,195780,"07+ SPRINTER 4X4 3.3 SHOCK REAR RIGHT 0""","07+ SPRINTER 4X4 3.3 SHOCK REAR RIGHT 0""",publish,,0,"2025-10-21 01:36:08",52,open,20-02-33-322-003,,,no,no,,549.99,,,,,,,instock,no,no,,no,taxable,,,,,,,'-1,'-1,,,,,https://fuel1direct.com/product/07-sprinter-4x4-3-3-shock-rear-right-0/,,"Falcon Shocks",simple,,"Trucks: Lifts Kits, Wheel Packages & Customization > Suspension & Lift Kits - Trucks > Shocks & Struts - Truck","Falcon Shocks",,,,,[4674],"Florida, United States",28.944465,'-82.03363,1,,,,5,,,,,,,,,1,,,,,,,,,,,,7,1,3,5,,,,,0,,,,,,,,,,,,,,,,,,,,,,,,,,,,,,,,,,,,,,,,,,,,,,,,,,,,,,,,,,,,,,,,,,,,,,,,,,,,,
"19+ SPRINTER 4X4 3.3 STRUT FRONT LEFT 0""",19-sprinter-4x4-3-3-strut-front-left-0,,195781,"19+ SPRINTER 4X4 3.3 STRUT FRONT LEFT 0""","19+ SPRINTER 4X4 3.3 STRUT FRONT LEFT 0""",publish,,0,"2025-10-21 01:36:10",52,open,22-07-33-311-001,,,no,no,,1099.99,,,,,,,instock,no,no,,no,taxable,,,,,,,'-1,'-1,,,,,https://fuel1direct.com/product/19-sprinter-4x4-3-3-strut-front-left-0/,,"Falcon Shocks",simple,,"Trucks: Lifts Kits, Wheel Packages & Customization > Suspension & Lift Kits - Trucks > Shocks & Struts - Truck","Falcon Shocks",,,,,[4674],"Florida, United States",28.944465,'-82.03363,1,,,,4,,,,,,,,,1,,,,,,,,,,,,4,1,2,3,,,,,0,,,,,,,,,,,,,,,,,,,,,,,,,,,,,,,,,,,,,,,,,,,,,,,,,,,,,,,,,,,,,,,,,,,,,,,,,,,,,
"19+ SPRINTER 4X4 3.3 STRUT FRONT RIGHT 0",19-sprinter-4x4-3-3-strut-front-right-0,,195782,"19+ SPRINTER 4X4 3.3 STRUT FRONT RIGHT 0","19+ SPRINTER 4X4 3.3 STRUT FRONT RIGHT 0",publish,,0,"2025-10-21 01:36:13",52,open,22-07-33-312-001,,,no,no,,1099.99,,,,,,,instock,no,no,,no,taxable,,,,,,,'-1,'-1,,,,,https://fuel1direct.com/product/19-sprinter-4x4-3-3-strut-front-right-0/,,"Falcon Shocks",simple,,"Trucks: Lifts Kits, Wheel Packages & Customization > Suspension & Lift Kits - Trucks > Shocks & Struts - Truck","Falcon Shocks",,,,,[4674],"Florida, United States",28.944465,'-82.03363,1,,,,7,,,,,,,,,1,,,,,,,,,,,,6,1,6,6,,,,,0,,,,,,,,,,,,,,,,,,,,,,,,,,,,,,,,,,,,,,,,,,,,,,,,,,,,,,,,,,,,,,,,,,,,,,,,,,,,,
"FALCON STABILIZER TIE ROD CLAMP (1-1/2)",falcon-stabilizer-tie-rod-clamp-1-1-2,,195784,"FALCON STABILIZER TIE ROD CLAMP (1-1/2)","FALCON STABILIZER TIE ROD CLAMP (1-1/2)",publish,,0,"2025-10-21 01:36:19",52,open,23-03-04-006,,,no,no,,58.99,,,,,,,instock,no,no,,no,taxable,,,,,,,'-1,'-1,,,"https://fuel1direct.com/wp-content/uploads/2025/10/23-03-04-006-jpg.jpg-filenameUTF-823-03-04-006-jpg.jpg ! alt :  ! title :  ! desc :  ! caption : ",,https://fuel1direct.com/product/falcon-stabilizer-tie-rod-clamp-1-1-2%c2%9d/,,"Falcon Shocks",simple,,"Trucks: Lifts Kits, Wheel Packages & Customization > Suspension & Lift Kits - Trucks > Shocks & Struts - Truck","Falcon Shocks",,,,,[4674],"Florida, United States",28.944465,'-82.03363,1,,,,2,,,,,,,,,1,,,,,,,,,,,,5,1,2,2,,,,,0,,,,,,,,,,,,,,,,,,,,,,,,,,,,,,,,,,,,,,,,,,,,,,,,,,,,,,,,,,,,,,,,,,,,,,,,,,,,,
"BRONCO FALCON COILOVER 3.3 FR 3.5"" PAIR",bronco-falcon-coilover-3-3-fr-3-5-pair,,195785,"BRONCO FALCON COILOVER 3.3 FR 3.5"" PAIR","BRONCO FALCON COILOVER 3.3 FR 3.5"" PAIR",publish,,0,"2025-10-21 01:36:27",52,open,24-03-33-210-351,,,no,no,,2087.99,,,,,,,instock,no,no,,no,taxable,,,,,,,'-1,'-1,,,"https://fuel1direct.com/wp-content/uploads/2025/10/24-03-33-210-351-jpg.jpg-filenameUTF-824-03-33-210-351-jpg.jpg ! alt :  ! title :  ! desc :  ! caption : ",,https://fuel1direct.com/product/bronco-falcon-coilover-3-3-fr-3-5-pair/,,"Falcon Shocks",simple,,"Trucks: Lifts Kits, Wheel Packages & Customization > Suspension & Lift Kits - Trucks > Shocks & Struts - Truck","Falcon Shocks",,,,,[4674],"Florida, United States",28.944465,'-82.03363,1,,,,,,,,,,,,,1,,,,,,,,,,,,1,1,1,1,,,,,0,,,,,,,,,,,,,,,,,,,,,,,,,,,,,,,,,,,,,,,,,,,,,,,,,,,,,,,,,,,,,,,,,,,,,,,,,,,,,
"BRONCO COILOVER 3.3 FR PAIR 3.5"" / 35""S",bronco-coilover-3-3-fr-pair-3-5-35s,,195786,"BRONCO COILOVER 3.3 FR PAIR 3.5"" / 35""S","BRONCO COILOVER 3.3 FR PAIR 3.5"" / 35""S",publish,,0,"2025-10-21 01:36:41",52,open,24-03-33-210-352,,,no,no,,2087.99,,,,,,,instock,no,no,,no,taxable,,,,,,,'-1,'-1,,,"https://fuel1direct.com/wp-content/uploads/2025/10/24-03-33-210-352-jpg.jpg-filenameUTF-824-03-33-210-352-jpg.jpg ! alt :  ! title :  ! desc :  ! caption : ",,https://fuel1direct.com/product/bronco-coilover-3-3-fr-pair-3-5-35s/,,"Falcon Shocks",simple,,"Trucks: Lifts Kits, Wheel Packages & Customization > Suspension & Lift Kits - Trucks > Shocks & Struts - Truck","Falcon Shocks",,,,,[4674],"Florida, United States",28.944465,'-82.03363,1,,,,3,,,,,,,,,1,,,,,,,,,,,,4,1,1,4,,,,,0,,,,,,,,,,,,,,,,,,,,,,,,,,,,,,,,,,,,,,,,,,,,,,,,,,,,,,,,,,,,,,,,,,,,,,,,,,,,,
"BRONCO FALCON COILOVER 3.3 RR 3.5"" PAIR",bronco-falcon-coilover-3-3-rr-3-5-pair,,195787,"BRONCO FALCON COILOVER 3.3 RR 3.5"" PAIR","BRONCO FALCON COILOVER 3.3 RR 3.5"" PAIR",publish,,0,"2025-10-21 01:36:44",52,open,24-03-33-220-351,,,no,no,,2087.99,,,,,,,instock,no,no,,no,taxable,,,,,,,'-1,'-1,,,"https://fuel1direct.com/wp-content/uploads/2025/10/24-03-33-220-351-jpg.jpg-filenameUTF-824-03-33-220-351-jpg.jpg ! alt :  ! title :  ! desc :  ! caption : ",,https://fuel1direct.com/product/bronco-falcon-coilover-3-3-rr-3-5-pair/,,"Falcon Shocks",simple,,"Trucks: Lifts Kits, Wheel Packages & Customization > Suspension & Lift Kits - Trucks > Shocks & Struts - Truck","Falcon Shocks",,,,,[4674],"Florida, United States",28.944465,'-82.03363,1,,,,1,,,,,,,,,1,,,,,,,,,,,,3,1,1,3,,,,,0,,,,,,,,,,,,,,,,,,,,,,,,,,,,,,,,,,,,,,,,,,,,,,,,,,,,,,,,,,,,,,,,,,,,,,,,,,,,,
"BRONCO COILOVER 3.3 RR PAIR 3.5"" / 35""S",bronco-coilover-3-3-rr-pair-3-5-35s,,195788,"BRONCO COILOVER 3.3 RR PAIR 3.5"" / 35""S","BRONCO COILOVER 3.3 RR PAIR 3.5"" / 35""S",publish,,0,"2025-10-21 01:36:46",52,open,24-03-33-220-352,,,no,no,,2087.99,,,,,,,instock,no,no,,no,taxable,,,,,,,'-1,'-1,,,"https://fuel1direct.com/wp-content/uploads/2025/10/24-03-33-220-352-jpg.jpg-filenameUTF-824-03-33-220-352-jpg.jpg ! alt :  ! title :  ! desc :  ! caption : ",,https://fuel1direct.com/product/bronco-coilover-3-3-rr-pair-3-5-35s/,,"Falcon Shocks",simple,,"Trucks: Lifts Kits, Wheel Packages & Customization > Suspension & Lift Kits - Trucks > Shocks & Struts - Truck","Falcon Shocks",,,,,[4674],"Florida, United States",28.944465,'-82.03363,1,,,,,,,,,,,,,1,,,,,,,,,,,,1,1,1,1,,,,,0,,,,,,,,,,,,,,,,,,,,,,,,,,,,,,,,,,,,,,,,,,,,,,,,,,,,,,,,,,,,,,,,,,,,,,,,,,,,,
"BRONCO COILOVER 3.3 KIT ALL 4 3.5"" / 37""",bronco-coilover-3-3-kit-all-4-3-5-37,,195789,"BRONCO COILOVER 3.3 KIT ALL 4 3.5"" / 37""","BRONCO COILOVER 3.3 KIT ALL 4 3.5"" / 37""",publish,,0,"2025-10-21 01:36:48",52,open,24-03-33-400-351,,,no,no,,4175.99,,,,,,,instock,no,no,,no,taxable,,,,,,,'-1,'-1,,,"https://fuel1direct.com/wp-content/uploads/2025/10/24-03-33-400-351-jpg.jpg-filenameUTF-824-03-33-400-351-jpg.jpg ! alt :  ! title :  ! desc :  ! caption : ",,https://fuel1direct.com/product/bronco-coilover-3-3-kit-all-4-3-5-37/,,"Falcon Shocks",simple,,"Trucks: Lifts Kits, Wheel Packages & Customization > Suspension & Lift Kits - Trucks > Shocks & Struts - Truck","Falcon Shocks",,,,,[4674],"Florida, United States",28.944465,'-82.03363,1,,,,1,,,,,,,,,1,,,,,,,,,,,,2,1,1,1,,,,,0,,,,,,,,,,,,,,,,,,,,,,,,,,,,,,,,,,,,,,,,,,,,,,,,,,,,,,,,,,,,,,,,,,,,,,,,,,,,,
"BRONCO COILOVER 3.3 KIT ALL 4 3.5"" / 35""",bronco-coilover-3-3-kit-all-4-3-5-35,,195790,"BRONCO COILOVER 3.3 KIT ALL 4 3.5"" / 35""","BRONCO COILOVER 3.3 KIT ALL 4 3.5"" / 35""",publish,,0,"2025-10-21 01:36:51",52,open,24-03-33-400-352,,,no,no,,4175.99,,,,,,,instock,no,no,,no,taxable,,,,,,,'-1,'-1,,,"https://fuel1direct.com/wp-content/uploads/2025/10/24-03-33-400-352-jpg.jpg-filenameUTF-824-03-33-400-352-jpg.jpg ! alt :  ! title :  ! desc :  ! caption : ",,https://fuel1direct.com/product/bronco-coilover-3-3-kit-all-4-3-5-35/,,"Falcon Shocks",simple,,"Trucks: Lifts Kits, Wheel Packages & Customization > Suspension & Lift Kits - Trucks > Shocks & Struts - Truck","Falcon Shocks",,,,,[4674],"Florida, United States",28.944465,'-82.03363,1,,,,,,,,,,,,,1,,,,,,,,,,,,1,1,1,1,,,,,0,,,,,,,,,,,,,,,,,,,,,,,,,,,,,,,,,,,,,,,,,,,,,,,,,,,,,,,,,,,,,,,,,,,,,,,,,,,,,
"TUNDRA SHOCK 3.2 SNGL FINISH RR LEFT 3""",tundra-shock-3-2-sngl-finish-rr-left-3,,195791,"TUNDRA SHOCK 3.2 SNGL FINISH RR LEFT 3""","TUNDRA SHOCK 3.2 SNGL FINISH RR LEFT 3""",publish,,0,"2025-10-21 01:36:53",52,open,26-01-32-321-300,,,no,no,,374.99,,,,,,,instock,no,no,,no,taxable,,,,,,,'-1,'-1,,,,,https://fuel1direct.com/product/tundra-shock-3-2-sngl-finish-rr-left-3/,,"Falcon Shocks",simple,,"Trucks: Lifts Kits, Wheel Packages & Customization > Suspension & Lift Kits - Trucks > Shocks & Struts - Truck","Falcon Shocks",,,,,[4674],"Florida, United States",28.944465,'-82.03363,1,,,,5,,,,,,,,,1,,,,,,,,,,,,8,1,1,5,,,,,0,,,,,,,,,,,,,,,,,,,,,,,,,,,,,,,,,,,,,,,,,,,,,,,,,,,,,,,,,,,,,,,,,,,,,,,,,,,,,
"TUNDRA SHOCK 3.2 SNGL FINISH RR RIGHT 3""",tundra-shock-3-2-sngl-finish-rr-right-3,,195792,"TUNDRA SHOCK 3.2 SNGL FINISH RR RIGHT 3""","TUNDRA SHOCK 3.2 SNGL FINISH RR RIGHT 3""",publish,,0,"2025-10-21 01:36:56",52,open,26-01-32-322-300,,,no,no,,374.99,,,,,,,instock,no,no,,no,taxable,,,,,,,'-1,'-1,,,,,https://fuel1direct.com/product/tundra-shock-3-2-sngl-finish-rr-right-3/,,"Falcon Shocks",simple,,"Trucks: Lifts Kits, Wheel Packages & Customization > Suspension & Lift Kits - Trucks > Shocks & Struts - Truck","Falcon Shocks",,,,,[4674],"Florida, United States",28.944465,'-82.03363,1,,,,2,,,,,,,,,1,,,,,,,,,,,,4,1,3,3,,,,,0,,,,,,,,,,,,,,,,,,,,,,,,,,,,,,,,,,,,,,,,,,,,,,,,,,,,,,,,,,,,,,,,,,,,,,,,,,,,,
"JK FALCON BO SHOCK SKID PLATE KIT “ REAR",jk-falcon-bo-shock-skid-plate-kit-rear,,195799,"JK FALCON BO SHOCK SKID PLATE KIT “ REAR","JK FALCON BO SHOCK SKID PLATE KIT “ REAR",publish,,0,"2025-10-21 01:37:33",52,open,36-07-01-200,,,no,no,,119.99,,,,,,,instock,no,no,,no,taxable,,,,,,,'-1,'-1,,,"https://fuel1direct.com/wp-content/uploads/2025/10/36-07-01-200-jpg.jpg-filenameUTF-836-07-01-200-jpg.jpg ! alt :  ! title :  ! desc :  ! caption : ",,https://fuel1direct.com/product/jk-falcon-bo-shock-skid-plate-kit-rear/,,"Falcon Shocks",simple,,"Trucks: Lifts Kits, Wheel Packages & Customization > Suspension & Lift Kits - Trucks > Shocks & Struts - Truck","Falcon Shocks",,,,,[4674],"Florida, United States",28.944465,'-82.03363,1,,,,4,,,,,,,,,1,,,,,,,,,,,,4,1,2,2,,,,,0,,,,,,,,,,,,,,,,,,,,,,,,,,,,,,,,,,,,,,,,,,,,,,,,,,,,,,,,,,,,,,,,,,,,,,,,,,,,,
"JK FALCON HD SHOCK SKID PLATE KIT “ REAR",jk-falcon-hd-shock-skid-plate-kit-rear,,195800,"JK FALCON HD SHOCK SKID PLATE KIT “ REAR","JK FALCON HD SHOCK SKID PLATE KIT “ REAR",publish,,0,"2025-10-21 01:37:35",52,open,36-07-01-300,,,no,no,,223.99,,,,,,,instock,no,no,,no,taxable,,,,,,,'-1,'-1,,,"https://fuel1direct.com/wp-content/uploads/2025/10/36-07-01-300-jpg.jpg-filenameUTF-836-07-01-300-jpg.jpg ! alt :  ! title :  ! desc :  ! caption : ",,https://fuel1direct.com/product/jk-falcon-hd-shock-skid-plate-kit-rear/,,"Falcon Shocks",simple,,"Trucks: Lifts Kits, Wheel Packages & Customization > Suspension & Lift Kits - Trucks > Shocks & Struts - Truck","Falcon Shocks",,,,,[4674],"Florida, United States",28.944465,'-82.03363,1,,,,3,,,,,,,,,1,,,,,,,,,,,,3,1,2,3,,,,,0,,,,,,,,,,,,,,,,,,,,,,,,,,,,,,,,,,,,,,,,,,,,,,,,,,,,,,,,,,,,,,,,,,,,,,,,,,,,,
"BRKT JEEP 4XE FR SPEAKER RELOCATION KIT",brkt-jeep-4xe-fr-speaker-relocation-kit,,195801,"BRKT JEEP 4XE FR SPEAKER RELOCATION KIT","BRKT JEEP 4XE FR SPEAKER RELOCATION KIT",publish,,0,"2025-10-21 01:37:38",52,open,36-07-02-100,,,no,no,,42.99,,,,,,,instock,no,no,,no,taxable,,,,,,,'-1,'-1,,,"https://fuel1direct.com/wp-content/uploads/2025/10/36-07-02-100-jpg.jpg-filenameUTF-836-07-02-100-jpg.jpg ! alt :  ! title :  ! desc :  ! caption : ",,https://fuel1direct.com/product/brkt-jeep-4xe-fr-speaker-relocation-kit/,,"Falcon Shocks",simple,,"Trucks: Lifts Kits, Wheel Packages & Customization > Suspension & Lift Kits - Trucks > Shocks & Struts - Truck","Falcon Shocks",,,,,[4674],"Florida, United States",28.944465,'-82.03363,1,,,,1,,,,,,,,,1,,,,,,,,,,,,2,1,1,1,,,,,0,,,,,,,,,,,,,,,,,,,,,,,,,,,,,,,,,,,,,,,,,,,,,,,,,,,,,,,,,,,,,,,,,,,,,,,,,,,,,
"GM 2500/3500 1.1 SHK FR 6"" RLS 93-3050F",gm-2500-3500-1-1-shk-fr-6-rls-93-3050f,,195802,"GM 2500/3500 1.1 SHK FR 6"" RLS 93-3050F","GM 2500/3500 1.1 SHK FR 6"" RLS 93-3050F",publish,,0,"2025-10-21 01:37:40",52,open,41-01-11-310-600,,,no,no,,115,,,,,,,instock,no,no,,no,taxable,,,,,,,'-1,'-1,,,"https://fuel1direct.com/wp-content/uploads/2025/10/41-01-11-310-600-jpg.jpg-filenameUTF-841-01-11-310-600-jpg.jpg ! alt :  ! title :  ! desc :  ! caption : ",,https://fuel1direct.com/product/gm-2500-3500-1-1-shk-fr-6-rls-93-3050f/,,"Falcon Shocks",simple,,"Trucks: Lifts Kits, Wheel Packages & Customization > Suspension & Lift Kits - Trucks > Shocks & Struts - Truck","Falcon Shocks",,,,,[4674],"Florida, United States",28.944465,'-82.03363,1,,,,3,,,,,,,,,1,,,,,,,,,,,,3,1,2,2,,,,,0,,,,,,,,,,,,,,,,,,,,,,,,,,,,,,,,,,,,,,,,,,,,,,,,,,,,,,,,,,,,,,,,,,,,,,,,,,,,,
"GM 2500/3500 1.1 SHK RR 6"" RLS 93-3050R",gm-2500-3500-1-1-shk-rr-6-rls-93-3050r,,195803,"GM 2500/3500 1.1 SHK RR 6"" RLS 93-3050R","GM 2500/3500 1.1 SHK RR 6"" RLS 93-3050R",publish,,0,"2025-10-21 01:37:42",52,open,41-01-11-320-600,,,no,no,,115,,,,,,,instock,no,no,,no,taxable,,,,,,,'-1,'-1,,,"https://fuel1direct.com/wp-content/uploads/2025/10/41-01-11-320-600-jpg.jpg-filenameUTF-841-01-11-320-600-jpg.jpg ! alt :  ! title :  ! desc :  ! caption : ",,https://fuel1direct.com/product/gm-2500-3500-1-1-shk-rr-6-rls-93-3050r/,,"Falcon Shocks",simple,,"Trucks: Lifts Kits, Wheel Packages & Customization > Suspension & Lift Kits - Trucks > Shocks & Struts - Truck","Falcon Shocks",,,,,[4674],"Florida, United States",28.944465,'-82.03363,1,,,,4,,,,,,,,,1,,,,,,,,,,,,5,1,3,3,,,,,0,,,,,,,,,,,,,,,,,,,,,,,,,,,,,,,,,,,,,,,,,,,,,,,,,,,,,,,,,,,,,,,,,,,,,,,,,,,,,
"GM HD 2.1 FRNT SHK 11-19 TOW/HAUL 3"" LFT",gm-hd-2-1-frnt-shk-11-19-tow-haul-3-lft,,195806,"GM HD 2.1 FRNT SHK 11-19 TOW/HAUL 3"" LFT","GM HD 2.1 FRNT SHK 11-19 TOW/HAUL 3"" LFT",publish,,0,"2025-10-21 01:38:05",52,open,42-01-21-310-300,,,no,no,,213.99,,,,,,,instock,no,no,,no,taxable,,,,,,,'-1,'-1,,,,,https://fuel1direct.com/product/gm-hd-2-1-frnt-shk-11-19-tow-haul-3-lft/,,"Falcon Shocks",simple,,"Trucks: Lifts Kits, Wheel Packages & Customization > Suspension & Lift Kits - Trucks > Shocks & Struts - Truck","Falcon Shocks",,,,,[4674],"Florida, United States",28.944465,'-82.03363,1,,,,3,,,,,,,,,1,,,,,,,,,,,,4,1,1,3,,,,,0,,,,,,,,,,,,,,,,,,,,,,,,,,,,,,,,,,,,,,,,,,,,,,,,,,,,,,,,,,,,,,,,,,,,,,,,,,,,,
"GM HD 2.1 REAR SHK 11-19 TOW/HAUL 3"" LFT",gm-hd-2-1-rear-shk-11-19-tow-haul-3-lft,,195808,"GM HD 2.1 REAR SHK 11-19 TOW/HAUL 3"" LFT","GM HD 2.1 REAR SHK 11-19 TOW/HAUL 3"" LFT",publish,,0,"2025-10-21 01:38:10",52,open,42-01-32-320-300,,,no,no,,320.99,,,,,,,instock,no,no,,no,taxable,,,,,,,'-1,'-1,,,,,https://fuel1direct.com/product/gm-hd-2-1-rear-shk-11-19-tow-haul-3-lft/,,"Falcon Shocks",simple,,"Trucks: Lifts Kits, Wheel Packages & Customization > Suspension & Lift Kits - Trucks > Shocks & Struts - Truck","Falcon Shocks",,,,,[4674],"Florida, United States",28.944465,'-82.03363,1,,,,2,,,,,,,,,1,,,,,,,,,,,,5,2,2,3,,,,,0,,,,,,,,,,,,,,,,,,,,,,,,,,,,,,,,,,,,,,,,,,,,,,,,,,,,,,,,,,,,,,,,,,,,,,,,,,,,,
"'20+ GM HD SMOOTH BODY 3.3 REAR 8"" LIFT",20-gm-hd-smooth-body-3-3-rear-8-lift,,195811,"'20+ GM HD SMOOTH BODY 3.3 REAR 8"" LIFT","'20+ GM HD SMOOTH BODY 3.3 REAR 8"" LIFT",publish,,0,"2025-10-21 01:38:17",52,open,42-01-33-320-800,,,no,no,,375,,,,,,,instock,no,no,,no,taxable,,,,,,,'-1,'-1,,,,,https://fuel1direct.com/product/20-gm-hd-smooth-body-3-3-rear-8-lift/,,"Falcon Shocks",simple,,"Trucks: Lifts Kits, Wheel Packages & Customization > Suspension & Lift Kits - Trucks > Shocks & Struts - Truck","Falcon Shocks",,,,,[4674],"Florida, United States",28.944465,'-82.03363,1,,,,3,,,,,,,,,1,,,,,,,,,,,,5,1,1,4,,,,,0,,,,,,,,,,,,,,,,,,,,,,,,,,,,,,,,,,,,,,,,,,,,,,,,,,,,,,,,,,,,,,,,,,,,,,,,,,,,,
"GM HD SMTH BDY RMOTE RESI 3.3 FRT LFT 8""",gm-hd-smth-bdy-rmote-resi-3-3-frt-lft-8,,195816,"GM HD SMTH BDY RMOTE RESI 3.3 FRT LFT 8""","GM HD SMTH BDY RMOTE RESI 3.3 FRT LFT 8""",publish,,0,"2025-10-21 01:38:48",52,open,42-09-33-311-800,,,no,no,,450,,,,,,,instock,no,no,,no,taxable,,,,,,,'-1,'-1,,,,,https://fuel1direct.com/product/gm-hd-smth-bdy-rmote-resi-3-3-frt-lft-8/,,"Falcon Shocks",simple,,"Trucks: Lifts Kits, Wheel Packages & Customization > Suspension & Lift Kits - Trucks > Shocks & Struts - Truck","Falcon Shocks",,,,,[4674],"Florida, United States",28.944465,'-82.03363,1,,,,2,,,,,,,,,1,,,,,,,,,,,,2,1,1,1,,,,,0,,,,,,,,,,,,,,,,,,,,,,,,,,,,,,,,,,,,,,,,,,,,,,,,,,,,,,,,,,,,,,,,,,,,,,,,,,,,,
"GM HD SMTH BDY RMOTE RESI 3.3 FRT RT 8""",gm-hd-smth-bdy-rmote-resi-3-3-frt-rt-8,,195817,"GM HD SMTH BDY RMOTE RESI 3.3 FRT RT 8""","GM HD SMTH BDY RMOTE RESI 3.3 FRT RT 8""",publish,,0,"2025-10-21 01:38:50",52,open,42-09-33-312-800,,,no,no,,450,,,,,,,instock,no,no,,no,taxable,,,,,,,'-1,'-1,,,,,https://fuel1direct.com/product/gm-hd-smth-bdy-rmote-resi-3-3-frt-rt-8/,,"Falcon Shocks",simple,,"Trucks: Lifts Kits, Wheel Packages & Customization > Suspension & Lift Kits - Trucks > Shocks & Struts - Truck","Falcon Shocks",,,,,[4674],"Florida, United States",28.944465,'-82.03363,1,,,,2,,,,,,,,,1,,,,,,,,,,,,3,1,2,3,,,,,0,,,,,,,,,,,,,,,,,,,,,,,,,,,,,,,,,,,,,,,,,,,,,,,,,,,,,,,,,,,,,,,,,,,,,,,,,,,,,
"19+ RAM SMTH BDY 2.1 SNGL FNSH FRNT 3"" L",19-ram-smth-bdy-2-1-sngl-fnsh-frnt-3-l,,195818,"19+ RAM SMTH BDY 2.1 SNGL FNSH FRNT 3"" L","19+ RAM SMTH BDY 2.1 SNGL FNSH FRNT 3"" L",publish,,0,"2025-10-21 01:38:53",52,open,44-01-21-310-300,,,no,no,,300,,,,,,,instock,no,no,,no,taxable,,,,,,,'-1,'-1,,,,,https://fuel1direct.com/product/19-ram-smth-bdy-2-1-sngl-fnsh-frnt-3-l/,,"Falcon Shocks",simple,,"Trucks: Lifts Kits, Wheel Packages & Customization > Suspension & Lift Kits - Trucks > Shocks & Struts - Truck","Falcon Shocks",,,,,[4674],"Florida, United States",28.944465,'-82.03363,1,,,,2,,,,,,,,,1,,,,,,,,,,,,6,3,3,3,,,,,0,,,,,,,,,,,,,,,,,,,,,,,,,,,,,,,,,,,,,,,,,,,,,,,,,,,,,,,,,,,,,,,,,,,,,,,,,,,,,
"19+ RAM SMTH BDY 3.2 SNGL FNSH REAR 3"" L",19-ram-smth-bdy-3-2-sngl-fnsh-rear-3-l,,195819,"19+ RAM SMTH BDY 3.2 SNGL FNSH REAR 3"" L","19+ RAM SMTH BDY 3.2 SNGL FNSH REAR 3"" L",publish,,0,"2025-10-21 01:38:55",52,open,44-01-32-320-300,,,no,no,,400,,,,,,,instock,no,no,,no,taxable,,,,,,,'-1,'-1,,,,,https://fuel1direct.com/product/19-ram-smth-bdy-3-2-sngl-fnsh-rear-3-l/,,"Falcon Shocks",simple,,"Trucks: Lifts Kits, Wheel Packages & Customization > Suspension & Lift Kits - Trucks > Shocks & Struts - Truck","Falcon Shocks",,,,,[4674],"Florida, United States",28.944465,'-82.03363,1,,,,2,,,,,,,,,1,,,,,,,,,,,,4,1,1,2,,,,,0,,,,,,,,,,,,,,,,,,,,,,,,,,,,,,,,,,,,,,,,,,,,,,,,,,,,,,,,,,,,,,,,,,,,,,,,,,,,,
"RAM 2500/3500 1.1 SHK FR 6 93-19620F",ram-2500-3500-1-1-shk-fr-6-93-19620f,,195824,"RAM 2500/3500 1.1 SHK FR 6 93-19620F","RAM 2500/3500 1.1 SHK FR 6 93-19620F",publish,,0,"2025-10-21 01:39:09",52,open,45-01-11-310-600,,,no,no,,115,,,,,,,instock,no,no,,no,taxable,,,,,,,'-1,'-1,,,"https://fuel1direct.com/wp-content/uploads/2025/10/45-01-11-310-600-jpg.jpg-filenameUTF-845-01-11-310-600-jpg.jpg ! alt :  ! title :  ! desc :  ! caption : ",,https://fuel1direct.com/product/ram-2500-3500-1-1-shk-fr-6%c2%9d-93-19620f/,,"Falcon Shocks",simple,,"Trucks: Lifts Kits, Wheel Packages & Customization > Suspension & Lift Kits - Trucks > Shocks & Struts - Truck","Falcon Shocks",,,,,[4674],"Florida, United States",28.944465,'-82.03363,1,,,,1,,,,,,,,,1,,,,,,,,,,,,2,1,1,1,,,,,0,,,,,,,,,,,,,,,,,,,,,,,,,,,,,,,,,,,,,,,,,,,,,,,,,,,,,,,,,,,,,,,,,,,,,,,,,,,,,
"TACOMA 4G FALCON COILOVER T/H KIT",tacoma-4g-falcon-coilover-t-h-kit,,195832,"TACOMA 4G FALCON COILOVER T/H KIT","TACOMA 4G FALCON COILOVER T/H KIT",publish,,0,"2025-10-21 01:39:42",52,open,46-04-32-400-002,,,no,no,,2199.99,,,,,,,instock,no,no,,no,taxable,,,,,,,'-1,'-1,,,,,https://fuel1direct.com/product/tacoma-4g-falcon-coilover-t-h-kit/,,"Falcon Shocks",simple,,"Trucks: Lifts Kits, Wheel Packages & Customization > Suspension & Lift Kits - Trucks > Shocks & Struts - Truck","Falcon Shocks",,,,,[4674],"Florida, United States",28.944465,'-82.03363,1,,,,3,,,,,,,,,1,,,,,,,,,,,,3,1,1,1,,,,,0,,,,,,,,,,,,,,,,,,,,,,,,,,,,,,,,,,,,,,,,,,,,,,,,,,,,,,,,,,,,,,,,,,,,,,,,,,,,,
"JL/JT FALCON 3.5 ADAPT HARNESS/PCB KIT",jl-jt-falcon-3-5-adapt-harness-pcb-kit,,195836,"JL/JT FALCON 3.5 ADAPT HARNESS/PCB KIT","JL/JT FALCON 3.5 ADAPT HARNESS/PCB KIT",publish,,0,"2025-10-21 01:40:10",52,open,59-09-06-001,,,no,no,,599.99,,,,,,,instock,no,no,,no,taxable,,,,,,,'-1,'-1,,,"https://fuel1direct.com/wp-content/uploads/2025/10/59-09-06-001-jpg.jpg-filenameUTF-859-09-06-001-jpg.jpg ! alt :  ! title :  ! desc :  ! caption : ",,https://fuel1direct.com/product/jl-jt-falcon-3-5-adapt-harness-pcb-kit/,,"Falcon Shocks",simple,,"Trucks: Lifts Kits, Wheel Packages & Customization > Suspension & Lift Kits - Trucks > Shocks & Struts - Truck","Falcon Shocks",,,,,[4674],"Florida, United States",28.944465,'-82.03363,1,,,,2,,,,,,,,,1,,,,,,,,,,,,3,1,2,2,,,,,0,,,,,,,,,,,,,,,,,,,,,,,,,,,,,,,,,,,,,,,,,,,,,,,,,,,,,,,,,,,,,,,,,,,,,,,,,,,,,
"JL/JT FALCON 3.5E-ADJUST HARNESS/PCB KIT",jl-jt-falcon-3-5e-adjust-harness-pcb-kit,,195837,"JL/JT FALCON 3.5E-ADJUST HARNESS/PCB KIT","JL/JT FALCON 3.5E-ADJUST HARNESS/PCB KIT",publish,,0,"2025-10-21 01:40:12",52,open,59-09-06-002,,,no,no,,267.99,,,,,,,instock,no,no,,no,taxable,,,,,,,'-1,'-1,,,"https://fuel1direct.com/wp-content/uploads/2025/10/59-09-06-002-jpg.jpg-filenameUTF-859-09-06-002-jpg.jpg ! alt :  ! title :  ! desc :  ! caption : ",,https://fuel1direct.com/product/jl-jt-falcon-3-5e-adjust-harness-pcb-kit/,,"Falcon Shocks",simple,,"Trucks: Lifts Kits, Wheel Packages & Customization > Suspension & Lift Kits - Trucks > Shocks & Struts - Truck","Falcon Shocks",,,,,[4674],"Florida, United States",28.944465,'-82.03363,1,,,,5,,,,,,,,,1,,,,,,,,,,,,7,1,5,5,,,,,0,,,,,,,,,,,,,,,,,,,,,,,,,,,,,,,,,,,,,,,,,,,,,,,,,,,,,,,,,,,,,,,,,,,,,,,,,,,,,
"BUSHING KIT JT MOJAVE VULCANIZED / FR",bushing-kit-jt-mojave-vulcanized-fr,,195838,"BUSHING KIT JT MOJAVE VULCANIZED / FR","BUSHING KIT JT MOJAVE VULCANIZED / FR",publish,,0,"2025-10-21 01:40:14",52,open,61-99-01-001,,,no,no,,53.99,,,,,,,instock,no,no,,no,taxable,,,,,,,'-1,'-1,,,"https://fuel1direct.com/wp-content/uploads/2025/10/61-99-01-001-jpg.jpg-filenameUTF-861-99-01-001-jpg.jpg ! alt :  ! title :  ! desc :  ! caption : ",,https://fuel1direct.com/product/bushing-kit-jt-mojave-vulcanized-fr/,,"Falcon Shocks",simple,,"Trucks: Lifts Kits, Wheel Packages & Customization > Suspension & Lift Kits - Trucks > Shocks & Struts - Truck","Falcon Shocks",,,,,[4674],"Florida, United States",28.944465,'-82.03363,1,,,,1,,,,,,,,,1,,,,,,,,,,,,3,1,2,2,,,,,0,,,,,,,,,,,,,,,,,,,,,,,,,,,,,,,,,,,,,,,,,,,,,,,,,,,,,,,,,,,,,,,,,,,,,,,,,,,,,
"FALCON STABILIZER TIE ROD CLAMP (1-5/8)",falcon-stabilizer-tie-rod-clamp-1-5-8,,195839,"FALCON STABILIZER TIE ROD CLAMP (1-5/8)","FALCON STABILIZER TIE ROD CLAMP (1-5/8)",publish,,0,"2025-10-21 01:40:17",52,open,99-01-01-158,,,no,no,,58.99,,,,,,,instock,no,no,,no,taxable,,,,,,,'-1,'-1,,,"https://fuel1direct.com/wp-content/uploads/2025/10/99-01-01-158-jpg.jpg-filenameUTF-899-01-01-158-jpg.jpg ! alt :  ! title :  ! desc :  ! caption : ",,https://fuel1direct.com/product/falcon-stabilizer-tie-rod-clamp-1-5-8%c2%9d/,,"Falcon Shocks",simple,,"Trucks: Lifts Kits, Wheel Packages & Customization > Suspension & Lift Kits - Trucks > Shocks & Struts - Truck","Falcon Shocks",,,,,[4674],"Florida, United States",28.944465,'-82.03363,1,,,,3,,,,,,,,,1,,,,,,,,,,,,4,1,1,1,,,,,0,,,,,,,,,,,,,,,,,,,,,,,,,,,,,,,,,,,,,,,,,,,,,,,,,,,,,,,,,,,,,,,,,,,,,,,,,,,,,
"2005+ TACOMA 1.25 LIFT LEAF BLOCK “REAR",2005-tacoma-1-25-lift-leaf-block-rear,,195840,"2005+ TACOMA 1.25 LIFT LEAF BLOCK “REAR","2005+ TACOMA 1.25 LIFT LEAF BLOCK “REAR",publish,,0,"2025-10-21 01:40:19",52,open,99-99-08-200-006,,,no,no,,131.99,,,,,,,instock,no,no,,no,taxable,,,,,,,'-1,'-1,,,"https://fuel1direct.com/wp-content/uploads/2025/10/99-99-08-200-006-jpg.jpg-filenameUTF-899-99-08-200-006-jpg.jpg ! alt :  ! title :  ! desc :  ! caption : ",,https://fuel1direct.com/product/2005-tacoma-1-25%c2%9d-lift-leaf-block-rear/,,"Falcon Shocks",simple,,"Trucks: Lifts Kits, Wheel Packages & Customization > Suspension & Lift Kits - Trucks > Shocks & Struts - Truck","Falcon Shocks",,,,,[4674],"Florida, United States",28.944465,'-82.03363,1,,,,3,,,,,,,,,1,,,,,,,,,,,,7,1,2,6,,,,,0,,,,,,,,,,,,,,,,,,,,,,,,,,,,,,,,,,,,,,,,,,,,,,,,,,,,,,,,,,,,,,,,,,,,,,,,,,,,,
"4"" SST Lift Kit - Dodge Ram 1500 4WD 2009-2025 With Bilstein Rear Shocks",4-sst-lift-kit-dodge-ram-1500-4wd-2009-2025-with-bilstein-rear-shocks,,215248,"The 4"" SST Lift Kit - Dodge Ram 1500 4WD 2009-2025 With Bilstein Rear Shocks delivers reliable performance and a bold lifted look for your truck. Built from premium materials for long-lasting durability, it improves clearance and off-road handling. Includes key components for easy installation. Engineered for a precise fit and professional-quality ride whether you’re on the highway or trail. WARNING: This product can expose you to chemicals including Di(2-ethylhexyl)phthalate (DEHP), which is known to the State of California to cause cancer, and birth defects or other reproductive harm. For more information go to www.P65Warnings.ca.gov/product.","4"" SST Lift Kit - Dodge Ram 1500 4WD 2009-2025 With Bilstein Rear Shocks — enhances your truck’s stance, performance, and ride quality. Perfect fit for Lift.",publish,,0,"2025-10-30 20:35:16",52,open," 69-1041",,,no,no,,1049.95,,,,,,,instock,no,no,,no,taxable,,,,,,,'-1,'-1,,,"https://fuel1direct.com/wp-content/uploads/2025/10/69-1041_2019_1100.jpg ! alt :  ! title :  ! desc :  ! caption : ",,https://fuel1direct.com/product/4-sst-lift-kit-dodge-ram-1500-4wd-2009-2025-with-bilstein-rear-shocks/,,ReadyLift,simple,,"Trucks: Lifts Kits, Wheel Packages & Customization > Suspension & Lift Kits - Trucks > Shocks & Struts - Truck",ReadyLift,,,,,[4674],"Florida, United States",28.944465,'-82.03363,1,,,,5,,,,,,,,,1,,,,,,,,,,,,5,1,3,4,,,,,0,,,,,,,,,,,,,,,,,,,,,,,,,,,,,,,,,,,,,,,,,,,,,,,,,,,,,,,,,,,,,,,,,,,,,,,,,,,,,
"4"" SST Lift Kit - Dodge Ram 1500 4WD 2009-2025 Classic With Falcon 1.1 Monotube Rear Shocks",4-sst-lift-kit-dodge-ram-1500-4wd-2009-2025-classic-with-falcon-1-1-monotube-rear-shocks,,215249,"The 4"" SST Lift Kit - Dodge Ram 1500 4WD 2009-2025 Classic With Falcon 1.1 Monotube Rear Shocks delivers reliable performance and a bold lifted look for your truck. Built from premium materials for long-lasting durability, it improves clearance and off-road handling. Includes key components for easy installation. Engineered for a precise fit and professional-quality ride whether you’re on the highway or trail. WARNING: This product can expose you to chemicals including Di(2-ethylhexyl)phthalate (DEHP), which is known to the State of California to cause cancer, and birth defects or other reproductive harm. For more information go to www.P65Warnings.ca.gov/product.","4"" SST Lift Kit - Dodge Ram 1500 4WD 2009-2025 Classic With Falcon 1.1 Monotube Rear Shocks — enhances your truck’s stance, performance, and ride quality. Perfect fit for Lift.",publish,,0,"2025-10-30 20:35:18",52,open," 69-10410",,,no,no,,1049.95,,,,,,,instock,no,no,,no,taxable,,,,,,,'-1,'-1,,,"https://fuel1direct.com/wp-content/uploads/2025/10/69-10410.jpg ! alt :  ! title :  ! desc :  ! caption : ",,https://fuel1direct.com/product/4-sst-lift-kit-dodge-ram-1500-4wd-2009-2025-classic-with-falcon-1-1-monotube-rear-shocks/,,ReadyLift,simple,,"Trucks: Lifts Kits, Wheel Packages & Customization > Suspension & Lift Kits - Trucks > Shocks & Struts - Truck",ReadyLift,,,,,[4674],"Florida, United States",28.944465,'-82.03363,1,,,,6,,,,,,,,,1,,,,,,,,,,,,9,1,1,7,,,,,0,,,,,,,,,,,,,,,,,,,,,,,,,,,,,,,,,,,,,,,,,,,,,,,,,,,,,,,,,,,,,,,,,,,,,,,,,,,,,
"4""F / 2""R SST Lift Kit With Rear Falcon Shocks - Toyota Tundra 2007-2021",4f-2r-sst-lift-kit-with-rear-falcon-shocks-toyota-tundra-2007-2021,,215265,"The 4""F / 2""R SST Lift Kit With Rear Falcon Shocks - Toyota Tundra 2007-2021 delivers reliable performance and a bold lifted look for your truck. Built from premium materials for long-lasting durability, it improves clearance and off-road handling. Engineered for a precise fit and professional-quality ride whether you’re on the highway or trail. WARNING: This product can expose you to chemicals including Di(2-ethylhexyl)phthalate (DEHP), which is known to the State of California to cause cancer, and birth defects or other reproductive harm. For more information go to www.P65Warnings.ca.gov/product.","4""F / 2""R SST Lift Kit With Rear Falcon Shocks - Toyota Tundra 2007-2021 — enhances your truck’s stance, performance, and ride quality. Perfect fit for Lift.",publish,,0,"2025-10-30 20:36:26",52,open," 69-54750",,,no,no,,1369.95,,,,,,,instock,no,no,,no,taxable,,,,,,,'-1,'-1,,,"https://fuel1direct.com/wp-content/uploads/2025/10/69-54750_1.jpg ! alt :  ! title :  ! desc :  ! caption : ",,https://fuel1direct.com/product/4f-2r-sst-lift-kit-with-rear-falcon-shocks-toyota-tundra-2007-2021/,,ReadyLift,simple,,"Trucks: Lifts Kits, Wheel Packages & Customization > Suspension & Lift Kits - Trucks > Shocks & Struts - Truck",ReadyLift,,,,,[4674],"Florida, United States",28.944465,'-82.03363,1,,,,4,,,,,,,,,1,,,,,,,,,,,,7,1,1,4,,,,,0,,,,,,,,,,,,,,,,,,,,,,,,,,,,,,,,,,,,,,,,,,,,,,,,,,,,,,,,,,,,,,,,,,,,,,,,,,,,,
"3"" SST Lift Kit With Falcon 1.1 Monotube Rear Shocks - Toyota Tacoma 2024-2025",3-sst-lift-kit-with-falcon-1-1-monotube-rear-shocks-toyota-tacoma-2024-2025,,215272,"The 3"" SST Lift Kit With Falcon 1.1 Monotube Rear Shocks - Toyota Tacoma 2024-2025 delivers reliable performance and a bold lifted look for your truck. Built from premium materials for long-lasting durability, it improves clearance and off-road handling. Includes key components for easy installation. Engineered for a precise fit and professional-quality ride whether you’re on the highway or trail. WARNING: This product can expose you to chemicals including Di(2-ethylhexyl)phthalate (DEHP), which is known to the State of California to cause cancer, and birth defects or other reproductive harm. For more information go to www.P65Warnings.ca.gov/product.","3"" SST Lift Kit With Falcon 1.1 Monotube Rear Shocks - Toyota Tacoma 2024-2025 — enhances your truck’s stance, performance, and ride quality. Perfect fit for Lift.",publish,,0,"2025-10-30 20:36:43",52,open," 69-54320",,,no,no,,1469.95,,,,,,,instock,no,no,,no,taxable,,,,,,,'-1,'-1,,,"https://fuel1direct.com/wp-content/uploads/2025/10/69-54320-1_1.jpg ! alt :  ! title :  ! desc :  ! caption : ",,https://fuel1direct.com/product/3-sst-lift-kit-with-falcon-1-1-monotube-rear-shocks-toyota-tacoma-2024-2025/,,ReadyLift,simple,,"Trucks: Lifts Kits, Wheel Packages & Customization > Suspension & Lift Kits - Trucks > Shocks & Struts - Truck",ReadyLift,,,,,[4674],"Florida, United States",28.944465,'-82.03363,1,,,,4,,,,,,,,,1,,,,,,,,,,,,4,1,1,2,,,,,0,,,,,,,,,,,,,,,,,,,,,,,,,,,,,,,,,,,,,,,,,,,,,,,,,,,,,,,,,,,,,,,,,,,,,,,,,,,,,
"3.5'' Terrain Flex 2-Arm Kit With Falcon 2.1 Monotube Shocks 2018-2025 Jeep JL Wrangler",3-5-terrain-flex-2-arm-kit-with-falcon-2-1-monotube-shocks-2018-2025-jeep-jl-wrangler,,215285,"The 3.5'' Terrain Flex 2-Arm Kit With Falcon 2.1 Monotube Shocks 2018-2025 Jeep JL Wrangler delivers reliable performance and a bold lifted look for your truck. Built from premium materials for long-lasting durability, it improves clearance and off-road handling. Includes key components for easy installation. Engineered for a precise fit and professional-quality ride whether you’re on the highway or trail. WARNING: This product can expose you to chemicals including Di(2-ethylhexyl)phthalate (DEHP), which is known to the State of California to cause cancer, and birth defects or other reproductive harm. For more information go to www.P65Warnings.ca.gov/product.","3.5'' Terrain Flex 2-Arm Kit With Falcon 2.1 Monotube Shocks 2018-2025 Jeep JL Wrangler — enhances your truck’s stance, performance, and ride quality. Perfect fit for Terrain.",publish,,0,"2025-10-30 20:37:48",52,open," 69-6836",,,no,no,,1999.95,,,,,,,instock,no,no,,no,taxable,,,,,,,'-1,'-1,,,"https://fuel1direct.com/wp-content/uploads/2025/10/69-6836_1100.jpg ! alt :  ! title :  ! desc :  ! caption : ",,https://fuel1direct.com/product/3-5-terrain-flex-2-arm-kit-with-falcon-2-1-monotube-shocks-2018-2025-jeep-jl-wrangler/,,ReadyLift,simple,,"Trucks: Lifts Kits, Wheel Packages & Customization > Suspension & Lift Kits - Trucks > Shocks & Struts - Truck",ReadyLift,,,,,[4674],"Florida, United States",28.944465,'-82.03363,1,,,,1,,,,,,,,,1,,,,,,,,,,,,5,2,3,5,,,,,0,,,,,,,,,,,,,,,,,,,,,,,,,,,,,,,,,,,,,,,,,,,,,,,,,,,,,,,,,,,,,,,,,,,,,,,,,,,,,
"6"" Lift Kit - Toyota Tacoma W/ Bilstein Shocks 2005-2015",6-lift-kit-toyota-tacoma-w-bilstein-shocks-2005-2015,,215286,"The 6"" Lift Kit - Toyota Tacoma W/ Bilstein Shocks 2005-2015 delivers reliable performance and a bold lifted look for your truck. Built from premium materials for long-lasting durability, it improves clearance and off-road handling. Engineered for a precise fit and professional-quality ride whether you’re on the highway or trail. WARNING: This product can expose you to chemicals including Di(2-ethylhexyl)phthalate (DEHP), which is known to the State of California to cause cancer, and birth defects or other reproductive harm. For more information go to www.P65Warnings.ca.gov/product.","6"" Lift Kit - Toyota Tacoma W/ Bilstein Shocks 2005-2015 — enhances your truck’s stance, performance, and ride quality. Perfect fit for Lift.",publish,,0,"2025-10-30 20:37:50",52,open," 44-5560",,,no,no,,1999.95,,,,,,,instock,no,no,,no,taxable,,,,,,,'-1,'-1,,,"https://fuel1direct.com/wp-content/uploads/2025/10/44-5560_1100_new.jpg ! alt :  ! title :  ! desc :  ! caption : ",,https://fuel1direct.com/product/6-lift-kit-toyota-tacoma-w-bilstein-shocks-2005-2015/,,ReadyLift,simple,,"Trucks: Lifts Kits, Wheel Packages & Customization > Suspension & Lift Kits - Trucks > Shocks & Struts - Truck",ReadyLift,,,,,[4674],"Florida, United States",28.944465,'-82.03363,1,,,,1,,,,,,,,,1,,,,,,,,,,,,1,1,1,1,,,,,0,,,,,,,,,,,,,,,,,,,,,,,,,,,,,,,,,,,,,,,,,,,,,,,,,,,,,,,,,,,,,,,,,,,,,,,,,,,,,
"6"" Lift Kit - Toyota Tacoma W/ Bilstein Shocks 2016-2023",6-lift-kit-toyota-tacoma-w-bilstein-shocks-2016-2023,,215287,"The 6"" Lift Kit - Toyota Tacoma W/ Bilstein Shocks 2016-2023 delivers reliable performance and a bold lifted look for your truck. Built from premium materials for long-lasting durability, it improves clearance and off-road handling. Engineered for a precise fit and professional-quality ride whether you’re on the highway or trail. WARNING: This product can expose you to chemicals including Di(2-ethylhexyl)phthalate (DEHP), which is known to the State of California to cause cancer, and birth defects or other reproductive harm. For more information go to www.P65Warnings.ca.gov/product.","6"" Lift Kit - Toyota Tacoma W/ Bilstein Shocks 2016-2023 — enhances your truck’s stance, performance, and ride quality. Perfect fit for Lift.",publish,,0,"2025-10-30 20:37:52",52,open," 44-5660",,,no,no,,1999.95,,,,,,,instock,no,no,,no,taxable,,,,,,,'-1,'-1,,,"https://fuel1direct.com/wp-content/uploads/2025/10/44-5660_1100_new.jpg ! alt :  ! title :  ! desc :  ! caption : ",,https://fuel1direct.com/product/6-lift-kit-toyota-tacoma-w-bilstein-shocks-2016-2023/,,ReadyLift,simple,,"Trucks: Lifts Kits, Wheel Packages & Customization > Suspension & Lift Kits - Trucks > Shocks & Struts - Truck",ReadyLift,,,,,[4674],"Florida, United States",28.944465,'-82.03363,1,,,,2,,,,,,,,,1,,,,,,,,,,,,4,1,1,2,,,,,0,,,,,,,,,,,,,,,,,,,,,,,,,,,,,,,,,,,,,,,,,,,,,,,,,,,,,,,,,,,,,,,,,,,,,,,,,,,,,
"Terrain Flex 4-Arm Kit With Falcon 2.1 Monotube Shocks 2020-2025 Jeep JT Gladiator",terrain-flex-4-arm-kit-with-falcon-2-1-monotube-shocks-2020-2025-jeep-jt-gladiator,,215371,"The Terrain Flex 4-Arm Kit With Falcon 2.1 Monotube Shocks 2020-2025 Jeep JT Gladiator delivers reliable performance and a bold lifted look for your truck. Built from premium materials for long-lasting durability, it improves clearance and off-road handling. Includes key components for easy installation. Engineered for a precise fit and professional-quality ride whether you’re on the highway or trail. WARNING: This product can expose you to chemicals including Di(2-ethylhexyl)phthalate (DEHP), which is known to the State of California to cause cancer, and birth defects or other reproductive harm. For more information go to www.P65Warnings.ca.gov/product.","Terrain Flex 4-Arm Kit With Falcon 2.1 Monotube Shocks 2020-2025 Jeep JT Gladiator — enhances your truck’s stance, performance, and ride quality. Perfect fit for Terrain.",publish,,0,"2025-10-30 20:43:14",52,open," 69-6041",,,no,no,,2099.95,,,,,,,instock,no,no,,no,taxable,,,,,,,'-1,'-1,,,"https://fuel1direct.com/wp-content/uploads/2025/10/69-6041_1100.jpg ! alt :  ! title :  ! desc :  ! caption : ",,https://fuel1direct.com/product/terrain-flex-4-arm-kit-with-falcon-2-1-monotube-shocks-2020-2025-jeep-jt-gladiator/,,ReadyLift,simple,,"Trucks: Lifts Kits, Wheel Packages & Customization > Suspension & Lift Kits - Trucks > Shocks & Struts - Truck",ReadyLift,,,,,[4674],"Florida, United States",28.944465,'-82.03363,1,,,,1,,,,,,,,,1,,,,,,,,,,,,2,1,1,1,,,,,0,,,,,,,,,,,,,,,,,,,,,,,,,,,,,,,,,,,,,,,,,,,,,,,,,,,,,,,,,,,,,,,,,,,,,,,,,,,,,
"6.5"" Lift Kit W/ Bilstein Shocks - Ford Super Duty F250/F350 Diesel 4WD (2-pc Drive Shaft Only) 2017-2022",6-5-lift-kit-w-bilstein-shocks-ford-super-duty-f250-f350-diesel-4wd-2-pc-drive-shaft-only-2017-2022,,215372,"The 6.5"" Lift Kit W/ Bilstein Shocks - Ford Super Duty F250/F350 Diesel 4WD (2-pc Drive Shaft Only) 2017-2022 delivers reliable performance and a bold lifted look for your truck. Built from premium materials for long-lasting durability, it improves clearance and off-road handling. Includes key components for easy installation. Engineered for a precise fit and professional-quality ride whether you’re on the highway or trail. WARNING: This product can expose you to chemicals including Di(2-ethylhexyl)phthalate (DEHP), which is known to the State of California to cause cancer, and birth defects or other reproductive harm. For more information go to www.P65Warnings.ca.gov/product.","6.5"" Lift Kit W/ Bilstein Shocks - Ford Super Duty F250/F350 Diesel 4WD (2-pc Drive Shaft Only) 2017-2022 — enhances your truck’s stance, performance, and ride quality. Perfect fit for Lift.",publish,,0,"2025-10-30 20:43:17",52,open," 49-2763",,,no,no,,2099.95,,,,,,,instock,no,no,,no,taxable,,,,,,,'-1,'-1,,,"https://fuel1direct.com/wp-content/uploads/2025/10/49-2763_2019_1100.jpg ! alt :  ! title :  ! desc :  ! caption : ",,https://fuel1direct.com/product/6-5-lift-kit-w-bilstein-shocks-ford-super-duty-f250-f350-diesel-4wd-2-pc-drive-shaft-only-2017-2022/,,ReadyLift,simple,,"Trucks: Lifts Kits, Wheel Packages & Customization > Suspension & Lift Kits - Trucks > Shocks & Struts - Truck",ReadyLift,,,,,[4674],"Florida, United States",28.944465,'-82.03363,1,,,,2,,,,,,,,,1,,,,,,,,,,,,2,1,2,2,,,,,0,,,,,,,,,,,,,,,,,,,,,,,,,,,,,,,,,,,,,,,,,,,,,,,,,,,,,,,,,,,,,,,,,,,,,,,,,,,,,
"6'' Big Lift With SST3000 Rear Shocks 2015-2020 Ford F-150",6-big-lift-with-sst3000-rear-shocks-2015-2020-ford-f-150,,215373,"The 6'' Big Lift With SST3000 Rear Shocks 2015-2020 Ford F-150 delivers reliable performance and a bold lifted look for your truck. Built from premium materials for long-lasting durability, it improves clearance and off-road handling. Includes key components for easy installation. Engineered for a precise fit and professional-quality ride whether you’re on the highway or trail. WARNING: This product can expose you to chemicals including Di(2-ethylhexyl)phthalate (DEHP), which is known to the State of California to cause cancer, and birth defects or other reproductive harm. For more information go to www.P65Warnings.ca.gov/product.","6'' Big Lift With SST3000 Rear Shocks 2015-2020 Ford F-150 — enhances your truck’s stance, performance, and ride quality. Perfect fit for Big.",publish,,0,"2025-10-30 20:43:19",52,open," 44-25600",,,no,no,,2099.95,,,,,,,instock,no,no,,no,taxable,,,,,,,'-1,'-1,,,"https://fuel1direct.com/wp-content/uploads/2025/10/44-25600.jpg ! alt :  ! title :  ! desc :  ! caption : ",,https://fuel1direct.com/product/6-big-lift-with-sst3000-rear-shocks-2015-2020-ford-f-150/,,ReadyLift,simple,,"Trucks: Lifts Kits, Wheel Packages & Customization > Suspension & Lift Kits - Trucks > Shocks & Struts - Truck",ReadyLift,,,,,[4674],"Florida, United States",28.944465,'-82.03363,1,,,,1,,,,,,,,,1,,,,,,,,,,,,2,1,1,2,,,,,0,,,,,,,,,,,,,,,,,,,,,,,,,,,,,,,,,,,,,,,,,,,,,,,,,,,,,,,,,,,,,,,,,,,,,,,,,,,,,
"6'' Big Lift With SST3000 Rear Shocks 2021-2025 Ford F-150",6-big-lift-with-sst3000-rear-shocks-2021-2025-ford-f-150,,215374,"The 6'' Big Lift With SST3000 Rear Shocks 2021-2025 Ford F-150 delivers reliable performance and a bold lifted look for your truck. Built from premium materials for long-lasting durability, it improves clearance and off-road handling. Includes key components for easy installation. Engineered for a precise fit and professional-quality ride whether you’re on the highway or trail. WARNING: This product can expose you to chemicals including Di(2-ethylhexyl)phthalate (DEHP), which is known to the State of California to cause cancer, and birth defects or other reproductive harm. For more information go to www.P65Warnings.ca.gov/product.","6'' Big Lift With SST3000 Rear Shocks 2021-2025 Ford F-150 — enhances your truck’s stance, performance, and ride quality. Perfect fit for Big.",publish,,0,"2025-10-30 20:43:26",52,open," 44-21600",,,no,no,,2099.95,,,,,,,instock,no,no,,no,taxable,,,,,,,'-1,'-1,,,"https://fuel1direct.com/wp-content/uploads/2025/10/44-21600_1.jpg ! alt :  ! title :  ! desc :  ! caption : ",,https://fuel1direct.com/product/6-big-lift-with-sst3000-rear-shocks-2021-2025-ford-f-150/,,ReadyLift,simple,,"Trucks: Lifts Kits, Wheel Packages & Customization > Suspension & Lift Kits - Trucks > Shocks & Struts - Truck",ReadyLift,,,,,[4674],"Florida, United States",28.944465,'-82.03363,1,,,,2,,,,,,,,,1,,,,,,,,,,,,2,1,1,2,,,,,0,,,,,,,,,,,,,,,,,,,,,,,,,,,,,,,,,,,,,,,,,,,,,,,,,,,,,,,,,,,,,,,,,,,,,,,,,,,,,
"3.5""F / 2""R SST Lift Kit- GM Silverado / Sierra 2500HD W/ Falcon 1.1 Monotube Shocks & UCAs 2011-2019",3-5f-2r-sst-lift-kit-gm-silverado-sierra-2500hd-w-falcon-1-1-monotube-shocks-ucas-2011-2019,,215375,"The 3.5""F / 2""R SST Lift Kit- GM Silverado / Sierra 2500HD W/ Falcon 1.1 Monotube Shocks & UCAs 2011-2019 delivers reliable performance and a bold lifted look for your truck. Built from premium materials for long-lasting durability, it improves clearance and off-road handling. Engineered for a precise fit and professional-quality ride whether you’re on the highway or trail. WARNING: This product can expose you to chemicals including Di(2-ethylhexyl)phthalate (DEHP), which is known to the State of California to cause cancer, and birth defects or other reproductive harm. For more information go to www.P65Warnings.ca.gov/product.","3.5""F / 2""R SST Lift Kit- GM Silverado / Sierra 2500HD W/ Falcon 1.1 Monotube Shocks & UCAs 2011-2019 — enhances your truck’s stance, performance, and ride quality. Perfect fit for Lift.",publish,,0,"2025-10-30 20:43:41",52,open," 69-35140",,,no,no,,2099.95,,,,,,,instock,no,no,,no,taxable,,,,,,,'-1,'-1,,,"https://fuel1direct.com/wp-content/uploads/2025/10/69-35140.jpg ! alt :  ! title :  ! desc :  ! caption : ",,https://fuel1direct.com/product/3-5f-2r-sst-lift-kit-gm-silverado-sierra-2500hd-w-falcon-1-1-monotube-shocks-ucas-2011-2019/,,ReadyLift,simple,,"Trucks: Lifts Kits, Wheel Packages & Customization > Suspension & Lift Kits - Trucks > Shocks & Struts - Truck",ReadyLift,,,,,[4674],"Florida, United States",28.944465,'-82.03363,1,,,,7,,,,,,,,,1,,,,,,,,,,,,10,1,1,8,,,,,0,,,,,,,,,,,,,,,,,,,,,,,,,,,,,,,,,,,,,,,,,,,,,,,,,,,,,,,,,,,,,,,,,,,,,,,,,,,,,
"3.5'' Terrain Flex 4-Arm Kit With Falcon 2.1 Monotube Shocks 2018-2025 Jeep JL Wrangler",3-5-terrain-flex-4-arm-kit-with-falcon-2-1-monotube-shocks-2018-2025-jeep-jl-wrangler,,215381,"The 3.5'' Terrain Flex 4-Arm Kit With Falcon 2.1 Monotube Shocks 2018-2025 Jeep JL Wrangler delivers reliable performance and a bold lifted look for your truck. Built from premium materials for long-lasting durability, it improves clearance and off-road handling. Includes key components for easy installation. Engineered for a precise fit and professional-quality ride whether you’re on the highway or trail. WARNING: This product can expose you to chemicals including Di(2-ethylhexyl)phthalate (DEHP), which is known to the State of California to cause cancer, and birth defects or other reproductive harm. For more information go to www.P65Warnings.ca.gov/product.","3.5'' Terrain Flex 4-Arm Kit With Falcon 2.1 Monotube Shocks 2018-2025 Jeep JL Wrangler — enhances your truck’s stance, performance, and ride quality. Perfect fit for Terrain.",publish,,0,"2025-10-30 20:43:57",52,open," 69-6837",,,no,no,,2249.95,,,,,,,instock,no,no,,no,taxable,,,,,,,'-1,'-1,,,"https://fuel1direct.com/wp-content/uploads/2025/10/69-6837_cv2_1100.jpg ! alt :  ! title :  ! desc :  ! caption : ",,https://fuel1direct.com/product/3-5-terrain-flex-4-arm-kit-with-falcon-2-1-monotube-shocks-2018-2025-jeep-jl-wrangler/,,ReadyLift,simple,,"Trucks: Lifts Kits, Wheel Packages & Customization > Suspension & Lift Kits - Trucks > Shocks & Struts - Truck",ReadyLift,,,,,[4674],"Florida, United States",28.944465,'-82.03363,1,,,,5,,,,,,,,,1,,,,,,,,,,,,6,1,3,5,,,,,0,,,,,,,,,,,,,,,,,,,,,,,,,,,,,,,,,,,,,,,,,,,,,,,,,,,,,,,,,,,,,,,,,,,,,,,,,,,,,
"6"" Lift Kit - Toyota Tundra W/ Bilstein Shocks 2007-2021",6-lift-kit-toyota-tundra-w-bilstein-shocks-2007-2021,,215385,"The 6"" Lift Kit - Toyota Tundra W/ Bilstein Shocks 2007-2021 delivers reliable performance and a bold lifted look for your truck. Built from premium materials for long-lasting durability, it improves clearance and off-road handling. Engineered for a precise fit and professional-quality ride whether you’re on the highway or trail. WARNING: This product can expose you to chemicals including Di(2-ethylhexyl)phthalate (DEHP), which is known to the State of California to cause cancer, and birth defects or other reproductive harm. For more information go to www.P65Warnings.ca.gov/product.","6"" Lift Kit - Toyota Tundra W/ Bilstein Shocks 2007-2021 — enhances your truck’s stance, performance, and ride quality. Perfect fit for Lift.",publish,,0,"2025-10-30 20:44:23",52,open," 44-5677",,,no,no,,2309.95,,,,,,,instock,no,no,,no,taxable,,,,,,,'-1,'-1,,,"https://fuel1direct.com/wp-content/uploads/2025/10/44-5677.jpg ! alt :  ! title :  ! desc :  ! caption : ",,https://fuel1direct.com/product/6-lift-kit-toyota-tundra-w-bilstein-shocks-2007-2021/,,ReadyLift,simple,,"Trucks: Lifts Kits, Wheel Packages & Customization > Suspension & Lift Kits - Trucks > Shocks & Struts - Truck",ReadyLift,,,,,[4674],"Florida, United States",28.944465,'-82.03363,1,,,,6,,,,,,,,,1,,,,,,,,,,,,6,1,1,6,,,,,0,,,,,,,,,,,,,,,,,,,,,,,,,,,,,,,,,,,,,,,,,,,,,,,,,,,,,,,,,,,,,,,,,,,,,,,,,,,,,
"2020-2025 Jeep JT Gladiator Terrain Flex Max 4-Arm Kit With Falcon 2.1 Shocks",2020-2025-jeep-jt-gladiator-terrain-flex-max-4-arm-kit-with-falcon-2-1-shocks,,215388,"The 2020-2025 Jeep JT Gladiator Terrain Flex Max 4-Arm Kit With Falcon 2.1 Shocks delivers reliable performance and a bold lifted look for your truck. Built from premium materials for long-lasting durability, it improves clearance and off-road handling. Includes key components for easy installation. Engineered for a precise fit and professional-quality ride whether you’re on the highway or trail. WARNING: This product can expose you to chemicals including Di(2-ethylhexyl)phthalate (DEHP), which is known to the State of California to cause cancer, and birth defects or other reproductive harm. For more information go to www.P65Warnings.ca.gov/product.","2020-2025 Jeep JT Gladiator Terrain Flex Max 4-Arm Kit With Falcon 2.1 Shocks — enhances your truck’s stance, performance, and ride quality. Perfect fit for 2020-2025.",publish,,0,"2025-10-30 20:44:30",52,open," 69-6042",,,no,no,,2349.95,,,,,,,instock,no,no,,no,taxable,,,,,,,'-1,'-1,,,"https://fuel1direct.com/wp-content/uploads/2025/10/69-6042_1100.jpg ! alt :  ! title :  ! desc :  ! caption : ",,https://fuel1direct.com/product/2020-2025-jeep-jt-gladiator-terrain-flex-max-4-arm-kit-with-falcon-2-1-shocks/,,ReadyLift,simple,,"Trucks: Lifts Kits, Wheel Packages & Customization > Suspension & Lift Kits - Trucks > Shocks & Struts - Truck",ReadyLift,,,,,[4674],"Florida, United States",28.944465,'-82.03363,1,,,,4,,,,,,,,,1,,,,,,,,,,,,4,2,3,4,,,,,0,,,,,,,,,,,,,,,,,,,,,,,,,,,,,,,,,,,,,,,,,,,,,,,,,,,,,,,,,,,,,,,,,,,,,,,,,,,,,
"6'' Big Lift With Falcon 1.1 Rear Shocks 2015-2020 Ford F-150",6-big-lift-with-falcon-1-1-rear-shocks-2015-2020-ford-f-150,,215392,"The 6'' Big Lift With Falcon 1.1 Rear Shocks 2015-2020 Ford F-150 delivers reliable performance and a bold lifted look for your truck. Built from premium materials for long-lasting durability, it improves clearance and off-road handling. Includes key components for easy installation. Engineered for a precise fit and professional-quality ride whether you’re on the highway or trail. WARNING: This product can expose you to chemicals including Di(2-ethylhexyl)phthalate (DEHP), which is known to the State of California to cause cancer, and birth defects or other reproductive harm. For more information go to www.P65Warnings.ca.gov/product.","6'' Big Lift With Falcon 1.1 Rear Shocks 2015-2020 Ford F-150 — enhances your truck’s stance, performance, and ride quality. Perfect fit for Big.",publish,,0,"2025-10-30 20:44:39",52,open," 44-25620",,,no,no,,2419.95,,,,,,,instock,no,no,,no,taxable,,,,,,,'-1,'-1,,,"https://fuel1direct.com/wp-content/uploads/2025/10/44-25620.jpg ! alt :  ! title :  ! desc :  ! caption : ",,https://fuel1direct.com/product/6-big-lift-with-falcon-1-1-rear-shocks-2015-2020-ford-f-150/,,ReadyLift,simple,,"Trucks: Lifts Kits, Wheel Packages & Customization > Suspension & Lift Kits - Trucks > Shocks & Struts - Truck",ReadyLift,,,,,[4674],"Florida, United States",28.944465,'-82.03363,1,,,,3,,,,,,,,,1,,,,,,,,,,,,6,1,1,4,,,,,0,,,,,,,,,,,,,,,,,,,,,,,,,,,,,,,,,,,,,,,,,,,,,,,,,,,,,,,,,,,,,,,,,,,,,,,,,,,,,
"6'' Big Lift With Falcon 1.1 Rear Shocks 2021-2025 Ford F-150",6-big-lift-with-falcon-1-1-rear-shocks-2021-2025-ford-f-150,,215394,"The 6'' Big Lift With Falcon 1.1 Rear Shocks 2021-2025 Ford F-150 delivers reliable performance and a bold lifted look for your truck. Built from premium materials for long-lasting durability, it improves clearance and off-road handling. Includes key components for easy installation. Engineered for a precise fit and professional-quality ride whether you’re on the highway or trail. WARNING: This product can expose you to chemicals including Di(2-ethylhexyl)phthalate (DEHP), which is known to the State of California to cause cancer, and birth defects or other reproductive harm. For more information go to www.P65Warnings.ca.gov/product.","6'' Big Lift With Falcon 1.1 Rear Shocks 2021-2025 Ford F-150 — enhances your truck’s stance, performance, and ride quality. Perfect fit for Big.",publish,,0,"2025-10-30 20:44:48",52,open," 44-21620",,,no,no,,2419.95,,,,,,,instock,no,no,,no,taxable,,,,,,,'-1,'-1,,,"https://fuel1direct.com/wp-content/uploads/2025/10/44-21620_1.jpg ! alt :  ! title :  ! desc :  ! caption : ",,https://fuel1direct.com/product/6-big-lift-with-falcon-1-1-rear-shocks-2021-2025-ford-f-150/,,ReadyLift,simple,,"Trucks: Lifts Kits, Wheel Packages & Customization > Suspension & Lift Kits - Trucks > Shocks & Struts - Truck",ReadyLift,,,,,[4674],"Florida, United States",28.944465,'-82.03363,1,,,,2,,,,,,,,,1,,,,,,,,,,,,3,1,2,3,,,,,0,,,,,,,,,,,,,,,,,,,,,,,,,,,,,,,,,,,,,,,,,,,,,,,,,,,,,,,,,,,,,,,,,,,,,,,,,,,,,
"6"" Lift Kit W/ Falcon Shocks - Dodge/Ram 1500 - 2019-2024",6-lift-kit-w-falcon-shocks-dodge-ram-1500-2019-2024,,215399,"The 6"" Lift Kit W/ Falcon Shocks - Dodge/Ram 1500 - 2019-2024 delivers reliable performance and a bold lifted look for your truck. Built from premium materials for long-lasting durability, it improves clearance and off-road handling. Includes key components for easy installation. Engineered for a precise fit and professional-quality ride whether you’re on the highway or trail. WARNING: This product can expose you to chemicals including Di(2-ethylhexyl)phthalate (DEHP), which is known to the State of California to cause cancer, and birth defects or other reproductive harm. For more information go to www.P65Warnings.ca.gov/product.","6"" Lift Kit W/ Falcon Shocks - Dodge/Ram 1500 - 2019-2024 — enhances your truck’s stance, performance, and ride quality. Perfect fit for Lift.",publish,,0,"2025-10-30 20:45:15",52,open," 44-19601",,,no,no,,2469.95,,,,,,,instock,no,no,,no,taxable,,,,,,,'-1,'-1,,,"https://fuel1direct.com/wp-content/uploads/2025/10/44-19601_2.jpg ! alt :  ! title :  ! desc :  ! caption : ",,https://fuel1direct.com/product/6-lift-kit-w-falcon-shocks-dodge-ram-1500-2019-2024/,,ReadyLift,simple,,"Trucks: Lifts Kits, Wheel Packages & Customization > Suspension & Lift Kits - Trucks > Shocks & Struts - Truck",ReadyLift,,,,,[4674],"Florida, United States",28.944465,'-82.03363,1,,,,4,,,,,,,,,1,,,,,,,,,,,,5,1,1,2,,,,,0,,,,,,,,,,,,,,,,,,,,,,,,,,,,,,,,,,,,,,,,,,,,,,,,,,,,,,,,,,,,,,,,,,,,,,,,,,,,,
"6"" Lift Kit With Falcon Shocks And Factory 22"" Wheels With Big Bore Knuckle - Ram 1500 - 2019-2024",6-lift-kit-with-falcon-shocks-and-factory-22-wheels-with-big-bore-knuckle-ram-1500-2019-2024,,215400,"The 6"" Lift Kit With Falcon Shocks And Factory 22"" Wheels With Big Bore Knuckle - Ram 1500 - 2019-2024 delivers reliable performance and a bold lifted look for your truck. Built from premium materials for long-lasting durability, it improves clearance and off-road handling. Includes key components for easy installation. Engineered for a precise fit and professional-quality ride whether you’re on the highway or trail. WARNING: This product can expose you to chemicals including Di(2-ethylhexyl)phthalate (DEHP), which is known to the State of California to cause cancer, and birth defects or other reproductive harm. For more information go to www.P65Warnings.ca.gov/product.","6"" Lift Kit With Falcon Shocks And Factory 22"" Wheels With Big Bore Knuckle - Ram 1500 - 2019-2024 — enhances your truck’s stance, performance, and ride quality. Perfect fit for Lift.",publish,,0,"2025-10-30 20:45:19",52,open," 44-19610",,,no,no,,2469.95,,,,,,,instock,no,no,,no,taxable,,,,,,,'-1,'-1,,,"https://fuel1direct.com/wp-content/uploads/2025/10/44-19610_2.jpg ! alt :  ! title :  ! desc :  ! caption : ",,https://fuel1direct.com/product/6-lift-kit-with-falcon-shocks-and-factory-22-wheels-with-big-bore-knuckle-ram-1500-2019-2024/,,ReadyLift,simple,,"Trucks: Lifts Kits, Wheel Packages & Customization > Suspension & Lift Kits - Trucks > Shocks & Struts - Truck",ReadyLift,,,,,[4674],"Florida, United States",28.944465,'-82.03363,1,,,,4,,,,,,,,,1,,,,,,,,,,,,3,1,2,3,,,,,0,,,,,,,,,,,,,,,,,,,,,,,,,,,,,,,,,,,,,,,,,,,,,,,,,,,,,,,,,,,,,,,,,,,,,,,,,,,,,
"6"" Lift Kit With Falcon Shocks - Ram 1500 With Factory Air Suspension & 22"" Wheels With Big Bore Knuckle - 2019-2024",6-lift-kit-with-falcon-shocks-ram-1500-with-factory-air-suspension-22-wheels-with-big-bore-knuckle-2019-2024,,215401,"The 6"" Lift Kit With Falcon Shocks - Ram 1500 With Factory Air Suspension & 22"" Wheels With Big Bore Knuckle - 2019-2024 delivers reliable performance and a bold lifted look for your truck. Built from premium materials for long-lasting durability, it improves clearance and off-road handling. Includes key components for easy installation. Engineered for a precise fit and professional-quality ride whether you’re on the highway or trail. WARNING: This product can expose you to chemicals including Di(2-ethylhexyl)phthalate (DEHP), which is known to the State of California to cause cancer, and birth defects or other reproductive harm. For more information go to www.P65Warnings.ca.gov/product.","6"" Lift Kit With Falcon Shocks - Ram 1500 With Factory Air Suspension & 22"" Wheels With Big Bore Knuckle - 2019-2024 — enhances your truck’s stance, performance, and ride quality. Perfect fit for Lift.",publish,,0,"2025-10-30 20:45:22",52,open," 44-19623",,,no,no,,2469.95,,,,,,,instock,no,no,,no,taxable,,,,,,,'-1,'-1,,,"https://fuel1direct.com/wp-content/uploads/2025/10/44-19623_2.jpg ! alt :  ! title :  ! desc :  ! caption : ",,https://fuel1direct.com/product/6-lift-kit-with-falcon-shocks-ram-1500-with-factory-air-suspension-22-wheels-with-big-bore-knuckle-2019-2024/,,ReadyLift,simple,,"Trucks: Lifts Kits, Wheel Packages & Customization > Suspension & Lift Kits - Trucks > Shocks & Struts - Truck",ReadyLift,,,,,[4674],"Florida, United States",28.944465,'-82.03363,1,,,,5,,,,,,,,,1,,,,,,,,,,,,7,2,2,6,,,,,0,,,,,,,,,,,,,,,,,,,,,,,,,,,,,,,,,,,,,,,,,,,,,,,,,,,,,,,,,,,,,,,,,,,,,,,,,,,,,
"6"" Lift Kit With Falcon Shocks- Ram 1500 With Factory Air Suspension - 2019-2024",6-lift-kit-with-falcon-shocks-ram-1500-with-factory-air-suspension-2019-2024,,215402,"The 6"" Lift Kit With Falcon Shocks- Ram 1500 With Factory Air Suspension - 2019-2024 delivers reliable performance and a bold lifted look for your truck. Built from premium materials for long-lasting durability, it improves clearance and off-road handling. Includes key components for easy installation. Engineered for a precise fit and professional-quality ride whether you’re on the highway or trail. WARNING: This product can expose you to chemicals including Di(2-ethylhexyl)phthalate (DEHP), which is known to the State of California to cause cancer, and birth defects or other reproductive harm. For more information go to www.P65Warnings.ca.gov/product.","6"" Lift Kit With Falcon Shocks- Ram 1500 With Factory Air Suspension - 2019-2024 — enhances your truck’s stance, performance, and ride quality. Perfect fit for Lift.",publish,,0,"2025-10-30 20:45:26",52,open," 44-19621",,,no,no,,2469.95,,,,,,,instock,no,no,,no,taxable,,,,,,,'-1,'-1,,,"https://fuel1direct.com/wp-content/uploads/2025/10/44-19621_2.jpg ! alt :  ! title :  ! desc :  ! caption : ",,https://fuel1direct.com/product/6-lift-kit-with-falcon-shocks-ram-1500-with-factory-air-suspension-2019-2024/,,ReadyLift,simple,,"Trucks: Lifts Kits, Wheel Packages & Customization > Suspension & Lift Kits - Trucks > Shocks & Struts - Truck",ReadyLift,,,,,[4674],"Florida, United States",28.944465,'-82.03363,1,,,,4,,,,,,,,,1,,,,,,,,,,,,4,1,1,3,,,,,0,,,,,,,,,,,,,,,,,,,,,,,,,,,,,,,,,,,,,,,,,,,,,,,,,,,,,,,,,,,,,,,,,,,,,,,,,,,,,
"6"" Lift Kit - Dodge Ram 2500 4WD W/ Bilstein Shocks 2019-2024 With Driveline Indexing Kit",6-lift-kit-dodge-ram-2500-4wd-w-bilstein-shocks-2019-2024-with-driveline-indexing-kit,,215403,"The 6"" Lift Kit - Dodge Ram 2500 4WD W/ Bilstein Shocks 2019-2024 With Driveline Indexing Kit delivers reliable performance and a bold lifted look for your truck. Built from premium materials for long-lasting durability, it improves clearance and off-road handling. Includes key components for easy installation. Engineered for a precise fit and professional-quality ride whether you’re on the highway or trail. WARNING: This product can expose you to chemicals including Di(2-ethylhexyl)phthalate (DEHP), which is known to the State of California to cause cancer, and birth defects or other reproductive harm. For more information go to www.P65Warnings.ca.gov/product.","6"" Lift Kit - Dodge Ram 2500 4WD W/ Bilstein Shocks 2019-2024 With Driveline Indexing Kit — enhances your truck’s stance, performance, and ride quality. Perfect fit for Lift.",publish,,0,"2025-10-30 20:45:29",52,open," 49-1961",,,no,no,,2499.95,,,,,,,instock,no,no,,no,taxable,,,,,,,'-1,'-1,,,"https://fuel1direct.com/wp-content/uploads/2025/10/49-1961.jpg ! alt :  ! title :  ! desc :  ! caption : ",,https://fuel1direct.com/product/6-lift-kit-dodge-ram-2500-4wd-w-bilstein-shocks-2019-2024-with-driveline-indexing-kit/,,ReadyLift,simple,,"Trucks: Lifts Kits, Wheel Packages & Customization > Suspension & Lift Kits - Trucks > Shocks & Struts - Truck",ReadyLift,,,,,[4674],"Florida, United States",28.944465,'-82.03363,1,,,,6,,,,,,,,,1,,,,,,,,,,,,7,1,1,2,,,,,0,,,,,,,,,,,,,,,,,,,,,,,,,,,,,,,,,,,,,,,,,,,,,,,,,,,,,,,,,,,,,,,,,,,,,,,,,,,,,
"6'' Lift Kit 2019-2024 Ram 2500 W/ Falcon Shocks And Ring And Crossmember Standard Output Diesel Motor",6-lift-kit-2019-2024-ram-2500-w-falcon-shocks-and-ring-and-crossmember-standard-output-diesel-motor,,215410,"The 6'' Lift Kit 2019-2024 Ram 2500 W/ Falcon Shocks And Ring And Crossmember Standard Output Diesel Motor delivers reliable performance and a bold lifted look for your truck. Built from premium materials for long-lasting durability, it improves clearance and off-road handling. Includes key components for easy installation. Engineered for a precise fit and professional-quality ride whether you’re on the highway or trail. WARNING: This product can expose you to chemicals including Di(2-ethylhexyl)phthalate (DEHP), which is known to the State of California to cause cancer, and birth defects or other reproductive harm. For more information go to www.P65Warnings.ca.gov/product.","6'' Lift Kit 2019-2024 Ram 2500 W/ Falcon Shocks And Ring And Crossmember Standard Output Diesel Motor — enhances your truck’s stance, performance, and ride quality. Perfect fit for Lift.",publish,,0,"2025-10-30 20:46:05",52,open," 49-19610",,,no,no,,2599.95,,,,,,,instock,no,no,,no,taxable,,,,,,,'-1,'-1,,,"https://fuel1direct.com/wp-content/uploads/2025/10/49-19610.jpg ! alt :  ! title :  ! desc :  ! caption : ",,https://fuel1direct.com/product/6-lift-kit-2019-2024-ram-2500-w-falcon-shocks-and-ring-and-crossmember-standard-output-diesel-motor/,,ReadyLift,simple,,"Trucks: Lifts Kits, Wheel Packages & Customization > Suspension & Lift Kits - Trucks > Shocks & Struts - Truck",ReadyLift,,,,,[4674],"Florida, United States",28.944465,'-82.03363,1,,,,6,,,,,,,,,1,,,,,,,,,,,,8,1,2,4,,,,,0,,,,,,,,,,,,,,,,,,,,,,,,,,,,,,,,,,,,,,,,,,,,,,,,,,,,,,,,,,,,,,,,,,,,,,,,,,,,,
"8"" Lift Kit - Toyota Tundra 2007-2021 W/ Bilstein Shocks",8-lift-kit-toyota-tundra-2007-2021-w-bilstein-shocks,,215411,"The 8"" Lift Kit - Toyota Tundra 2007-2021 W/ Bilstein Shocks delivers reliable performance and a bold lifted look for your truck. Built from premium materials for long-lasting durability, it improves clearance and off-road handling. Engineered for a precise fit and professional-quality ride whether you’re on the highway or trail. WARNING: This product can expose you to chemicals including Di(2-ethylhexyl)phthalate (DEHP), which is known to the State of California to cause cancer, and birth defects or other reproductive harm. For more information go to www.P65Warnings.ca.gov/product.","8"" Lift Kit - Toyota Tundra 2007-2021 W/ Bilstein Shocks — enhances your truck’s stance, performance, and ride quality. Perfect fit for Lift.",publish,,0,"2025-10-30 20:46:08",52,open," 44-5877",,,no,no,,2629.95,,,,,,,instock,no,no,,no,taxable,,,,,,,'-1,'-1,,,"https://fuel1direct.com/wp-content/uploads/2025/10/44-5877.jpg ! alt :  ! title :  ! desc :  ! caption : ",,https://fuel1direct.com/product/8-lift-kit-toyota-tundra-2007-2021-w-bilstein-shocks/,,ReadyLift,simple,,"Trucks: Lifts Kits, Wheel Packages & Customization > Suspension & Lift Kits - Trucks > Shocks & Struts - Truck",ReadyLift,,,,,[4674],"Florida, United States",28.944465,'-82.03363,1,,,,6,,,,,,,,,1,,,,,,,,,,,,6,1,2,3,,,,,0,,,,,,,,,,,,,,,,,,,,,,,,,,,,,,,,,,,,,,,,,,,,,,,,,,,,,,,,,,,,,,,,,,,,,,,,,,,,,
"8"" Lift Kit W/ Falcon 1.1 Shocks - Toyota Tundra 2007-2021",8-lift-kit-w-falcon-1-1-shocks-toyota-tundra-2007-2021,,215415,"The 8"" Lift Kit W/ Falcon 1.1 Shocks - Toyota Tundra 2007-2021 delivers reliable performance and a bold lifted look for your truck. Built from premium materials for long-lasting durability, it improves clearance and off-road handling. Includes key components for easy installation. Engineered for a precise fit and professional-quality ride whether you’re on the highway or trail. WARNING: This product can expose you to chemicals including Di(2-ethylhexyl)phthalate (DEHP), which is known to the State of California to cause cancer, and birth defects or other reproductive harm. For more information go to www.P65Warnings.ca.gov/product.","8"" Lift Kit W/ Falcon 1.1 Shocks - Toyota Tundra 2007-2021 — enhances your truck’s stance, performance, and ride quality. Perfect fit for Lift.",publish,,0,"2025-10-30 20:46:37",52,open," 44-58770",,,no,no,,2729.95,,,,,,,instock,no,no,,no,taxable,,,,,,,'-1,'-1,,,"https://fuel1direct.com/wp-content/uploads/2025/10/44-58770.jpg ! alt :  ! title :  ! desc :  ! caption : ",,https://fuel1direct.com/product/8-lift-kit-w-falcon-1-1-shocks-toyota-tundra-2007-2021/,,ReadyLift,simple,,"Trucks: Lifts Kits, Wheel Packages & Customization > Suspension & Lift Kits - Trucks > Shocks & Struts - Truck",ReadyLift,,,,,[4674],"Florida, United States",28.944465,'-82.03363,1,,,,6,,,,,,,,,1,,,,,,,,,,,,7,1,2,4,,,,,0,,,,,,,,,,,,,,,,,,,,,,,,,,,,,,,,,,,,,,,,,,,,,,,,,,,,,,,,,,,,,,,,,,,,,,,,,,,,,
"6"" Lift Kit - GM Silverado / Sierra 1500 - 2019-2024 With Falcon 1.1 Monotube Shocks",6-lift-kit-gm-silverado-sierra-1500-2019-2024-with-falcon-1-1-monotube-shocks,,215416,"The 6"" Lift Kit - GM Silverado / Sierra 1500 - 2019-2024 With Falcon 1.1 Monotube Shocks delivers reliable performance and a bold lifted look for your truck. Built from premium materials for long-lasting durability, it improves clearance and off-road handling. Includes key components for easy installation. Engineered for a precise fit and professional-quality ride whether you’re on the highway or trail. WARNING: This product can expose you to chemicals including Di(2-ethylhexyl)phthalate (DEHP), which is known to the State of California to cause cancer, and birth defects or other reproductive harm. For more information go to www.P65Warnings.ca.gov/product.","6"" Lift Kit - GM Silverado / Sierra 1500 - 2019-2024 With Falcon 1.1 Monotube Shocks — enhances your truck’s stance, performance, and ride quality. Perfect fit for Lift.",publish,,0,"2025-10-30 20:46:39",52,open," 44-39605",,,no,no,,2729.95,,,,,,,instock,no,no,,no,taxable,,,,,,,'-1,'-1,,,"https://fuel1direct.com/wp-content/uploads/2025/10/44-39605.jpg ! alt :  ! title :  ! desc :  ! caption : ",,https://fuel1direct.com/product/6-lift-kit-gm-silverado-sierra-1500-2019-2024-with-falcon-1-1-monotube-shocks/,,ReadyLift,simple,,"Trucks: Lifts Kits, Wheel Packages & Customization > Suspension & Lift Kits - Trucks > Shocks & Struts - Truck",ReadyLift,,,,,[4674],"Florida, United States",28.944465,'-82.03363,1,,,,5,,,,,,,,,1,,,,,,,,,,,,8,2,2,6,,,,,0,,,,,,,,,,,,,,,,,,,,,,,,,,,,,,,,,,,,,,,,,,,,,,,,,,,,,,,,,,,,,,,,,,,,,,,,,,,,,
"6"" Lift Kit - GM Silverado / Sierra 1500 - 2025 With Falcon 1.1 Monotube Shocks",6-lift-kit-gm-silverado-sierra-1500-2025-with-falcon-1-1-monotube-shocks,,215417,"The 6"" Lift Kit - GM Silverado / Sierra 1500 - 2025 With Falcon 1.1 Monotube Shocks delivers reliable performance and a bold lifted look for your truck. Built from premium materials for long-lasting durability, it improves clearance and off-road handling. Includes key components for easy installation. Engineered for a precise fit and professional-quality ride whether you’re on the highway or trail. WARNING: This product can expose you to chemicals including Di(2-ethylhexyl)phthalate (DEHP), which is known to the State of California to cause cancer, and birth defects or other reproductive harm. For more information go to www.P65Warnings.ca.gov/product.","6"" Lift Kit - GM Silverado / Sierra 1500 - 2025 With Falcon 1.1 Monotube Shocks — enhances your truck’s stance, performance, and ride quality. Perfect fit for Lift.",publish,,0,"2025-10-30 20:46:42",52,open," 44-35620",,,no,no,,2729.95,,,,,,,instock,no,no,,no,taxable,,,,,,,'-1,'-1,,,"https://fuel1direct.com/wp-content/uploads/2025/10/44-35620.jpg ! alt :  ! title :  ! desc :  ! caption : ",,https://fuel1direct.com/product/6-lift-kit-gm-silverado-sierra-1500-2025-with-falcon-1-1-monotube-shocks/,,ReadyLift,simple,,"Trucks: Lifts Kits, Wheel Packages & Customization > Suspension & Lift Kits - Trucks > Shocks & Struts - Truck",ReadyLift,,,,,[4674],"Florida, United States",28.944465,'-82.03363,1,,,,2,,,,,,,,,1,,,,,,,,,,,,5,1,1,5,,,,,0,,,,,,,,,,,,,,,,,,,,,,,,,,,,,,,,,,,,,,,,,,,,,,,,,,,,,,,,,,,,,,,,,,,,,,,,,,,,,
"5-6'' Lift Kit - GM Silverado / Sierra 2500HD/3500HD W/ Bilstein Shocks 2011-2019",5-6-lift-kit-gm-silverado-sierra-2500hd-3500hd-w-bilstein-shocks-2011-2019,,215418,"The 5-6'' Lift Kit - GM Silverado / Sierra 2500HD/3500HD W/ Bilstein Shocks 2011-2019 delivers reliable performance and a bold lifted look for your truck. Built from premium materials for long-lasting durability, it improves clearance and off-road handling. Includes key components for easy installation. Engineered for a precise fit and professional-quality ride whether you’re on the highway or trail. WARNING: This product can expose you to chemicals including Di(2-ethylhexyl)phthalate (DEHP), which is known to the State of California to cause cancer, and birth defects or other reproductive harm. For more information go to www.P65Warnings.ca.gov/product.","5-6'' Lift Kit - GM Silverado / Sierra 2500HD/3500HD W/ Bilstein Shocks 2011-2019 — enhances your truck’s stance, performance, and ride quality. Perfect fit for Lift.",publish,,0,"2025-10-30 20:46:45",52,open," 44-3052",,,no,no,,2799.95,,,,,,,instock,no,no,,no,taxable,,,,,,,'-1,'-1,,,"https://fuel1direct.com/wp-content/uploads/2025/10/44-3052_gm_hd_5-6_kit_w_bilstein_1100.jpg ! alt :  ! title :  ! desc :  ! caption : ",,https://fuel1direct.com/product/5-6-lift-kit-gm-silverado-sierra-2500hd-3500hd-w-bilstein-shocks-2011-2019/,,ReadyLift,simple,,"Trucks: Lifts Kits, Wheel Packages & Customization > Suspension & Lift Kits - Trucks > Shocks & Struts - Truck",ReadyLift,,,,,[4674],"Florida, United States",28.944465,'-82.03363,1,,,,1,,,,,,,,,1,,,,,,,,,,,,1,1,1,1,,,,,0,,,,,,,,,,,,,,,,,,,,,,,,,,,,,,,,,,,,,,,,,,,,,,,,,,,,,,,,,,,,,,,,,,,,,,,,,,,,,
"6'' Lift Kit - GM Silverado / Sierra 2500HD/3500HD W/ Falcon 1.1 Shocks 2020-2024",6-lift-kit-gm-silverado-sierra-2500hd-3500hd-w-falcon-1-1-shocks-2020-2024,,215419,"The 6'' Lift Kit - GM Silverado / Sierra 2500HD/3500HD W/ Falcon 1.1 Shocks 2020-2024 delivers reliable performance and a bold lifted look for your truck. Built from premium materials for long-lasting durability, it improves clearance and off-road handling. Includes key components for easy installation. Engineered for a precise fit and professional-quality ride whether you’re on the highway or trail. WARNING: This product can expose you to chemicals including Di(2-ethylhexyl)phthalate (DEHP), which is known to the State of California to cause cancer, and birth defects or other reproductive harm. For more information go to www.P65Warnings.ca.gov/product.","6'' Lift Kit - GM Silverado / Sierra 2500HD/3500HD W/ Falcon 1.1 Shocks 2020-2024 — enhances your truck’s stance, performance, and ride quality. Perfect fit for Lift.",publish,,0,"2025-10-30 20:46:48",52,open," 44-30620",,,no,no,,2839.95,,,,,,,instock,no,no,,no,taxable,,,,,,,'-1,'-1,,,"https://fuel1direct.com/wp-content/uploads/2025/10/44-30620.jpg ! alt :  ! title :  ! desc :  ! caption : ",,https://fuel1direct.com/product/6-lift-kit-gm-silverado-sierra-2500hd-3500hd-w-falcon-1-1-shocks-2020-2024/,,ReadyLift,simple,,"Trucks: Lifts Kits, Wheel Packages & Customization > Suspension & Lift Kits - Trucks > Shocks & Struts - Truck",ReadyLift,,,,,[4674],"Florida, United States",28.944465,'-82.03363,1,,,,2,,,,,,,,,1,,,,,,,,,,,,5,1,3,3,,,,,0,,,,,,,,,,,,,,,,,,,,,,,,,,,,,,,,,,,,,,,,,,,,,,,,,,,,,,,,,,,,,,,,,,,,,,,,,,,,,
"5-6'' Lift Kit - GM Silverado / Sierra 2500HD/3500HD W/ Falcon Shocks 2011-2019",5-6-lift-kit-gm-silverado-sierra-2500hd-3500hd-w-falcon-shocks-2011-2019,,215502,"The 5-6'' Lift Kit - GM Silverado / Sierra 2500HD/3500HD W/ Falcon Shocks 2011-2019 delivers reliable performance and a bold lifted look for your truck. Built from premium materials for long-lasting durability, it improves clearance and off-road handling. Includes key components for easy installation. Engineered for a precise fit and professional-quality ride whether you’re on the highway or trail. WARNING: This product can expose you to chemicals including Di(2-ethylhexyl)phthalate (DEHP), which is known to the State of California to cause cancer, and birth defects or other reproductive harm. For more information go to www.P65Warnings.ca.gov/product.","5-6'' Lift Kit - GM Silverado / Sierra 2500HD/3500HD W/ Falcon Shocks 2011-2019 — enhances your truck’s stance, performance, and ride quality. Perfect fit for Lift.",publish,,0,"2025-10-30 20:52:38",52,open," 44-30520",,,no,no,,3099.95,,,,,,,instock,no,no,,no,taxable,,,,,,,'-1,'-1,,,"https://fuel1direct.com/wp-content/uploads/2025/10/44-30520.jpg ! alt :  ! title :  ! desc :  ! caption : ",,https://fuel1direct.com/product/5-6-lift-kit-gm-silverado-sierra-2500hd-3500hd-w-falcon-shocks-2011-2019/,,ReadyLift,simple,,"Trucks: Lifts Kits, Wheel Packages & Customization > Suspension & Lift Kits - Trucks > Shocks & Struts - Truck",ReadyLift,,,,,[4674],"Florida, United States",28.944465,'-82.03363,1,,,,2,,,,,,,,,1,,,,,,,,,,,,2,1,1,1,,,,,0,,,,,,,,,,,,,,,,,,,,,,,,,,,,,,,,,,,,,,,,,,,,,,,,,,,,,,,,,,,,,,,,,,,,,,,,,,,,,
"8"" Lift Kit - GM Silverado / Sierra 1500 - 2019-2022 With Falcon 1.1 Monotube Shocks",8-lift-kit-gm-silverado-sierra-1500-2019-2022-with-falcon-1-1-monotube-shocks,,215503,"The 8"" Lift Kit - GM Silverado / Sierra 1500 - 2019-2022 With Falcon 1.1 Monotube Shocks delivers reliable performance and a bold lifted look for your truck. Built from premium materials for long-lasting durability, it improves clearance and off-road handling. Includes key components for easy installation. Engineered for a precise fit and professional-quality ride whether you’re on the highway or trail. WARNING: This product can expose you to chemicals including Di(2-ethylhexyl)phthalate (DEHP), which is known to the State of California to cause cancer, and birth defects or other reproductive harm. For more information go to www.P65Warnings.ca.gov/product.","8"" Lift Kit - GM Silverado / Sierra 1500 - 2019-2022 With Falcon 1.1 Monotube Shocks — enhances your truck’s stance, performance, and ride quality. Perfect fit for Lift.",publish,,0,"2025-10-30 20:52:41",52,open," 44-39805",,,no,no,,3149.95,,,,,,,instock,no,no,,no,taxable,,,,,,,'-1,'-1,,,"https://fuel1direct.com/wp-content/uploads/2025/10/44-39805.jpg ! alt :  ! title :  ! desc :  ! caption : ",,https://fuel1direct.com/product/8-lift-kit-gm-silverado-sierra-1500-2019-2022-with-falcon-1-1-monotube-shocks/,,ReadyLift,simple,,"Trucks: Lifts Kits, Wheel Packages & Customization > Suspension & Lift Kits - Trucks > Shocks & Struts - Truck",ReadyLift,,,,,[4674],"Florida, United States",28.944465,'-82.03363,1,,,,6,,,,,,,,,1,,,,,,,,,,,,6,1,1,3,,,,,0,,,,,,,,,,,,,,,,,,,,,,,,,,,,,,,,,,,,,,,,,,,,,,,,,,,,,,,,,,,,,,,,,,,,,,,,,,,,,
"7-8"" Lift Kit - GM Silverado / Sierra 2500HD/3500HD W/ Bilstein Shocks 2011-2019",7-8-lift-kit-gm-silverado-sierra-2500hd-3500hd-w-bilstein-shocks-2011-2019,,215512,"The 7-8"" Lift Kit - GM Silverado / Sierra 2500HD/3500HD W/ Bilstein Shocks 2011-2019 delivers reliable performance and a bold lifted look for your truck. Built from premium materials for long-lasting durability, it improves clearance and off-road handling. Includes key components for easy installation. Engineered for a precise fit and professional-quality ride whether you’re on the highway or trail. WARNING: This product can expose you to chemicals including Di(2-ethylhexyl)phthalate (DEHP), which is known to the State of California to cause cancer, and birth defects or other reproductive harm. For more information go to www.P65Warnings.ca.gov/product.","7-8"" Lift Kit - GM Silverado / Sierra 2500HD/3500HD W/ Bilstein Shocks 2011-2019 — enhances your truck’s stance, performance, and ride quality. Perfect fit for Lift.",publish,,0,"2025-10-30 20:53:19",52,open," 44-3072",,,no,no,,3199.95,,,,,,,instock,no,no,,no,taxable,,,,,,,'-1,'-1,,,"https://fuel1direct.com/wp-content/uploads/2025/10/44-3072_gm_hd_7-8_inch_w_bilstein_1100.jpg ! alt :  ! title :  ! desc :  ! caption : ",,https://fuel1direct.com/product/7-8-lift-kit-gm-silverado-sierra-2500hd-3500hd-w-bilstein-shocks-2011-2019/,,ReadyLift,simple,,"Trucks: Lifts Kits, Wheel Packages & Customization > Suspension & Lift Kits - Trucks > Shocks & Struts - Truck",ReadyLift,,,,,[4674],"Florida, United States",28.944465,'-82.03363,1,,,,2,,,,,,,,,1,,,,,,,,,,,,5,1,1,4,,,,,0,,,,,,,,,,,,,,,,,,,,,,,,,,,,,,,,,,,,,,,,,,,,,,,,,,,,,,,,,,,,,,,,,,,,,,,,,,,,,
"8'' Lift Kit - GM Silverado / Sierra 2500HD/3500HD W/ Falcon 1.1 Shocks 2020-2025",8-lift-kit-gm-silverado-sierra-2500hd-3500hd-w-falcon-1-1-shocks-2020-2025,,215513,"The 8'' Lift Kit - GM Silverado / Sierra 2500HD/3500HD W/ Falcon 1.1 Shocks 2020-2025 delivers reliable performance and a bold lifted look for your truck. Built from premium materials for long-lasting durability, it improves clearance and off-road handling. Includes key components for easy installation. Engineered for a precise fit and professional-quality ride whether you’re on the highway or trail. WARNING: This product can expose you to chemicals including Di(2-ethylhexyl)phthalate (DEHP), which is known to the State of California to cause cancer, and birth defects or other reproductive harm. For more information go to www.P65Warnings.ca.gov/product.","8'' Lift Kit - GM Silverado / Sierra 2500HD/3500HD W/ Falcon 1.1 Shocks 2020-2025 — enhances your truck’s stance, performance, and ride quality. Perfect fit for Lift.",publish,,0,"2025-10-30 20:53:22",52,open," 44-30820",,,no,no,,3259.95,,,,,,,instock,no,no,,no,taxable,,,,,,,'-1,'-1,,,"https://fuel1direct.com/wp-content/uploads/2025/10/44-30820.jpg ! alt :  ! title :  ! desc :  ! caption : ",,https://fuel1direct.com/product/8-lift-kit-gm-silverado-sierra-2500hd-3500hd-w-falcon-1-1-shocks-2020-2025/,,ReadyLift,simple,,"Trucks: Lifts Kits, Wheel Packages & Customization > Suspension & Lift Kits - Trucks > Shocks & Struts - Truck",ReadyLift,,,,,[4674],"Florida, United States",28.944465,'-82.03363,1,,,,4,,,,,,,,,1,,,,,,,,,,,,5,1,1,3,,,,,0,,,,,,,,,,,,,,,,,,,,,,,,,,,,,,,,,,,,,,,,,,,,,,,,,,,,,,,,,,,,,,,,,,,,,,,,,,,,,
"8.5"" Lift Kit W/ Falcon Shocks - Ford Super Duty Diesel F250/F350 4WD 2017-2022",8-5-lift-kit-w-falcon-shocks-ford-super-duty-diesel-f250-f350-4wd-2017-2022,,215514,"The 8.5"" Lift Kit W/ Falcon Shocks - Ford Super Duty Diesel F250/F350 4WD 2017-2022 delivers reliable performance and a bold lifted look for your truck. Built from premium materials for long-lasting durability, it improves clearance and off-road handling. Includes key components for easy installation. Engineered for a precise fit and professional-quality ride whether you’re on the highway or trail. WARNING: This product can expose you to chemicals including Di(2-ethylhexyl)phthalate (DEHP), which is known to the State of California to cause cancer, and birth defects or other reproductive harm. For more information go to www.P65Warnings.ca.gov/product.","8.5"" Lift Kit W/ Falcon Shocks - Ford Super Duty Diesel F250/F350 4WD 2017-2022 — enhances your truck’s stance, performance, and ride quality. Perfect fit for Lift.",publish,,0,"2025-10-30 20:53:25",52,open," 49-27850",,,no,no,,3299.95,,,,,,,instock,no,no,,no,taxable,,,,,,,'-1,'-1,,,"https://fuel1direct.com/wp-content/uploads/2025/10/49-27850.jpg ! alt :  ! title :  ! desc :  ! caption : ",,https://fuel1direct.com/product/8-5-lift-kit-w-falcon-shocks-ford-super-duty-diesel-f250-f350-4wd-2017-2022/,,ReadyLift,simple,,"Trucks: Lifts Kits, Wheel Packages & Customization > Suspension & Lift Kits - Trucks > Shocks & Struts - Truck",ReadyLift,,,,,[4674],"Florida, United States",28.944465,'-82.03363,1,,,,4,,,,,,,,,1,,,,,,,,,,,,7,1,3,5,,,,,0,,,,,,,,,,,,,,,,,,,,,,,,,,,,,,,,,,,,,,,,,,,,,,,,,,,,,,,,,,,,,,,,,,,,,,,,,,,,,
"6'' MAX2.1 Suspension System W/ Falcon 2.1 Shocks- 2020-2024 GM Silverado / Sierra 2500HD/3500HD",6-max2-1-suspension-system-w-falcon-2-1-shocks-2020-2024-gm-silverado-sierra-2500hd-3500hd,,215515,"The 6'' MAX2.1 Suspension System W/ Falcon 2.1 Shocks- 2020-2024 GM Silverado / Sierra 2500HD/3500HD delivers reliable performance and a bold lifted look for your truck. Built from premium materials for long-lasting durability, it improves clearance and off-road handling. Includes key components for easy installation. Engineered for a precise fit and professional-quality ride whether you’re on the highway or trail. WARNING: This product can expose you to chemicals including Di(2-ethylhexyl)phthalate (DEHP), which is known to the State of California to cause cancer, and birth defects or other reproductive harm. For more information go to www.P65Warnings.ca.gov/product.","6'' MAX2.1 Suspension System W/ Falcon 2.1 Shocks- 2020-2024 GM Silverado / Sierra 2500HD/3500HD — enhances your truck’s stance, performance, and ride quality. Perfect fit for Suspension.",publish,,0,"2025-10-30 20:53:31",52,open," 42-30640",,,no,no,,3359.95,,,,,,,instock,no,no,,no,taxable,,,,,,,'-1,'-1,,,"https://fuel1direct.com/wp-content/uploads/2025/10/42-30640-1.jpg ! alt :  ! title :  ! desc :  ! caption : ",,https://fuel1direct.com/product/6-max2-1-suspension-system-w-falcon-2-1-shocks-2020-2024-gm-silverado-sierra-2500hd-3500hd/,,ReadyLift,simple,,"Trucks: Lifts Kits, Wheel Packages & Customization > Suspension & Lift Kits - Trucks > Shocks & Struts - Truck",ReadyLift,,,,,[4674],"Florida, United States",28.944465,'-82.03363,1,,,,4,,,,,,,,,1,,,,,,,,,,,,5,1,1,1,,,,,0,,,,,,,,,,,,,,,,,,,,,,,,,,,,,,,,,,,,,,,,,,,,,,,,,,,,,,,,,,,,,,,,,,,,,,,,,,,,,
"3"" SST2.1 Suspension System With Falcon 2.1 Struts/Shocks - Toyota Tacoma 2024-2025",3-sst2-1-suspension-system-with-falcon-2-1-struts-shocks-toyota-tacoma-2024-2025,,215517,"The 3"" SST2.1 Suspension System With Falcon 2.1 Struts/Shocks - Toyota Tacoma 2024-2025 delivers reliable performance and a bold lifted look for your truck. Built from premium materials for long-lasting durability, it improves clearance and off-road handling. Includes key components for easy installation. Engineered for a precise fit and professional-quality ride whether you’re on the highway or trail. WARNING: This product can expose you to chemicals including Di(2-ethylhexyl)phthalate (DEHP), which is known to the State of California to cause cancer, and birth defects or other reproductive harm. For more information go to www.P65Warnings.ca.gov/product.","3"" SST2.1 Suspension System With Falcon 2.1 Struts/Shocks - Toyota Tacoma 2024-2025 — enhances your truck’s stance, performance, and ride quality. Perfect fit for Suspension.",publish,,0,"2025-10-30 20:53:47",52,open," 62-54340",,,no,no,,3419.95,,,,,,,instock,no,no,,no,taxable,,,,,,,'-1,'-1,,,"https://fuel1direct.com/wp-content/uploads/2025/10/62-54340.jpg ! alt :  ! title :  ! desc :  ! caption : ",,https://fuel1direct.com/product/3-sst2-1-suspension-system-with-falcon-2-1-struts-shocks-toyota-tacoma-2024-2025/,,ReadyLift,simple,,"Trucks: Lifts Kits, Wheel Packages & Customization > Suspension & Lift Kits - Trucks > Shocks & Struts - Truck",ReadyLift,,,,,[4674],"Florida, United States",28.944465,'-82.03363,1,,,,4,,,,,,,,,1,,,,,,,,,,,,5,1,1,4,,,,,0,,,,,,,,,,,,,,,,,,,,,,,,,,,,,,,,,,,,,,,,,,,,,,,,,,,,,,,,,,,,,,,,,,,,,,,,,,,,,
"3"" SST2.1 Suspension System With Falcon 2.1 Struts/Shocks - Toyota Tundra 2022-2025",3-sst2-1-suspension-system-with-falcon-2-1-struts-shocks-toyota-tundra-2022-2025,,215518,"The 3"" SST2.1 Suspension System With Falcon 2.1 Struts/Shocks - Toyota Tundra 2022-2025 delivers reliable performance and a bold lifted look for your truck. Built from premium materials for long-lasting durability, it improves clearance and off-road handling. Includes key components for easy installation. Engineered for a precise fit and professional-quality ride whether you’re on the highway or trail. WARNING: This product can expose you to chemicals including Di(2-ethylhexyl)phthalate (DEHP), which is known to the State of California to cause cancer, and birth defects or other reproductive harm. For more information go to www.P65Warnings.ca.gov/product.","3"" SST2.1 Suspension System With Falcon 2.1 Struts/Shocks - Toyota Tundra 2022-2025 — enhances your truck’s stance, performance, and ride quality. Perfect fit for Suspension.",publish,,0,"2025-10-30 20:53:49",52,open," 62-52420",,,no,no,,3419.95,,,,,,,instock,no,no,,no,taxable,,,,,,,'-1,'-1,,,"https://fuel1direct.com/wp-content/uploads/2025/10/62-52420.jpg ! alt :  ! title :  ! desc :  ! caption : ",,https://fuel1direct.com/product/3-sst2-1-suspension-system-with-falcon-2-1-struts-shocks-toyota-tundra-2022-2025/,,ReadyLift,simple,,"Trucks: Lifts Kits, Wheel Packages & Customization > Suspension & Lift Kits - Trucks > Shocks & Struts - Truck",ReadyLift,,,,,[4674],"Florida, United States",28.944465,'-82.03363,1,,,,3,,,,,,,,,1,,,,,,,,,,,,5,1,1,4,,,,,0,,,,,,,,,,,,,,,,,,,,,,,,,,,,,,,,,,,,,,,,,,,,,,,,,,,,,,,,,,,,,,,,,,,,,,,,,,,,,
"5-6'' MAX 2.1 Suspension System - GM Silverado / Sierra 2500HD/3500HD W/ Falcon Shocks 2011-2019",5-6-max-2-1-suspension-system-gm-silverado-sierra-2500hd-3500hd-w-falcon-shocks-2011-2019,,215519,"The 5-6'' MAX 2.1 Suspension System - GM Silverado / Sierra 2500HD/3500HD W/ Falcon Shocks 2011-2019 delivers reliable performance and a bold lifted look for your truck. Built from premium materials for long-lasting durability, it improves clearance and off-road handling. Engineered for a precise fit and professional-quality ride whether you’re on the highway or trail. WARNING: This product can expose you to chemicals including Di(2-ethylhexyl)phthalate (DEHP), which is known to the State of California to cause cancer, and birth defects or other reproductive harm. For more information go to www.P65Warnings.ca.gov/product.","5-6'' MAX 2.1 Suspension System - GM Silverado / Sierra 2500HD/3500HD W/ Falcon Shocks 2011-2019 — enhances your truck’s stance, performance, and ride quality. Perfect fit for Suspension.",publish,,0,"2025-10-30 20:53:52",52,open," 42-31540",,,no,no,,3499.95,,,,,,,instock,no,no,,no,taxable,,,,,,,'-1,'-1,,,"https://fuel1direct.com/wp-content/uploads/2025/10/42-31540.jpg ! alt :  ! title :  ! desc :  ! caption : ",,https://fuel1direct.com/product/5-6-max-2-1-suspension-system-gm-silverado-sierra-2500hd-3500hd-w-falcon-shocks-2011-2019/,,ReadyLift,simple,,"Trucks: Lifts Kits, Wheel Packages & Customization > Suspension & Lift Kits - Trucks > Shocks & Struts - Truck",ReadyLift,,,,,[4674],"Florida, United States",28.944465,'-82.03363,1,,,,4,,,,,,,,,1,,,,,,,,,,,,4,1,2,2,,,,,0,,,,,,,,,,,,,,,,,,,,,,,,,,,,,,,,,,,,,,,,,,,,,,,,,,,,,,,,,,,,,,,,,,,,,,,,,,,,,
"8.5"" Lift Kit W/ Falcon Shocks And Radius Arms - Ford Super Duty Diesel F250/F350 4WD 2017-2022",8-5-lift-kit-w-falcon-shocks-and-radius-arms-ford-super-duty-diesel-f250-f350-4wd-2017-2022,,215521,"The 8.5"" Lift Kit W/ Falcon Shocks And Radius Arms - Ford Super Duty Diesel F250/F350 4WD 2017-2022 delivers reliable performance and a bold lifted look for your truck. Built from premium materials for long-lasting durability, it improves clearance and off-road handling. Includes key components for easy installation. Engineered for a precise fit and professional-quality ride whether you’re on the highway or trail. WARNING: This product can expose you to chemicals including Di(2-ethylhexyl)phthalate (DEHP), which is known to the State of California to cause cancer, and birth defects or other reproductive harm. For more information go to www.P65Warnings.ca.gov/product.","8.5"" Lift Kit W/ Falcon Shocks And Radius Arms - Ford Super Duty Diesel F250/F350 4WD 2017-2022 — enhances your truck’s stance, performance, and ride quality. Perfect fit for Lift.",publish,,0,"2025-10-30 20:53:57",52,open," 49-27851",,,no,no,,3599.95,,,,,,,instock,no,no,,no,taxable,,,,,,,'-1,'-1,,,"https://fuel1direct.com/wp-content/uploads/2025/10/49-27851.jpg ! alt :  ! title :  ! desc :  ! caption : ",,https://fuel1direct.com/product/8-5-lift-kit-w-falcon-shocks-and-radius-arms-ford-super-duty-diesel-f250-f350-4wd-2017-2022/,,ReadyLift,simple,,"Trucks: Lifts Kits, Wheel Packages & Customization > Suspension & Lift Kits - Trucks > Shocks & Struts - Truck",ReadyLift,,,,,[4674],"Florida, United States",28.944465,'-82.03363,1,,,,5,,,,,,,,,1,,,,,,,,,,,,6,1,1,4,,,,,0,,,,,,,,,,,,,,,,,,,,,,,,,,,,,,,,,,,,,,,,,,,,,,,,,,,,,,,,,,,,,,,,,,,,,,,,,,,,,
"6'' MAX3.3 Suspension System 2019-2024 Ram 2500 W/ Falcon 3.3 Shocks And Radius Arms Standard Output Diesel Motor",6-max3-3-suspension-system-2019-2024-ram-2500-w-falcon-3-3-shocks-and-radius-arms-standard-output-diesel-motor,,215524,"The 6'' MAX3.3 Suspension System 2019-2024 Ram 2500 W/ Falcon 3.3 Shocks And Radius Arms Standard Output Diesel Motor delivers reliable performance and a bold lifted look for your truck. Built from premium materials for long-lasting durability, it improves clearance and off-road handling. Includes key components for easy installation. Engineered for a precise fit and professional-quality ride whether you’re on the highway or trail. WARNING: This product can expose you to chemicals including Di(2-ethylhexyl)phthalate (DEHP), which is known to the State of California to cause cancer, and birth defects or other reproductive harm. For more information go to www.P65Warnings.ca.gov/product.","6'' MAX3.3 Suspension System 2019-2024 Ram 2500 W/ Falcon 3.3 Shocks And Radius Arms Standard Output Diesel Motor — enhances your truck’s stance, performance, and ride quality. Perfect fit for Suspension.",publish,,0,"2025-10-30 20:54:04",52,open," 43-19642",,,no,no,,3889.95,,,,,,,instock,no,no,,no,taxable,,,,,,,'-1,'-1,,,"https://fuel1direct.com/wp-content/uploads/2025/10/43-19642.jpg ! alt :  ! title :  ! desc :  ! caption : ",,https://fuel1direct.com/product/6-max3-3-suspension-system-2019-2024-ram-2500-w-falcon-3-3-shocks-and-radius-arms-standard-output-diesel-motor/,,ReadyLift,simple,,"Trucks: Lifts Kits, Wheel Packages & Customization > Suspension & Lift Kits - Trucks > Shocks & Struts - Truck",ReadyLift,,,,,[4674],"Florida, United States",28.944465,'-82.03363,1,,,,2,,,,,,,,,1,,,,,,,,,,,,5,1,2,2,,,,,0,,,,,,,,,,,,,,,,,,,,,,,,,,,,,,,,,,,,,,,,,,,,,,,,,,,,,,,,,,,,,,,,,,,,,,,,,,,,,
"3"" SST3.3 Suspension System With Falcon 3.3 Struts/Shocks - Toyota Tacoma 2024-2025",3-sst3-3-suspension-system-with-falcon-3-3-struts-shocks-toyota-tacoma-2024-2025,,215525,"The 3"" SST3.3 Suspension System With Falcon 3.3 Struts/Shocks - Toyota Tacoma 2024-2025 delivers reliable performance and a bold lifted look for your truck. Built from premium materials for long-lasting durability, it improves clearance and off-road handling. Engineered for a precise fit and professional-quality ride whether you’re on the highway or trail. WARNING: This product can expose you to chemicals including Di(2-ethylhexyl)phthalate (DEHP), which is known to the State of California to cause cancer, and birth defects or other reproductive harm. For more information go to www.P65Warnings.ca.gov/product.","3"" SST3.3 Suspension System With Falcon 3.3 Struts/Shocks - Toyota Tacoma 2024-2025 — enhances your truck’s stance, performance, and ride quality. Perfect fit for Suspension.",publish,,0,"2025-10-30 20:54:11",52,open," 62-54360",,,no,no,,3999.95,,,,,,,instock,no,no,,no,taxable,,,,,,,'-1,'-1,,,"https://fuel1direct.com/wp-content/uploads/2025/10/62-54360.jpg ! alt :  ! title :  ! desc :  ! caption : ",,https://fuel1direct.com/product/3-sst3-3-suspension-system-with-falcon-3-3-struts-shocks-toyota-tacoma-2024-2025/,,ReadyLift,simple,,"Trucks: Lifts Kits, Wheel Packages & Customization > Suspension & Lift Kits - Trucks > Shocks & Struts - Truck",ReadyLift,,,,,[4674],"Florida, United States",28.944465,'-82.03363,1,,,,3,,,,,,,,,1,,,,,,,,,,,,4,1,2,3,,,,,0,,,,,,,,,,,,,,,,,,,,,,,,,,,,,,,,,,,,,,,,,,,,,,,,,,,,,,,,,,,,,,,,,,,,,,,,,,,,,
"3"" SST3.3 Suspension System With Falcon 3.3 Struts/Shocks - Toyota Tundra 2022-2025",3-sst3-3-suspension-system-with-falcon-3-3-struts-shocks-toyota-tundra-2022-2025,,215559,"The 3"" SST3.3 Suspension System With Falcon 3.3 Struts/Shocks - Toyota Tundra 2022-2025 delivers reliable performance and a bold lifted look for your truck. Built from premium materials for long-lasting durability, it improves clearance and off-road handling. Engineered for a precise fit and professional-quality ride whether you’re on the highway or trail. WARNING: This product can expose you to chemicals including Di(2-ethylhexyl)phthalate (DEHP), which is known to the State of California to cause cancer, and birth defects or other reproductive harm. For more information go to www.P65Warnings.ca.gov/product.","3"" SST3.3 Suspension System With Falcon 3.3 Struts/Shocks - Toyota Tundra 2022-2025 — enhances your truck’s stance, performance, and ride quality. Perfect fit for Suspension.",publish,,0,"2025-10-30 20:56:46",52,open," 62-52460",,,no,no,,4299.95,,,,,,,instock,no,no,,no,taxable,,,,,,,'-1,'-1,,,"https://fuel1direct.com/wp-content/uploads/2025/10/62-52460.jpg ! alt :  ! title :  ! desc :  ! caption : ",,https://fuel1direct.com/product/3-sst3-3-suspension-system-with-falcon-3-3-struts-shocks-toyota-tundra-2022-2025/,,ReadyLift,simple,,"Trucks: Lifts Kits, Wheel Packages & Customization > Suspension & Lift Kits - Trucks > Shocks & Struts - Truck",ReadyLift,,,,,[4674],"Florida, United States",28.944465,'-82.03363,1,,,,5,,,,,,,,,1,,,,,,,,,,,,7,1,2,3,,,,,0,,,,,,,,,,,,,,,,,,,,,,,,,,,,,,,,,,,,,,,,,,,,,,,,,,,,,,,,,,,,,,,,,,,,,,,,,,,,,
"6'' MAX3.3 Suspension System W/ Falcon 3.3 Shocks And Fab UCA Arms - 2020-2025 GM Silverado / Sierra 2500HD/3500HD",6-max3-3-suspension-system-w-falcon-3-3-shocks-and-fab-uca-arms-2020-2025-gm-silverado-sierra-2500hd-3500hd,,215560,"The 6'' MAX3.3 Suspension System W/ Falcon 3.3 Shocks And Fab UCA Arms - 2020-2025 GM Silverado / Sierra 2500HD/3500HD delivers reliable performance and a bold lifted look for your truck. Built from premium materials for long-lasting durability, it improves clearance and off-road handling. Includes key components for easy installation. Engineered for a precise fit and professional-quality ride whether you’re on the highway or trail. WARNING: This product can expose you to chemicals including Di(2-ethylhexyl)phthalate (DEHP), which is known to the State of California to cause cancer, and birth defects or other reproductive harm. For more information go to www.P65Warnings.ca.gov/product.","6'' MAX3.3 Suspension System W/ Falcon 3.3 Shocks And Fab UCA Arms - 2020-2025 GM Silverado / Sierra 2500HD/3500HD — enhances your truck’s stance, performance, and ride quality. Perfect fit for Suspension.",publish,,0,"2025-10-30 20:56:49",52,open," 42-30660",,,no,no,,4599.95,,,,,,,instock,no,no,,no,taxable,,,,,,,'-1,'-1,,,"https://fuel1direct.com/wp-content/uploads/2025/10/42-30660.jpg ! alt :  ! title :  ! desc :  ! caption : ",,https://fuel1direct.com/product/6-max3-3-suspension-system-w-falcon-3-3-shocks-and-fab-uca-arms-2020-2025-gm-silverado-sierra-2500hd-3500hd/,,ReadyLift,simple,,"Trucks: Lifts Kits, Wheel Packages & Customization > Suspension & Lift Kits - Trucks > Shocks & Struts - Truck",ReadyLift,,,,,[4674],"Florida, United States",28.944465,'-82.03363,1,,,,2,,,,,,,,,1,,,,,,,,,,,,2,1,1,1,,,,,0,,,,,,,,,,,,,,,,,,,,,,,,,,,,,,,,,,,,,,,,,,,,,,,,,,,,,,,,,,,,,,,,,,,,,,,,,,,,,
"8'' MAX3.3 Suspension System W/ Falcon 3.3 Shocks And Fab UCA Arms - 2020-2025 GM Silverado / Sierra 2500HD/3500HD",8-max3-3-suspension-system-w-falcon-3-3-shocks-and-fab-uca-arms-2020-2025-gm-silverado-sierra-2500hd-3500hd,,215561,"The 8'' MAX3.3 Suspension System W/ Falcon 3.3 Shocks And Fab UCA Arms - 2020-2025 GM Silverado / Sierra 2500HD/3500HD delivers reliable performance and a bold lifted look for your truck. Built from premium materials for long-lasting durability, it improves clearance and off-road handling. Includes key components for easy installation. Engineered for a precise fit and professional-quality ride whether you’re on the highway or trail. WARNING: This product can expose you to chemicals including Di(2-ethylhexyl)phthalate (DEHP), which is known to the State of California to cause cancer, and birth defects or other reproductive harm. For more information go to www.P65Warnings.ca.gov/product.","8'' MAX3.3 Suspension System W/ Falcon 3.3 Shocks And Fab UCA Arms - 2020-2025 GM Silverado / Sierra 2500HD/3500HD — enhances your truck’s stance, performance, and ride quality. Perfect fit for Suspension.",publish,,0,"2025-10-30 20:56:52",52,open," 42-30840",,,no,no,,4729.95,,,,,,,instock,no,no,,no,taxable,,,,,,,'-1,'-1,,,"https://fuel1direct.com/wp-content/uploads/2025/10/42-30840.jpg ! alt :  ! title :  ! desc :  ! caption : ",,https://fuel1direct.com/product/8-max3-3-suspension-system-w-falcon-3-3-shocks-and-fab-uca-arms-2020-2025-gm-silverado-sierra-2500hd-3500hd/,,ReadyLift,simple,,"Trucks: Lifts Kits, Wheel Packages & Customization > Suspension & Lift Kits - Trucks > Shocks & Struts - Truck",ReadyLift,,,,,[4674],"Florida, United States",28.944465,'-82.03363,1,,,,2,,,,,,,,,1,,,,,,,,,,,,2,1,1,1,,,,,0,,,,,,,,,,,,,,,,,,,,,,,,,,,,,,,,,,,,,,,,,,,,,,,,,,,,,,,,,,,,,,,,,,,,,,,,,,,,,
"6"" MAX3.3 Suspension System - GM Silverado / Sierra 1500 - 2019-2024 With Falcon 3.3 Shocks",6-max3-3-suspension-system-gm-silverado-sierra-1500-2019-2024-with-falcon-3-3-shocks,,215562,"The 6"" MAX3.3 Suspension System - GM Silverado / Sierra 1500 - 2019-2024 With Falcon 3.3 Shocks delivers reliable performance and a bold lifted look for your truck. Built from premium materials for long-lasting durability, it improves clearance and off-road handling. Includes key components for easy installation. Engineered for a precise fit and professional-quality ride whether you’re on the highway or trail. WARNING: This product can expose you to chemicals including Di(2-ethylhexyl)phthalate (DEHP), which is known to the State of California to cause cancer, and birth defects or other reproductive harm. For more information go to www.P65Warnings.ca.gov/product.","6"" MAX3.3 Suspension System - GM Silverado / Sierra 1500 - 2019-2024 With Falcon 3.3 Shocks — enhances your truck’s stance, performance, and ride quality. Perfect fit for Suspension.",publish,,0,"2025-10-30 20:56:55",52,open," 42-39640",,,no,no,,4999.95,,,,,,,instock,no,no,,no,taxable,,,,,,,'-1,'-1,,,"https://fuel1direct.com/wp-content/uploads/2025/10/42-39640-2.png ! alt :  ! title :  ! desc :  ! caption : ",,https://fuel1direct.com/product/6-max3-3-suspension-system-gm-silverado-sierra-1500-2019-2024-with-falcon-3-3-shocks/,,ReadyLift,simple,,"Trucks: Lifts Kits, Wheel Packages & Customization > Suspension & Lift Kits - Trucks > Shocks & Struts - Truck",ReadyLift,,,,,[4674],"Florida, United States",28.944465,'-82.03363,1,,,,5,,,,,,,,,1,,,,,,,,,,,,8,1,2,6,,,,,0,,,,,,,,,,,,,,,,,,,,,,,,,,,,,,,,,,,,,,,,,,,,,,,,,,,,,,,,,,,,,,,,,,,,,,,,,,,,,
"6"" MAX3.3 Suspension System - GM Silverado / Sierra 1500 - 2025 With Falcon 3.3 Shocks",6-max3-3-suspension-system-gm-silverado-sierra-1500-2025-with-falcon-3-3-shocks,,215563,"The 6"" MAX3.3 Suspension System - GM Silverado / Sierra 1500 - 2025 With Falcon 3.3 Shocks delivers reliable performance and a bold lifted look for your truck. Built from premium materials for long-lasting durability, it improves clearance and off-road handling. Includes key components for easy installation. Engineered for a precise fit and professional-quality ride whether you’re on the highway or trail. WARNING: This product can expose you to chemicals including Di(2-ethylhexyl)phthalate (DEHP), which is known to the State of California to cause cancer, and birth defects or other reproductive harm. For more information go to www.P65Warnings.ca.gov/product.","6"" MAX3.3 Suspension System - GM Silverado / Sierra 1500 - 2025 With Falcon 3.3 Shocks — enhances your truck’s stance, performance, and ride quality. Perfect fit for Suspension.",publish,,0,"2025-10-30 20:56:57",52,open," 42-35640",,,no,no,,4999.95,,,,,,,instock,no,no,,no,taxable,,,,,,,'-1,'-1,,,"https://fuel1direct.com/wp-content/uploads/2025/10/42-35640-2.png ! alt :  ! title :  ! desc :  ! caption : ",,https://fuel1direct.com/product/6-max3-3-suspension-system-gm-silverado-sierra-1500-2025-with-falcon-3-3-shocks/,,ReadyLift,simple,,"Trucks: Lifts Kits, Wheel Packages & Customization > Suspension & Lift Kits - Trucks > Shocks & Struts - Truck",ReadyLift,,,,,[4674],"Florida, United States",28.944465,'-82.03363,1,,,,3,,,,,,,,,1,,,,,,,,,,,,4,1,2,3,,,,,0,,,,,,,,,,,,,,,,,,,,,,,,,,,,,,,,,,,,,,,,,,,,,,,,,,,,,,,,,,,,,,,,,,,,,,,,,,,,,
"SST3000 Rear Shock - For 5 Inch Of Rear Lift - Ford F150 2009-2020",sst3000-rear-shock-for-5-inch-of-rear-lift-ford-f150-2009-2020,,215594,"The SST3000 Rear Shock - For 5 Inch Of Rear Lift - Ford F150 2009-2020 delivers reliable performance and a bold lifted look for your truck. Built from premium materials for long-lasting durability, it improves clearance and off-road handling. Engineered for a precise fit and professional-quality ride whether you’re on the highway or trail. WARNING: This product can expose you to chemicals including Di(2-ethylhexyl)phthalate (DEHP), which is known to the State of California to cause cancer, and birth defects or other reproductive harm. For more information go to www.P65Warnings.ca.gov/product.","SST3000 Rear Shock - For 5 Inch Of Rear Lift - Ford F150 2009-2020 — enhances your truck’s stance, performance, and ride quality. Perfect fit for Rear.",publish,,0,"2025-10-30 20:59:14",52,open," 93-2057R",,,no,no,,48.96,,,,,,,instock,no,no,,no,taxable,,,,,,,'-1,'-1,,,"https://fuel1direct.com/wp-content/uploads/2025/10/readylift-93-2057r.jpg ! alt :  ! title :  ! desc :  ! caption : ",,https://fuel1direct.com/product/sst3000-rear-shock-for-5-inch-of-rear-lift-ford-f150-2009-2020/,,ReadyLift,simple,,"Trucks: Lifts Kits, Wheel Packages & Customization > Suspension & Lift Kits - Trucks > Shocks & Struts - Truck",ReadyLift,,,,,[4674],"Florida, United States",28.944465,'-82.03363,1,,,,7,,,,,,,,,1,,,,,,,,,,,,8,1,3,5,,,,,0,,,,,,,,,,,,,,,,,,,,,,,,,,,,,,,,,,,,,,,,,,,,,,,,,,,,,,,,,,,,,,,,,,,,,,,,,,,,,
"8"" MAX3.3 Suspension System - GM Silverado / Sierra 1500 - 2019-2024 With Falcon 3.3 Shocks",8-max3-3-suspension-system-gm-silverado-sierra-1500-2019-2024-with-falcon-3-3-shocks,,215602,"The 8"" MAX3.3 Suspension System - GM Silverado / Sierra 1500 - 2019-2024 With Falcon 3.3 Shocks delivers reliable performance and a bold lifted look for your truck. Built from premium materials for long-lasting durability, it improves clearance and off-road handling. Includes key components for easy installation. Engineered for a precise fit and professional-quality ride whether you’re on the highway or trail. WARNING: This product can expose you to chemicals including Di(2-ethylhexyl)phthalate (DEHP), which is known to the State of California to cause cancer, and birth defects or other reproductive harm. For more information go to www.P65Warnings.ca.gov/product.","8"" MAX3.3 Suspension System - GM Silverado / Sierra 1500 - 2019-2024 With Falcon 3.3 Shocks — enhances your truck’s stance, performance, and ride quality. Perfect fit for Suspension.",publish,,0,"2025-10-30 20:59:54",52,open," 42-39840",,,no,no,,5199.95,,,,,,,instock,no,no,,no,taxable,,,,,,,'-1,'-1,,,"https://fuel1direct.com/wp-content/uploads/2025/10/42-39840-2.png ! alt :  ! title :  ! desc :  ! caption : ",,https://fuel1direct.com/product/8-max3-3-suspension-system-gm-silverado-sierra-1500-2019-2024-with-falcon-3-3-shocks/,,ReadyLift,simple,,"Trucks: Lifts Kits, Wheel Packages & Customization > Suspension & Lift Kits - Trucks > Shocks & Struts - Truck",ReadyLift,,,,,[4674],"Florida, United States",28.944465,'-82.03363,1,,,,4,,,,,,,,,1,,,,,,,,,,,,5,1,3,4,,,,,0,,,,,,,,,,,,,,,,,,,,,,,,,,,,,,,,,,,,,,,,,,,,,,,,,,,,,,,,,,,,,,,,,,,,,,,,,,,,,
"8"" MAX3.3 Suspension System - GM Silverado / Sierra 1500 - 2025 With Falcon 3.3 Shocks",8-max3-3-suspension-system-gm-silverado-sierra-1500-2025-with-falcon-3-3-shocks,,215603,"The 8"" MAX3.3 Suspension System - GM Silverado / Sierra 1500 - 2025 With Falcon 3.3 Shocks delivers reliable performance and a bold lifted look for your truck. Built from premium materials for long-lasting durability, it improves clearance and off-road handling. Includes key components for easy installation. Engineered for a precise fit and professional-quality ride whether you’re on the highway or trail. WARNING: This product can expose you to chemicals including Di(2-ethylhexyl)phthalate (DEHP), which is known to the State of California to cause cancer, and birth defects or other reproductive harm. For more information go to www.P65Warnings.ca.gov/product.","8"" MAX3.3 Suspension System - GM Silverado / Sierra 1500 - 2025 With Falcon 3.3 Shocks — enhances your truck’s stance, performance, and ride quality. Perfect fit for Suspension.",publish,,0,"2025-10-30 20:59:56",52,open," 42-35840",,,no,no,,5199.95,,,,,,,instock,no,no,,no,taxable,,,,,,,'-1,'-1,,,"https://fuel1direct.com/wp-content/uploads/2025/10/42-35840.png ! alt :  ! title :  ! desc :  ! caption : ",,https://fuel1direct.com/product/8-max3-3-suspension-system-gm-silverado-sierra-1500-2025-with-falcon-3-3-shocks/,,ReadyLift,simple,,"Trucks: Lifts Kits, Wheel Packages & Customization > Suspension & Lift Kits - Trucks > Shocks & Struts - Truck",ReadyLift,,,,,[4674],"Florida, United States",28.944465,'-82.03363,1,,,,4,,,,,,,,,1,,,,,,,,,,,,4,1,2,4,,,,,0,,,,,,,,,,,,,,,,,,,,,,,,,,,,,,,,,,,,,,,,,,,,,,,,,,,,,,,,,,,,,,,,,,,,,,,,,,,,,
"SST3000 Rear Shocks For 2.5""-4.0"" Rear Lift - Jeep JK Wrangler 4WD 2007-2018",sst3000-rear-shocks-for-2-5-4-0-rear-lift-jeep-jk-wrangler-4wd-2007-2018,,215639,"The SST3000 Rear Shocks For 2.5""-4.0"" Rear Lift - Jeep JK Wrangler 4WD 2007-2018 delivers reliable performance and a bold lifted look for your truck. Built from premium materials for long-lasting durability, it improves clearance and off-road handling. Engineered for a precise fit and professional-quality ride whether you’re on the highway or trail. WARNING: This product can expose you to chemicals including Di(2-ethylhexyl)phthalate (DEHP), which is known to the State of California to cause cancer, and birth defects or other reproductive harm. For more information go to www.P65Warnings.ca.gov/product.","SST3000 Rear Shocks For 2.5""-4.0"" Rear Lift - Jeep JK Wrangler 4WD 2007-2018 — enhances your truck’s stance, performance, and ride quality. Perfect fit for Rear.",publish,,0,"2025-10-30 21:02:41",52,open," 93-6400R",,,no,no,,59.95,,,,,,,instock,no,no,,no,taxable,,,,,,,'-1,'-1,,,"https://fuel1direct.com/wp-content/uploads/2025/10/93-6400r.jpg ! alt :  ! title :  ! desc :  ! caption : ",,https://fuel1direct.com/product/sst3000-rear-shocks-for-2-5-4-0-rear-lift-jeep-jk-wrangler-4wd-2007-2018/,,ReadyLift,simple,,"Trucks: Lifts Kits, Wheel Packages & Customization > Suspension & Lift Kits - Trucks > Shocks & Struts - Truck",ReadyLift,,,,,[4674],"Florida, United States",28.944465,'-82.03363,1,,,,5,,,,,,,,,1,,,,,,,,,,,,5,1,3,4,,,,,0,,,,,,,,,,,,,,,,,,,,,,,,,,,,,,,,,,,,,,,,,,,,,,,,,,,,,,,,,,,,,,,,,,,,,,,,,,,,,
"SST3000 Front Shocks For 2.5-4"" Lift - Jeep JK Wrangler 4WD 2007-2018",sst3000-front-shocks-for-2-5-4-lift-jeep-jk-wrangler-4wd-2007-2018,,215640,"The SST3000 Front Shocks For 2.5-4"" Lift - Jeep JK Wrangler 4WD 2007-2018 delivers reliable performance and a bold lifted look for your truck. Built from premium materials for long-lasting durability, it improves clearance and off-road handling. Engineered for a precise fit and professional-quality ride whether you’re on the highway or trail. WARNING: This product can expose you to chemicals including Di(2-ethylhexyl)phthalate (DEHP), which is known to the State of California to cause cancer, and birth defects or other reproductive harm. For more information go to www.P65Warnings.ca.gov/product.","SST3000 Front Shocks For 2.5-4"" Lift - Jeep JK Wrangler 4WD 2007-2018 — enhances your truck’s stance, performance, and ride quality. Perfect fit for Front.",publish,,0,"2025-10-30 21:02:44",52,open," 93-6400F",,,no,no,,59.95,,,,,,,instock,no,no,,no,taxable,,,,,,,'-1,'-1,,,"https://fuel1direct.com/wp-content/uploads/2025/10/93-6400f.jpg ! alt :  ! title :  ! desc :  ! caption : ",,https://fuel1direct.com/product/sst3000-front-shocks-for-2-5-4-lift-jeep-jk-wrangler-4wd-2007-2018/,,ReadyLift,simple,,"Trucks: Lifts Kits, Wheel Packages & Customization > Suspension & Lift Kits - Trucks > Shocks & Struts - Truck",ReadyLift,,,,,[4674],"Florida, United States",28.944465,'-82.03363,1,,,,5,,,,,,,,,1,,,,,,,,,,,,11,1,1,9,,,,,0,,,,,,,,,,,,,,,,,,,,,,,,,,,,,,,,,,,,,,,,,,,,,,,,,,,,,,,,,,,,,,,,,,,,,,,,,,,,,
"SST3000 Rear Shocks - For 5 Inch Of Rear Lift - GM 1500 2007-UP",sst3000-rear-shocks-for-5-inch-of-rear-lift-gm-1500-2007-up,,215641,"The SST3000 Rear Shocks - For 5 Inch Of Rear Lift - GM 1500 2007-UP delivers reliable performance and a bold lifted look for your truck. Built from premium materials for long-lasting durability, it improves clearance and off-road handling. Engineered for a precise fit and professional-quality ride whether you’re on the highway or trail. WARNING: This product can expose you to chemicals including Di(2-ethylhexyl)phthalate (DEHP), which is known to the State of California to cause cancer, and birth defects or other reproductive harm. For more information go to www.P65Warnings.ca.gov/product.","SST3000 Rear Shocks - For 5 Inch Of Rear Lift - GM 1500 2007-UP — enhances your truck’s stance, performance, and ride quality. Perfect fit for Rear.",publish,,0,"2025-10-30 21:02:46",52,open," 93-3057R",,,no,no,,59.95,,,,,,,instock,no,no,,no,taxable,,,,,,,'-1,'-1,,,"https://fuel1direct.com/wp-content/uploads/2025/10/readylift-93-3057r_2.jpg ! alt :  ! title :  ! desc :  ! caption : ",,https://fuel1direct.com/product/sst3000-rear-shocks-for-5-inch-of-rear-lift-gm-1500-2007-up/,,ReadyLift,simple,,"Trucks: Lifts Kits, Wheel Packages & Customization > Suspension & Lift Kits - Trucks > Shocks & Struts - Truck",ReadyLift,,,,,[4674],"Florida, United States",28.944465,'-82.03363,1,,,,3,,,,,,,,,1,,,,,,,,,,,,3,1,1,1,,,,,0,,,,,,,,,,,,,,,,,,,,,,,,,,,,,,,,,,,,,,,,,,,,,,,,,,,,,,,,,,,,,,,,,,,,,,,,,,,,,
"Rear Shock Extensions - GM Full-Size Truck / SUV 1500 1999-2025",rear-shock-extensions-gm-full-size-truck-suv-1500-1999-2025,,215673,"The Rear Shock Extensions - GM Full-Size Truck / SUV 1500 1999-2025 delivers reliable performance and a bold lifted look for your truck. Built from premium materials for long-lasting durability, it improves clearance and off-road handling. Engineered for a precise fit and professional-quality ride whether you’re on the highway or trail. WARNING: This product can expose you to chemicals including Di(2-ethylhexyl)phthalate (DEHP), which is known to the State of California to cause cancer, and birth defects or other reproductive harm. For more information go to www.P65Warnings.ca.gov/product.","Rear Shock Extensions - GM Full-Size Truck / SUV 1500 1999-2025 — enhances your truck’s stance, performance, and ride quality. Perfect fit for Rear.",publish,,0,"2025-10-30 21:04:50",52,open," 67-3809",,,no,no,,69.95,,,,,,,instock,no,no,,no,taxable,,,,,,,'-1,'-1,,,"https://fuel1direct.com/wp-content/uploads/2025/10/readylift-67-3809.jpg ! alt :  ! title :  ! desc :  ! caption : ",,https://fuel1direct.com/product/rear-shock-extensions-gm-full-size-truck-suv-1500-1999-2025/,,ReadyLift,simple,,"Trucks: Lifts Kits, Wheel Packages & Customization > Suspension & Lift Kits - Trucks > Shocks & Struts - Truck",ReadyLift,,,,,[4674],"Florida, United States",28.944465,'-82.03363,1,,,,4,,,,,,,,,1,,,,,,,,,,,,6,1,3,4,,,,,0,,,,,,,,,,,,,,,,,,,,,,,,,,,,,,,,,,,,,,,,,,,,,,,,,,,,,,,,,,,,,,,,,,,,,,,,,,,,,
"SST3000 Rear Shocks - For 4""-5"" Inch Of Rear Lift - GM 2500HD - 3500HD, 2011-2019",sst3000-rear-shocks-for-4-5-inch-of-rear-lift-gm-2500hd-3500hd-2011-2019,,215674,"The SST3000 Rear Shocks - For 4""-5"" Inch Of Rear Lift - GM 2500HD - 3500HD, 2011-2019 delivers reliable performance and a bold lifted look for your truck. Built from premium materials for long-lasting durability, it improves clearance and off-road handling. Engineered for a precise fit and professional-quality ride whether you’re on the highway or trail. WARNING: This product can expose you to chemicals including Di(2-ethylhexyl)phthalate (DEHP), which is known to the State of California to cause cancer, and birth defects or other reproductive harm. For more information go to www.P65Warnings.ca.gov/product.","SST3000 Rear Shocks - For 4""-5"" Inch Of Rear Lift - GM 2500HD - 3500HD, 2011-2019 — enhances your truck’s stance, performance, and ride quality. Perfect fit for Rear.",publish,,0,"2025-10-30 21:04:53",52,open," 93-3156R",,,no,no,,69.95,,,,,,,instock,no,no,,no,taxable,,,,,,,'-1,'-1,,,"https://fuel1direct.com/wp-content/uploads/2025/10/readylift-93-3057r_3.jpg ! alt :  ! title :  ! desc :  ! caption : ",,https://fuel1direct.com/product/sst3000-rear-shocks-for-4-5-inch-of-rear-lift-gm-2500hd-3500hd-2011-2019/,,ReadyLift,simple,,"Trucks: Lifts Kits, Wheel Packages & Customization > Suspension & Lift Kits - Trucks > Shocks & Struts - Truck",ReadyLift,,,,,[4674],"Florida, United States",28.944465,'-82.03363,1,,,,3,,,,,,,,,1,,,,,,,,,,,,3,1,1,1,,,,,0,,,,,,,,,,,,,,,,,,,,,,,,,,,,,,,,,,,,,,,,,,,,,,,,,,,,,,,,,,,,,,,,,,,,,,,,,,,,,
"SST3000 Rear Shock -Ford F250/350/450",sst3000-rear-shock-ford-f250-350-450,,215739,"The SST3000 Rear Shock -Ford F250/350/450 delivers reliable performance and a bold lifted look for your truck. Built from premium materials for long-lasting durability, it improves clearance and off-road handling. Engineered for a precise fit and professional-quality ride whether you’re on the highway or trail. WARNING: This product can expose you to chemicals including Di(2-ethylhexyl)phthalate (DEHP), which is known to the State of California to cause cancer, and birth defects or other reproductive harm. For more information go to www.P65Warnings.ca.gov/product.","SST3000 Rear Shock -Ford F250/350/450 — enhances your truck’s stance, performance, and ride quality. Perfect fit for Rear.",publish,,0,"2025-10-30 21:09:58",52,open," 93-2500R",,,no,no,,1399.95,,,,,,,instock,no,no,,no,taxable,,,,,,,'-1,'-1,,,"https://fuel1direct.com/wp-content/uploads/2025/10/readylift-93-2057r-1_2.jpg ! alt :  ! title :  ! desc :  ! caption : ",,https://fuel1direct.com/product/sst3000-rear-shock-ford-f250-350-450/,,ReadyLift,simple,,"Trucks: Lifts Kits, Wheel Packages & Customization > Suspension & Lift Kits - Trucks > Shocks & Struts - Truck",ReadyLift,,,,,[4674],"Florida, United States",28.944465,'-82.03363,1,,,,,,,,,,,,,1,,,,,,,,,,,,3,1,1,3,,,,,0,,,,,,,,,,,,,,,,,,,,,,,,,,,,,,,,,,,,,,,,,,,,,,,,,,,,,,,,,,,,,,,,,,,,,,,,,,,,,
"6'' Lift Kit - Dodge Ram 2500 4WD W/ SST3000 Shocks 2014-2018",6-lift-kit-dodge-ram-2500-4wd-w-sst3000-shocks-2014-2018,,215746,"The 6'' Lift Kit - Dodge Ram 2500 4WD W/ SST3000 Shocks 2014-2018 delivers reliable performance and a bold lifted look for your truck. Built from premium materials for long-lasting durability, it improves clearance and off-road handling. Includes key components for easy installation. Engineered for a precise fit and professional-quality ride whether you’re on the highway or trail. WARNING: This product can expose you to chemicals including Di(2-ethylhexyl)phthalate (DEHP), which is known to the State of California to cause cancer, and birth defects or other reproductive harm. For more information go to www.P65Warnings.ca.gov/product.","6'' Lift Kit - Dodge Ram 2500 4WD W/ SST3000 Shocks 2014-2018 — enhances your truck’s stance, performance, and ride quality. Perfect fit for Lift.",publish,,0,"2025-10-30 21:10:23",52,open," 49-1630-K",,,no,no,,1949.95,,,,,,,instock,no,no,,no,taxable,,,,,,,'-1,'-1,,,"https://fuel1direct.com/wp-content/uploads/2025/10/readylift-49-1630-k.jpg ! alt :  ! title :  ! desc :  ! caption : ",,https://fuel1direct.com/product/6-lift-kit-dodge-ram-2500-4wd-w-sst3000-shocks-2014-2018/,,ReadyLift,simple,,"Trucks: Lifts Kits, Wheel Packages & Customization > Suspension & Lift Kits - Trucks > Shocks & Struts - Truck",ReadyLift,,,,,[4674],"Florida, United States",28.944465,'-82.03363,1,,,,4,,,,,,,,,1,,,,,,,,,,,,4,1,1,4,,,,,0,,,,,,,,,,,,,,,,,,,,,,,,,,,,,,,,,,,,,,,,,,,,,,,,,,,,,,,,,,,,,,,,,,,,,,,,,,,,,
"6"" Lift Kit - Dodge Ram 2500 4WD W/ Bilstein Shocks 2014-2018",6-lift-kit-dodge-ram-2500-4wd-w-bilstein-shocks-2014-2018,,215747,"The 6"" Lift Kit - Dodge Ram 2500 4WD W/ Bilstein Shocks 2014-2018 delivers reliable performance and a bold lifted look for your truck. Built from premium materials for long-lasting durability, it improves clearance and off-road handling. Includes key components for easy installation. Engineered for a precise fit and professional-quality ride whether you’re on the highway or trail. WARNING: This product can expose you to chemicals including Di(2-ethylhexyl)phthalate (DEHP), which is known to the State of California to cause cancer, and birth defects or other reproductive harm. For more information go to www.P65Warnings.ca.gov/product.","6"" Lift Kit - Dodge Ram 2500 4WD W/ Bilstein Shocks 2014-2018 — enhances your truck’s stance, performance, and ride quality. Perfect fit for Lift.",publish,,0,"2025-10-30 21:10:40",52,open," 49-1640-K",,,no,no,,1949.95,,,,,,,instock,no,no,,no,taxable,,,,,,,'-1,'-1,,,"https://fuel1direct.com/wp-content/uploads/2025/10/readylift-49-1640-k.jpg ! alt :  ! title :  ! desc :  ! caption : ",,https://fuel1direct.com/product/6-lift-kit-dodge-ram-2500-4wd-w-bilstein-shocks-2014-2018/,,ReadyLift,simple,,"Trucks: Lifts Kits, Wheel Packages & Customization > Suspension & Lift Kits - Trucks > Shocks & Struts - Truck",ReadyLift,,,,,[4674],"Florida, United States",28.944465,'-82.03363,1,,,,4,,,,,,,,,1,,,,,,,,,,,,5,2,2,5,,,,,0,,,,,,,,,,,,,,,,,,,,,,,,,,,,,,,,,,,,,,,,,,,,,,,,,,,,,,,,,,,,,,,,,,,,,,,,,,,,,
"7"" Lift Kit - GM Silverado / Sierra 1500 - 2014-2016 W/ Forged Steel Suspension With Falcon 1.1 Monotube Shocks",7-lift-kit-gm-silverado-sierra-1500-2014-2016-w-forged-steel-suspension-with-falcon-1-1-monotube-shocks,,215759,"The 7"" Lift Kit - GM Silverado / Sierra 1500 - 2014-2016 W/ Forged Steel Suspension With Falcon 1.1 Monotube Shocks delivers reliable performance and a bold lifted look for your truck. Built from premium materials for long-lasting durability, it improves clearance and off-road handling. Includes key components for easy installation. Engineered for a precise fit and professional-quality ride whether you’re on the highway or trail. WARNING: This product can expose you to chemicals including Di(2-ethylhexyl)phthalate (DEHP), which is known to the State of California to cause cancer, and birth defects or other reproductive harm. For more information go to www.P65Warnings.ca.gov/product.","7"" Lift Kit - GM Silverado / Sierra 1500 - 2014-2016 W/ Forged Steel Suspension With Falcon 1.1 Monotube Shocks — enhances your truck’s stance, performance, and ride quality. Perfect fit for Lift.",publish,,0,"2025-10-30 21:11:39",52,open," 44-34710",,,no,no,,2249.95,,,,,,,instock,no,no,,no,taxable,,,,,,,'-1,'-1,,,"https://fuel1direct.com/wp-content/uploads/2025/10/44-34710_falcon_1.jpg ! alt :  ! title :  ! desc :  ! caption : ",,https://fuel1direct.com/product/7-lift-kit-gm-silverado-sierra-1500-2014-2016-w-forged-steel-suspension-with-falcon-1-1-monotube-shocks/,,ReadyLift,simple,,"Trucks: Lifts Kits, Wheel Packages & Customization > Suspension & Lift Kits - Trucks > Shocks & Struts - Truck",ReadyLift,,,,,[4674],"Florida, United States",28.944465,'-82.03363,1,,,,,,,,,,,,,1,,,,,,,,,,,,1,1,1,1,,,,,0,,,,,,,,,,,,,,,,,,,,,,,,,,,,,,,,,,,,,,,,,,,,,,,,,,,,,,,,,,,,,,,,,,,,,,,,,,,,,
"7"" Lift Kit - GM Silverado / Sierra 1500 - 2014-2016.5 W/ Aluminum Suspension With Falcon 1.1 Monotube Shocks",7-lift-kit-gm-silverado-sierra-1500-2014-2016-5-w-aluminum-suspension-with-falcon-1-1-monotube-shocks,,215761,"The 7"" Lift Kit - GM Silverado / Sierra 1500 - 2014-2016.5 W/ Aluminum Suspension With Falcon 1.1 Monotube Shocks delivers reliable performance and a bold lifted look for your truck. Built from premium materials for long-lasting durability, it improves clearance and off-road handling. Includes key components for easy installation. Engineered for a precise fit and professional-quality ride whether you’re on the highway or trail. WARNING: This product can expose you to chemicals including Di(2-ethylhexyl)phthalate (DEHP), which is known to the State of California to cause cancer, and birth defects or other reproductive harm. For more information go to www.P65Warnings.ca.gov/product.","7"" Lift Kit - GM Silverado / Sierra 1500 - 2014-2016.5 W/ Aluminum Suspension With Falcon 1.1 Monotube Shocks — enhances your truck’s stance, performance, and ride quality. Perfect fit for Lift.",publish,,0,"2025-10-30 21:11:44",52,open," 44-34700",,,no,no,,2249.95,,,,,,,instock,no,no,,no,taxable,,,,,,,'-1,'-1,,,"https://fuel1direct.com/wp-content/uploads/2025/10/44-34700.jpg ! alt :  ! title :  ! desc :  ! caption : ",,https://fuel1direct.com/product/7-lift-kit-gm-silverado-sierra-1500-2014-2016-5-w-aluminum-suspension-with-falcon-1-1-monotube-shocks/,,ReadyLift,simple,,"Trucks: Lifts Kits, Wheel Packages & Customization > Suspension & Lift Kits - Trucks > Shocks & Struts - Truck",ReadyLift,,,,,[4674],"Florida, United States",28.944465,'-82.03363,1,,,,1,,,,,,,,,1,,,,,,,,,,,,1,1,1,1,,,,,0,,,,,,,,,,,,,,,,,,,,,,,,,,,,,,,,,,,,,,,,,,,,,,,,,,,,,,,,,,,,,,,,,,,,,,,,,,,,,
"6"" Lift Kit W/ Falcon 1.1 Shocks - Toyota Tundra 2007-2021",6-lift-kit-w-falcon-1-1-shocks-toyota-tundra-2007-2021,,215764,"The 6"" Lift Kit W/ Falcon 1.1 Shocks - Toyota Tundra 2007-2021 delivers reliable performance and a bold lifted look for your truck. Built from premium materials for long-lasting durability, it improves clearance and off-road handling. Includes key components for easy installation. Engineered for a precise fit and professional-quality ride whether you’re on the highway or trail. WARNING: This product can expose you to chemicals including Di(2-ethylhexyl)phthalate (DEHP), which is known to the State of California to cause cancer, and birth defects or other reproductive harm. For more information go to www.P65Warnings.ca.gov/product.","6"" Lift Kit W/ Falcon 1.1 Shocks - Toyota Tundra 2007-2021 — enhances your truck’s stance, performance, and ride quality. Perfect fit for Lift.",publish,,0,"2025-10-30 21:11:53",52,open," 44-56770",,,no,no,,2299.95,,,,,,,instock,no,no,,no,taxable,,,,,,,'-1,'-1,,,"https://fuel1direct.com/wp-content/uploads/2025/10/44-56770.jpg ! alt :  ! title :  ! desc :  ! caption : ",,https://fuel1direct.com/product/6-lift-kit-w-falcon-1-1-shocks-toyota-tundra-2007-2021/,,ReadyLift,simple,,"Trucks: Lifts Kits, Wheel Packages & Customization > Suspension & Lift Kits - Trucks > Shocks & Struts - Truck",ReadyLift,,,,,[4674],"Florida, United States",28.944465,'-82.03363,1,,,,3,,,,,,,,,1,,,,,,,,,,,,4,1,1,3,,,,,0,,,,,,,,,,,,,,,,,,,,,,,,,,,,,,,,,,,,,,,,,,,,,,,,,,,,,,,,,,,,,,,,,,,,,,,,,,,,,
"6"" Lift Kit - Dodge Ram 2500 4WD W/ Falcon Shocks 2014-2018",6-lift-kit-dodge-ram-2500-4wd-w-falcon-shocks-2014-2018,,215765,"The 6"" Lift Kit - Dodge Ram 2500 4WD W/ Falcon Shocks 2014-2018 delivers reliable performance and a bold lifted look for your truck. Built from premium materials for long-lasting durability, it improves clearance and off-road handling. Engineered for a precise fit and professional-quality ride whether you’re on the highway or trail. WARNING: This product can expose you to chemicals including Di(2-ethylhexyl)phthalate (DEHP), which is known to the State of California to cause cancer, and birth defects or other reproductive harm. For more information go to www.P65Warnings.ca.gov/product.","6"" Lift Kit - Dodge Ram 2500 4WD W/ Falcon Shocks 2014-2018 — enhances your truck’s stance, performance, and ride quality. Perfect fit for Lift.",publish,,0,"2025-10-30 21:11:57",52,open," 49-16400",,,no,no,,2399.95,,,,,,,instock,no,no,,no,taxable,,,,,,,'-1,'-1,,,"https://fuel1direct.com/wp-content/uploads/2025/10/49-16400_1.jpg ! alt :  ! title :  ! desc :  ! caption : ",,https://fuel1direct.com/product/6-lift-kit-dodge-ram-2500-4wd-w-falcon-shocks-2014-2018/,,ReadyLift,simple,,"Trucks: Lifts Kits, Wheel Packages & Customization > Suspension & Lift Kits - Trucks > Shocks & Struts - Truck",ReadyLift,,,,,[4674],"Florida, United States",28.944465,'-82.03363,1,,,,5,,,,,,,,,1,,,,,,,,,,,,6,1,1,3,,,,,0,,,,,,,,,,,,,,,,,,,,,,,,,,,,,,,,,,,,,,,,,,,,,,,,,,,,,,,,,,,,,,,,,,,,,,,,,,,,,
"7-8"" Lift Kit - GM Silverado / Sierra 2500HD/3500HD W/ SST3000 Shocks 2011-2019",7-8-lift-kit-gm-silverado-sierra-2500hd-3500hd-w-sst3000-shocks-2011-2019,,215768,"The 7-8"" Lift Kit - GM Silverado / Sierra 2500HD/3500HD W/ SST3000 Shocks 2011-2019 delivers reliable performance and a bold lifted look for your truck. Built from premium materials for long-lasting durability, it improves clearance and off-road handling. Includes key components for easy installation. Engineered for a precise fit and professional-quality ride whether you’re on the highway or trail. WARNING: This product can expose you to chemicals including Di(2-ethylhexyl)phthalate (DEHP), which is known to the State of California to cause cancer, and birth defects or other reproductive harm. For more information go to www.P65Warnings.ca.gov/product.","7-8"" Lift Kit - GM Silverado / Sierra 2500HD/3500HD W/ SST3000 Shocks 2011-2019 — enhances your truck’s stance, performance, and ride quality. Perfect fit for Lift.",publish,,0,"2025-10-30 21:12:24",52,open," 44-3070",,,no,no,,2549.95,,,,,,,instock,no,no,,no,taxable,,,,,,,'-1,'-1,,,"https://fuel1direct.com/wp-content/uploads/2025/10/44-3070_-_1100-1.jpg ! alt :  ! title :  ! desc :  ! caption : ",,https://fuel1direct.com/product/7-8-lift-kit-gm-silverado-sierra-2500hd-3500hd-w-sst3000-shocks-2011-2019/,,ReadyLift,simple,,"Trucks: Lifts Kits, Wheel Packages & Customization > Suspension & Lift Kits - Trucks > Shocks & Struts - Truck",ReadyLift,,,,,[4674],"Florida, United States",28.944465,'-82.03363,1,,,,3,,,,,,,,,1,,,,,,,,,,,,4,1,2,3,,,,,0,,,,,,,,,,,,,,,,,,,,,,,,,,,,,,,,,,,,,,,,,,,,,,,,,,,,,,,,,,,,,,,,,,,,,,,,,,,,,
"5-6"" Lift Kit - GM Silverado / Sierra 2500HD/3500HD W/ SST3000 Shocks 2011-2019",5-6-lift-kit-gm-silverado-sierra-2500hd-3500hd-w-sst3000-shocks-2011-2019,,215770,"The 5-6"" Lift Kit - GM Silverado / Sierra 2500HD/3500HD W/ SST3000 Shocks 2011-2019 delivers reliable performance and a bold lifted look for your truck. Built from premium materials for long-lasting durability, it improves clearance and off-road handling. Includes key components for easy installation. Engineered for a precise fit and professional-quality ride whether you’re on the highway or trail. WARNING: This product can expose you to chemicals including Di(2-ethylhexyl)phthalate (DEHP), which is known to the State of California to cause cancer, and birth defects or other reproductive harm. For more information go to www.P65Warnings.ca.gov/product.","5-6"" Lift Kit - GM Silverado / Sierra 2500HD/3500HD W/ SST3000 Shocks 2011-2019 — enhances your truck’s stance, performance, and ride quality. Perfect fit for Lift.",publish,,0,"2025-10-30 21:12:29",52,open," 44-3050",,,no,no,,2549.95,,,,,,,instock,no,no,,no,taxable,,,,,,,'-1,'-1,,,"https://fuel1direct.com/wp-content/uploads/2025/10/44-3050_gm_hd_5-6_kit_full_-1100.jpg ! alt :  ! title :  ! desc :  ! caption : ",,https://fuel1direct.com/product/5-6-lift-kit-gm-silverado-sierra-2500hd-3500hd-w-sst3000-shocks-2011-2019/,,ReadyLift,simple,,"Trucks: Lifts Kits, Wheel Packages & Customization > Suspension & Lift Kits - Trucks > Shocks & Struts - Truck",ReadyLift,,,,,[4674],"Florida, United States",28.944465,'-82.03363,1,,,,3,,,,,,,,,1,,,,,,,,,,,,4,1,2,4,,,,,0,,,,,,,,,,,,,,,,,,,,,,,,,,,,,,,,,,,,,,,,,,,,,,,,,,,,,,,,,,,,,,,,,,,,,,,,,,,,,
"9"" Lift Kit - GM Silverado / Sierra 1500 - 2014-2016 W/ Cast Steel Suspension With Falcon 1.1 Monotube Shocks",9-lift-kit-gm-silverado-sierra-1500-2014-2016-w-cast-steel-suspension-with-falcon-1-1-monotube-shocks,,215771,"The 9"" Lift Kit - GM Silverado / Sierra 1500 - 2014-2016 W/ Cast Steel Suspension With Falcon 1.1 Monotube Shocks delivers reliable performance and a bold lifted look for your truck. Built from premium materials for long-lasting durability, it improves clearance and off-road handling. Includes key components for easy installation. Engineered for a precise fit and professional-quality ride whether you’re on the highway or trail. WARNING: This product can expose you to chemicals including Di(2-ethylhexyl)phthalate (DEHP), which is known to the State of California to cause cancer, and birth defects or other reproductive harm. For more information go to www.P65Warnings.ca.gov/product.","9"" Lift Kit - GM Silverado / Sierra 1500 - 2014-2016 W/ Cast Steel Suspension With Falcon 1.1 Monotube Shocks — enhances your truck’s stance, performance, and ride quality. Perfect fit for Lift.",publish,,0,"2025-10-30 21:12:33",52,open," 44-34910",,,no,no,,2649.95,,,,,,,instock,no,no,,no,taxable,,,,,,,'-1,'-1,,,"https://fuel1direct.com/wp-content/uploads/2025/10/44-34910.jpg ! alt :  ! title :  ! desc :  ! caption : ",,https://fuel1direct.com/product/9-lift-kit-gm-silverado-sierra-1500-2014-2016-w-cast-steel-suspension-with-falcon-1-1-monotube-shocks/,,ReadyLift,simple,,"Trucks: Lifts Kits, Wheel Packages & Customization > Suspension & Lift Kits - Trucks > Shocks & Struts - Truck",ReadyLift,,,,,[4674],"Florida, United States",28.944465,'-82.03363,1,,,,3,,,,,,,,,1,,,,,,,,,,,,4,1,2,3,,,,,0,,,,,,,,,,,,,,,,,,,,,,,,,,,,,,,,,,,,,,,,,,,,,,,,,,,,,,,,,,,,,,,,,,,,,,,,,,,,,
"9"" Lift Kit - GM Silverado / Sierra 1500 - 2014-2018 W/ Alum Or Stamped Steel Suspension With Falcon 1.1 Monotube Shocks",9-lift-kit-gm-silverado-sierra-1500-2014-2018-w-alum-or-stamped-steel-suspension-with-falcon-1-1-monotube-shocks,,215772,"The 9"" Lift Kit - GM Silverado / Sierra 1500 - 2014-2018 W/ Alum Or Stamped Steel Suspension With Falcon 1.1 Monotube Shocks delivers reliable performance and a bold lifted look for your truck. Built from premium materials for long-lasting durability, it improves clearance and off-road handling. Includes key components for easy installation. Engineered for a precise fit and professional-quality ride whether you’re on the highway or trail. WARNING: This product can expose you to chemicals including Di(2-ethylhexyl)phthalate (DEHP), which is known to the State of California to cause cancer, and birth defects or other reproductive harm. For more information go to www.P65Warnings.ca.gov/product.","9"" Lift Kit - GM Silverado / Sierra 1500 - 2014-2018 W/ Alum Or Stamped Steel Suspension With Falcon 1.1 Monotube Shocks — enhances your truck’s stance, performance, and ride quality. Perfect fit for Lift.",publish,,0,"2025-10-30 21:12:36",52,open," 44-34900",,,no,no,,2649.95,,,,,,,instock,no,no,,no,taxable,,,,,,,'-1,'-1,,,"https://fuel1direct.com/wp-content/uploads/2025/10/44-34900.jpg ! alt :  ! title :  ! desc :  ! caption : ",,https://fuel1direct.com/product/9-lift-kit-gm-silverado-sierra-1500-2014-2018-w-alum-or-stamped-steel-suspension-with-falcon-1-1-monotube-shocks/,,ReadyLift,simple,,"Trucks: Lifts Kits, Wheel Packages & Customization > Suspension & Lift Kits - Trucks > Shocks & Struts - Truck",ReadyLift,,,,,[4674],"Florida, United States",28.944465,'-82.03363,1,,,,1,,,,,,,,,1,,,,,,,,,,,,3,1,1,1,,,,,0,,,,,,,,,,,,,,,,,,,,,,,,,,,,,,,,,,,,,,,,,,,,,,,,,,,,,,,,,,,,,,,,,,,,,,,,,,,,,
"SST3000 Front Shocks - For 7""-8"" Inch Of Front Lift - GM 2500HD - 3500HD 2011-2019",sst3000-front-shocks-for-7-8-inch-of-front-lift-gm-2500hd-3500hd-2011-2019,,215794,"The SST3000 Front Shocks - For 7""-8"" Inch Of Front Lift - GM 2500HD - 3500HD 2011-2019 delivers reliable performance and a bold lifted look for your truck. Built from premium materials for long-lasting durability, it improves clearance and off-road handling. Engineered for a precise fit and professional-quality ride whether you’re on the highway or trail. WARNING: This product can expose you to chemicals including Di(2-ethylhexyl)phthalate (DEHP), which is known to the State of California to cause cancer, and birth defects or other reproductive harm. For more information go to www.P65Warnings.ca.gov/product.","SST3000 Front Shocks - For 7""-8"" Inch Of Front Lift - GM 2500HD - 3500HD 2011-2019 — enhances your truck’s stance, performance, and ride quality. Perfect fit for Front.",publish,,0,"2025-10-30 21:14:07",52,open," 93-3168F",,,no,no,,79.95,,,,,,,instock,no,no,,no,taxable,,,,,,,'-1,'-1,,,"https://fuel1direct.com/wp-content/uploads/2025/10/readylift-93-2057r_1.jpg ! alt :  ! title :  ! desc :  ! caption : ",,https://fuel1direct.com/product/sst3000-front-shocks-for-7-8-inch-of-front-lift-gm-2500hd-3500hd-2011-2019/,,ReadyLift,simple,,"Trucks: Lifts Kits, Wheel Packages & Customization > Suspension & Lift Kits - Trucks > Shocks & Struts - Truck",ReadyLift,,,,,[4674],"Florida, United States",28.944465,'-82.03363,1,,,,2,,,,,,,,,1,,,,,,,,,,,,2,1,2,2,,,,,0,,,,,,,,,,,,,,,,,,,,,,,,,,,,,,,,,,,,,,,,,,,,,,,,,,,,,,,,,,,,,,,,,,,,,,,,,,,,,
"SST3000 Front Shocks - For 3""-4"" Inch Of Front Lift - GM 2500HD - 3500HD, 2011-2019",sst3000-front-shocks-for-3-4-inch-of-front-lift-gm-2500hd-3500hd-2011-2019,,215795,"The SST3000 Front Shocks - For 3""-4"" Inch Of Front Lift - GM 2500HD - 3500HD, 2011-2019 delivers reliable performance and a bold lifted look for your truck. Built from premium materials for long-lasting durability, it improves clearance and off-road handling. Engineered for a precise fit and professional-quality ride whether you’re on the highway or trail. WARNING: This product can expose you to chemicals including Di(2-ethylhexyl)phthalate (DEHP), which is known to the State of California to cause cancer, and birth defects or other reproductive harm. For more information go to www.P65Warnings.ca.gov/product.","SST3000 Front Shocks - For 3""-4"" Inch Of Front Lift - GM 2500HD - 3500HD, 2011-2019 — enhances your truck’s stance, performance, and ride quality. Perfect fit for Front.",publish,,0,"2025-10-30 21:14:11",52,open," 93-3414F",,,no,no,,79.95,,,,,,,instock,no,no,,no,taxable,,,,,,,'-1,'-1,,,"https://fuel1direct.com/wp-content/uploads/2025/10/readylift-93-2057r_2.jpg ! alt :  ! title :  ! desc :  ! caption : ",,https://fuel1direct.com/product/sst3000-front-shocks-for-3-4-inch-of-front-lift-gm-2500hd-3500hd-2011-2019/,,ReadyLift,simple,,"Trucks: Lifts Kits, Wheel Packages & Customization > Suspension & Lift Kits - Trucks > Shocks & Struts - Truck",ReadyLift,,,,,[4674],"Florida, United States",28.944465,'-82.03363,1,,,,5,,,,,,,,,1,,,,,,,,,,,,5,1,1,2,,,,,0,,,,,,,,,,,,,,,,,,,,,,,,,,,,,,,,,,,,,,,,,,,,,,,,,,,,,,,,,,,,,,,,,,,,,,,,,,,,,
